Order_ID,Order_Date,Customer_Name,Customer_Segment,Country,Region,Product_Category,Product_Name,Quantity,Unit_Price,Discount_Percent,Total_Sales,Shipping_Cost,Profit,Payment_Method,Year,Month,Month_Name,Quarter,Profit_Margin_%,Shipping_%_of_Sales,Order_Month
ORD-11121,2023-01-02,Karen Suzuki,Corporate,United States,North America,Technology,Wireless Bluetooth Headphones,3,99.43,0,298.29,9.31,124.92,Cash on Delivery,2023,1,Jan,Q1,41.87870863924369,3.1211237386436017,2023-01
ORD-11244,2023-01-02,John Johansson,Corporate,Spain,Europe,Technology,Mechanical Gaming Keyboard,4,97.93,20,313.38,14.31,83.62,Cash on Delivery,2023,1,Jan,Q1,26.683259940008934,4.5663411832280305,2023-01
ORD-10325,2023-01-03,Jessica Garcia,Consumer,Mexico,North America,Office Supplies,Binder Clips Assorted 48pc,2,10.74,0,21.48,8.12,3.69,Credit Card,2023,1,Jan,Q1,17.178770949720672,37.802607076350085,2023-01
ORD-10467,2023-01-03,Clara Taylor,Corporate,Italy,Europe,Technology,Webcam HD 1080p,2,61.86,15,105.16,10.79,26.32,PayPal,2023,1,Jan,Q1,25.02852795739825,10.260555344237352,2023-01
ORD-11454,2023-01-05,Felix Thomas,Consumer,Italy,Europe,Furniture,Standing Desk Converter,4,330.67,20,1058.14,11.09,253.44,Credit Card,2023,1,Jan,Q1,23.95146199935736,1.0480654733778139,2023-01
ORD-11746,2023-01-05,Fatima Suzuki,Consumer,Mexico,North America,Furniture,Bookshelf 5-Tier,1,61.93,10,55.74,5.88,12.7,PayPal,2023,1,Jan,Q1,22.784355938284893,10.548977395048437,2023-01
ORD-11162,2023-01-06,Felix Rodriguez,Home Office,United States,North America,Office Supplies,Premium Notebook Set A5,2,15.03,5,28.56,6.59,8.44,PayPal,2023,1,Jan,Q1,29.551820728291318,23.074229691876752,2023-01
ORD-11271,2023-01-06,Ayumi Ferrari,Home Office,Nigeria,Middle East & Africa,Technology,Laptop Stand Adjustable,2,33.91,10,61.04,14.38,9.36,Bank Transfer,2023,1,Jan,Q1,15.334207077326342,23.55832241153342,2023-01
ORD-11702,2023-01-06,Thomas Smith,Consumer,China,Asia Pacific,Furniture,Standing Desk Converter,2,334.11,5,634.81,11.92,221.96,Bank Transfer,2023,1,Jan,Q1,34.96479261511319,1.8777271939635483,2023-01
ORD-10847,2023-01-07,Ali Rodriguez,Consumer,Saudi Arabia,Middle East & Africa,Furniture,Folding Table Portable,1,58.77,5,55.83,12.03,8.54,Credit Card,2023,1,Jan,Q1,15.296435608096004,21.5475550779151,2023-01
ORD-10446,2023-01-08,Raj Martinez,Corporate,Colombia,South America,Clothing & Accessories,Leather Wallet Minimalist,2,38.91,15,66.15,14.25,12.99,Credit Card,2023,1,Jan,Q1,19.63718820861678,21.541950113378682,2023-01
ORD-11499,2023-01-08,Kenji Rossi,Corporate,Spain,Europe,Office Supplies,Paper Clips Box 500pc,3,7.8,10,21.06,12.61,-2.08,Cash on Delivery,2023,1,Jan,Q1,-9.876543209876544,59.876543209876544,2023-01
ORD-10271,2023-01-09,Mary Khan,Corporate,United Kingdom,Europe,Technology,Webcam HD 1080p,1,48.73,10,43.86,8.11,8.95,Credit Card,2023,1,Jan,Q1,20.405836753305973,18.4906520747834,2023-01
ORD-11356,2023-01-12,Maria Tanaka,Consumer,Colombia,South America,Clothing & Accessories,Travel Backpack 30L,1,59.48,0,59.48,11.42,18.32,Credit Card,2023,1,Jan,Q1,30.800268997982517,19.199731002017487,2023-01
ORD-10793,2023-01-13,Zara Brown,Corporate,Italy,Europe,Office Supplies,Tape Dispenser Heavy Duty,1,15.82,0,15.82,9.16,-0.46,PayPal,2023,1,Jan,Q1,-2.9077117572692797,57.901390644753484,2023-01
ORD-11330,2023-01-13,Marco Moreau,Corporate,Japan,Asia Pacific,Clothing & Accessories,Business Casual Blazer,3,51.92,30,109.03,13.39,17.76,PayPal,2023,1,Jan,Q1,16.289094744565716,12.281023571494085,2023-01
ORD-11886,2023-01-13,Christopher Johansson,Consumer,Nigeria,Middle East & Africa,Furniture,Corner L-Shaped Desk,3,358.6,15,914.43,14.74,254.21,Cash on Delivery,2023,1,Jan,Q1,27.79983158907735,1.6119331168050044,2023-01
ORD-10339,2023-01-14,Susan Davis,Home Office,Australia,Asia Pacific,Furniture,Ergonomic Office Chair,2,446.8,5,848.92,13.59,299.17,Cash on Delivery,2023,1,Jan,Q1,35.24124770296377,1.6008575601941288,2023-01
ORD-10402,2023-01-14,Jamal Schmidt,Consumer,Mexico,North America,Furniture,Folding Table Portable,6,96.58,0,579.48,10.22,221.57,Credit Card,2023,1,Jan,Q1,38.236004693863464,1.7636501691171396,2023-01
ORD-10560,2023-01-14,Sarah Davis,Home Office,Italy,Europe,Clothing & Accessories,Wool Blend Scarf,1,27.9,5,26.5,8.93,3.62,PayPal,2023,1,Jan,Q1,13.660377358490566,33.69811320754717,2023-01
ORD-10686,2023-01-15,Clara Smith,Corporate,Colombia,South America,Office Supplies,Whiteboard Markers Set 8,5,9.91,25,37.16,20.73,-5.87,Cash on Delivery,2023,1,Jan,Q1,-15.796555435952639,55.78579117330463,2023-01
ORD-11718,2023-01-15,Robert Khan,Consumer,Colombia,South America,Clothing & Accessories,Wool Blend Scarf,2,47.0,10,84.6,14.83,22.77,Credit Card,2023,1,Jan,Q1,26.914893617021278,17.52955082742317,2023-01
ORD-10736,2023-01-17,Jennifer Russo,Home Office,United States,North America,Technology,Smart LED Desk Lamp,2,32.91,0,65.82,7.55,22.07,PayPal,2023,1,Jan,Q1,33.530841689456096,11.470677605591007,2023-01
ORD-10846,2023-01-17,Yuki Costa,Corporate,UAE,Middle East & Africa,Office Supplies,Sticky Notes Multicolor 6-Pack,2,11.41,5,21.68,15.26,-3.85,Bank Transfer,2023,1,Jan,Q1,-17.75830258302583,70.38745387453874,2023-01
ORD-11128,2023-01-18,Amir Oliveira,Consumer,Mexico,North America,Furniture,Standing Desk Converter,5,333.59,10,1501.15,9.02,491.36,Credit Card,2023,1,Jan,Q1,32.732238617060254,0.6008726642907104,2023-01
ORD-10279,2023-01-20,Ivan Zhang,Consumer,UAE,Middle East & Africa,Office Supplies,Desk Calendar 2025,7,10.6,20,59.36,18.26,7.71,Bank Transfer,2023,1,Jan,Q1,12.988544474393532,30.761455525606472,2023-01
ORD-10344,2023-01-20,Sakura Martinez,Home Office,Australia,Asia Pacific,Furniture,Floating Wall Shelves Set,2,67.38,5,128.02,11.0,36.16,Cash on Delivery,2023,1,Jan,Q1,28.245586627089516,8.592407436338071,2023-01
ORD-10589,2023-01-20,Mary Davis,Consumer,Argentina,South America,Technology,Portable External SSD 1TB,4,121.25,0,485.0,18.53,199.72,PayPal,2023,1,Jan,Q1,41.179381443298965,3.820618556701031,2023-01
ORD-11029,2023-01-20,Karen Rossi,Home Office,Japan,Asia Pacific,Office Supplies,Whiteboard Markers Set 8,4,19.92,0,79.68,16.01,27.81,Cash on Delivery,2023,1,Jan,Q1,34.90210843373494,20.092871485943775,2023-01
ORD-11026,2023-01-22,Chen Singh,Consumer,China,Asia Pacific,Technology,Smart LED Desk Lamp,3,34.98,5,99.69,14.67,27.3,Credit Card,2023,1,Jan,Q1,27.384893168823353,14.715618417092987,2023-01
ORD-10968,2023-01-23,Wei Müller,Consumer,Canada,North America,Furniture,Floating Wall Shelves Set,4,37.18,5,141.28,12.28,39.77,Credit Card,2023,1,Jan,Q1,28.14977349943375,8.691959229898075,2023-01
ORD-11723,2023-01-23,Raj Costa,Consumer,United Kingdom,Europe,Office Supplies,Stapler Full-Size,1,8.54,15,7.26,7.97,-4.55,Credit Card,2023,1,Jan,Q1,-62.67217630853994,109.77961432506886,2023-01
ORD-10408,2023-01-24,Hanna Sato,Consumer,Germany,Europe,Office Supplies,Paper Clips Box 500pc,2,8.53,5,16.21,9.3,-0.77,Credit Card,2023,1,Jan,Q1,-4.750154225786551,57.37199259716225,2023-01
ORD-11828,2023-01-24,Sarah Zhang,Home Office,South Africa,Middle East & Africa,Clothing & Accessories,Canvas Messenger Bag,4,57.87,20,185.18,13.88,55.56,PayPal,2023,1,Jan,Q1,30.00324009072254,7.495409871476401,2023-01
ORD-11035,2023-01-25,Linda Russo,Corporate,Italy,Europe,Office Supplies,Whiteboard Markers Set 8,8,15.41,10,110.95,21.9,33.57,PayPal,2023,1,Jan,Q1,30.25687246507436,19.73862100045065,2023-01
ORD-10599,2023-01-26,Chen Laurent,Consumer,United States,North America,Technology,Mechanical Gaming Keyboard,1,167.57,5,159.19,6.21,60.82,PayPal,2023,1,Jan,Q1,38.2059174571267,3.900998806457692,2023-01
ORD-10780,2023-01-27,David Anderson,Consumer,Saudi Arabia,Middle East & Africa,Furniture,Ergonomic Office Chair,2,212.13,0,424.26,14.72,154.98,Cash on Delivery,2023,1,Jan,Q1,36.529486635553674,3.4695705463630793,2023-01
ORD-10636,2023-01-28,Ayumi Tanaka,Corporate,South Korea,Asia Pacific,Office Supplies,Ballpoint Pen Pack 12,5,9.02,15,38.33,17.7,0.34,Credit Card,2023,1,Jan,Q1,0.8870336551004436,46.177928515523085,2023-01
ORD-10694,2023-01-28,Susan Johansson,Consumer,Mexico,North America,Technology,Webcam HD 1080p,3,55.78,0,167.34,9.38,65.92,Credit Card,2023,1,Jan,Q1,39.39285287438747,5.6053543683518585,2023-01
ORD-10711,2023-01-28,Mary Ferrari,Consumer,United Kingdom,Europe,Office Supplies,Premium Notebook Set A5,5,10.25,0,51.25,18.89,9.3,PayPal,2023,1,Jan,Q1,18.146341463414636,36.858536585365854,2023-01
ORD-10383,2023-01-29,Michael Harris,Home Office,Argentina,South America,Clothing & Accessories,Canvas Messenger Bag,1,54.25,0,54.25,11.58,15.54,Credit Card,2023,1,Jan,Q1,28.64516129032258,21.34562211981567,2023-01
ORD-10435,2023-01-30,Priya Martin,Consumer,Canada,North America,Office Supplies,Stapler Full-Size,4,16.61,5,63.12,8.4,24.82,Bank Transfer,2023,1,Jan,Q1,39.32192648922687,13.307984790874524,2023-01
ORD-10017,2023-01-31,Kenji Nilsson,Home Office,Japan,Asia Pacific,Clothing & Accessories,Silk Tie Collection,3,18.32,0,54.96,12.91,14.57,Credit Card,2023,1,Jan,Q1,26.51018922852984,23.48981077147016,2023-01
ORD-11220,2023-01-31,Amir Hassan,Consumer,United States,North America,Clothing & Accessories,Cotton Formal Shirt,4,53.6,0,214.4,8.52,98.68,PayPal,2023,1,Jan,Q1,46.026119402985074,3.973880597014925,2023-01
ORD-11237,2023-01-31,Ahmed Garcia,Home Office,India,Asia Pacific,Furniture,Corner L-Shaped Desk,4,429.23,5,1631.07,12.2,588.72,Credit Card,2023,1,Jan,Q1,36.094097739520684,0.7479752555071211,2023-01
ORD-11655,2023-01-31,Li Wang,Corporate,Brazil,South America,Technology,USB-C Hub Multiport Adapter,2,28.99,10,52.18,12.7,7.59,Credit Card,2023,1,Jan,Q1,14.545802989651207,24.338827136834034,2023-01
ORD-11858,2023-01-31,Ava Martinez,Corporate,Nigeria,Middle East & Africa,Office Supplies,Binder Clips Assorted 48pc,3,8.65,5,24.65,17.04,-4.07,Credit Card,2023,1,Jan,Q1,-16.511156186612578,69.12778904665315,2023-01
ORD-10787,2023-02-01,Ahmed Clark,Consumer,Canada,North America,Technology,Tablet Stand Holder,3,19.94,0,59.82,8.61,18.31,Bank Transfer,2023,2,Feb,Q1,30.60849214309595,14.393179538615847,2023-02
ORD-10950,2023-02-02,William Sharma,Corporate,Italy,Europe,Technology,Webcam HD 1080p,6,32.72,5,186.5,10.11,68.41,PayPal,2023,2,Feb,Q1,36.68096514745308,5.420911528150134,2023-02
ORD-10374,2023-02-03,Felix Smith,Corporate,Colombia,South America,Clothing & Accessories,Canvas Messenger Bag,12,25.43,5,289.9,23.56,113.76,Bank Transfer,2023,2,Feb,Q1,39.24111762676786,8.126940324249741,2023-02
ORD-10745,2023-02-03,Yuki Kumar,Corporate,Canada,North America,Furniture,Standing Desk Converter,4,274.83,10,989.39,10.28,319.52,Credit Card,2023,2,Feb,Q1,32.29464619614105,1.0390240451187094,2023-02
ORD-11670,2023-02-03,Jamal Rossi,Corporate,South Korea,Asia Pacific,Furniture,Floating Wall Shelves Set,1,60.16,15,51.14,10.85,4.19,Bank Transfer,2023,2,Feb,Q1,8.193195150567071,21.21626906531091,2023-02
ORD-11158,2023-02-04,Maria Sharma,Home Office,Japan,Asia Pacific,Office Supplies,Desk Calendar 2025,10,8.37,15,71.14,24.19,9.29,Cash on Delivery,2023,2,Feb,Q1,13.058757379814448,34.00337362946303,2023-02
ORD-11430,2023-02-04,Karen Martinez,Home Office,Colombia,South America,Office Supplies,Paper Clips Box 500pc,1,4.78,10,4.3,11.84,-9.69,Bank Transfer,2023,2,Feb,Q1,-225.34883720930233,275.34883720930236,2023-02
ORD-11760,2023-02-04,Sakura Thomas,Corporate,Argentina,South America,Technology,Webcam HD 1080p,7,79.23,15,471.42,19.84,146.54,Cash on Delivery,2023,2,Feb,Q1,31.08480760256247,4.208561367782444,2023-02
ORD-10720,2023-02-05,Hans Chen,Consumer,Germany,Europe,Furniture,Bookshelf 5-Tier,1,188.93,5,179.48,9.2,56.92,Cash on Delivery,2023,2,Feb,Q1,31.713839982170715,5.125919322487185,2023-02
ORD-11218,2023-02-05,Lucas Sharma,Consumer,Brazil,South America,Clothing & Accessories,Business Casual Blazer,10,138.7,15,1178.95,17.36,468.09,Credit Card,2023,2,Feb,Q1,39.70397387505831,1.4724967131769793,2023-02
ORD-10384,2023-02-07,Giulia Leroy,Consumer,China,Asia Pacific,Clothing & Accessories,Sports Water Bottle 750ml,1,8.96,0,8.96,11.08,-6.6,PayPal,2023,2,Feb,Q1,-73.66071428571428,123.66071428571428,2023-02
ORD-11503,2023-02-07,Felix Yamamoto,Consumer,Japan,Asia Pacific,Technology,Noise Cancelling Earbuds,2,173.37,0,346.74,10.89,145.14,PayPal,2023,2,Feb,Q1,41.85845301955355,3.140681778854473,2023-02
ORD-11711,2023-02-07,Layla Khan,Home Office,Canada,North America,Technology,Noise Cancelling Earbuds,1,63.94,10,57.55,6.86,15.52,PayPal,2023,2,Feb,Q1,26.96785403996525,11.920069504778455,2023-02
ORD-10098,2023-02-08,Ava Jones,Consumer,Australia,Asia Pacific,Technology,Webcam HD 1080p,3,64.55,10,174.28,13.01,54.76,Credit Card,2023,2,Feb,Q1,31.42070231810879,7.464998852421391,2023-02
ORD-10314,2023-02-08,Sakura Martin,Corporate,Japan,Asia Pacific,Office Supplies,Stapler Full-Size,5,14.53,5,69.02,11.87,24.46,Credit Card,2023,2,Feb,Q1,35.439003187481894,17.19791364821791,2023-02
ORD-10322,2023-02-08,Maria Laurent,Home Office,South Korea,Asia Pacific,Office Supplies,Paper Clips Box 500pc,1,9.63,10,8.67,10.44,-6.1,PayPal,2023,2,Feb,Q1,-70.35755478662053,120.41522491349481,2023-02
ORD-11507,2023-02-09,Zara Suzuki,Consumer,Canada,North America,Furniture,Bookshelf 5-Tier,4,118.02,0,472.08,7.9,180.93,Bank Transfer,2023,2,Feb,Q1,38.32613116420946,1.6734451787832572,2023-02
ORD-11683,2023-02-09,Zara Costa,Consumer,United Kingdom,Europe,Furniture,Folding Table Portable,9,126.93,0,1142.37,23.14,433.81,PayPal,2023,2,Feb,Q1,37.97456165690626,2.025613417719303,2023-02
ORD-10642,2023-02-10,Olga Kim,Consumer,Argentina,South America,Furniture,Standing Desk Converter,8,289.71,10,2085.91,16.44,678.86,Bank Transfer,2023,2,Feb,Q1,32.54502830898745,0.7881452219894437,2023-02
ORD-11011,2023-02-10,Hans Kim,Corporate,Japan,Asia Pacific,Clothing & Accessories,Travel Backpack 30L,2,81.58,15,138.69,11.8,45.31,Bank Transfer,2023,2,Feb,Q1,32.66998341625207,8.50818371908573,2023-02
ORD-11270,2023-02-10,Isabella White,Consumer,Germany,Europe,Technology,Portable External SSD 1TB,9,111.98,5,957.43,24.38,378.75,Credit Card,2023,2,Feb,Q1,39.55902781404385,2.5464002590267696,2023-02
ORD-11659,2023-02-10,Emma Oliveira,Consumer,Italy,Europe,Clothing & Accessories,Leather Wallet Minimalist,3,45.99,0,137.97,12.68,56.3,Credit Card,2023,2,Feb,Q1,40.80597231282162,9.190403710951657,2023-02
ORD-10256,2023-02-11,Michael Zhang,Consumer,Canada,North America,Office Supplies,Paper Clips Box 500pc,3,4.96,10,13.39,7.09,-0.4,Cash on Delivery,2023,2,Feb,Q1,-2.9873039581777445,52.94996265870052,2023-02
ORD-10527,2023-02-12,Hanna Ahmed,Consumer,Saudi Arabia,Middle East & Africa,Clothing & Accessories,Travel Backpack 30L,8,80.13,25,480.78,18.17,142.09,Bank Transfer,2023,2,Feb,Q1,29.554057989101047,3.77927534423229,2023-02
ORD-11082,2023-02-12,Patricia Müller,Consumer,Australia,Asia Pacific,Clothing & Accessories,Wool Blend Scarf,1,43.57,5,41.39,10.06,9.54,PayPal,2023,2,Feb,Q1,23.04904566320367,24.305387774824837,2023-02
ORD-10473,2023-02-15,Kenji Zhang,Corporate,United States,North America,Technology,Noise Cancelling Earbuds,2,143.15,5,271.99,8.58,105.94,Credit Card,2023,2,Feb,Q1,38.94996139563954,3.1545277399904403,2023-02
ORD-11304,2023-02-15,Ayumi Martinez,Home Office,Canada,North America,Furniture,Folding Table Portable,8,126.81,10,913.03,22.05,282.29,Cash on Delivery,2023,2,Feb,Q1,30.917932598052637,2.41503565052627,2023-02
ORD-11560,2023-02-16,Ayumi Nilsson,Home Office,Nigeria,Middle East & Africa,Technology,Webcam HD 1080p,1,48.95,0,48.95,12.32,9.71,PayPal,2023,2,Feb,Q1,19.83656792645557,25.168539325842698,2023-02
ORD-11196,2023-02-17,Mia Ali,Corporate,United States,North America,Furniture,Monitor Riser Wood,2,47.62,5,90.48,8.3,25.04,Bank Transfer,2023,2,Feb,Q1,27.67462422634836,9.173297966401416,2023-02
ORD-11355,2023-02-17,Lucas Schmidt,Home Office,Australia,Asia Pacific,Technology,Wireless Bluetooth Headphones,1,238.37,15,202.61,11.03,60.48,Credit Card,2023,2,Feb,Q1,29.850451606534715,5.443956369379595,2023-02
ORD-11569,2023-02-17,Barbara Davis,Consumer,United Kingdom,Europe,Clothing & Accessories,Cotton Formal Shirt,5,39.22,10,176.49,17.7,60.74,Credit Card,2023,2,Feb,Q1,34.415547623094795,10.028896821349651,2023-02
ORD-10916,2023-02-18,Jessica Wang,Corporate,South Korea,Asia Pacific,Clothing & Accessories,Business Casual Blazer,2,72.23,20,115.57,13.08,30.26,Credit Card,2023,2,Feb,Q1,26.1832655533443,11.317816042225491,2023-02
ORD-10837,2023-02-19,Jamal Zhang,Consumer,Nigeria,Middle East & Africa,Clothing & Accessories,Leather Belt Classic,3,35.6,5,101.46,15.03,33.03,Credit Card,2023,2,Feb,Q1,32.55470136014193,14.813719692489652,2023-02
ORD-10855,2023-02-19,Felix Johansson,Consumer,Canada,North America,Office Supplies,Sticky Notes Multicolor 6-Pack,5,4.37,15,18.57,11.28,-2.54,PayPal,2023,2,Feb,Q1,-13.677975228863758,60.74313408723747,2023-02
ORD-11065,2023-02-19,Priya Wang,Consumer,France,Europe,Clothing & Accessories,Silk Tie Collection,2,20.92,0,41.84,10.6,10.32,Cash on Delivery,2023,2,Feb,Q1,24.665391969407263,25.334608030592733,2023-02
ORD-11922,2023-02-20,Sophie Park,Consumer,Mexico,North America,Clothing & Accessories,Leather Belt Classic,4,54.4,5,206.72,7.53,90.39,Cash on Delivery,2023,2,Feb,Q1,43.72581269349845,3.6426083591331273,2023-02
ORD-10594,2023-02-21,Ayumi Khan,Consumer,United States,North America,Technology,Smart LED Desk Lamp,8,72.89,0,583.12,14.27,248.13,Credit Card,2023,2,Feb,Q1,42.552133351625734,2.4471806832212923,2023-02
ORD-11419,2023-02-21,Michael Davis,Consumer,China,Asia Pacific,Furniture,Desk Organizer Set,6,54.39,0,326.34,17.34,113.2,PayPal,2023,2,Feb,Q1,34.687748973463265,5.313476742048171,2023-02
ORD-11624,2023-02-21,Felix Thompson,Consumer,Canada,North America,Furniture,Ergonomic Office Chair,6,472.56,0,2835.36,19.09,1115.05,PayPal,2023,2,Feb,Q1,39.32657581400598,0.6732831104339484,2023-02
ORD-11855,2023-02-21,Hans Johnson,Consumer,Australia,Asia Pacific,Technology,Noise Cancelling Earbuds,1,133.63,0,133.63,9.94,50.19,PayPal,2023,2,Feb,Q1,37.55893137768465,7.438449449973808,2023-02
ORD-10843,2023-02-22,Jennifer Moreau,Corporate,Canada,North America,Technology,Tablet Stand Holder,2,32.06,0,64.12,7.82,21.03,Cash on Delivery,2023,2,Feb,Q1,32.79787897691828,12.195882719900187,2023-02
ORD-11306,2023-02-22,Mia Müller,Home Office,United Kingdom,Europe,Technology,Wireless Ergonomic Mouse,4,36.01,15,122.43,10.44,32.77,Credit Card,2023,2,Feb,Q1,26.76631544556073,8.527321734868904,2023-02
ORD-10392,2023-02-23,Priya Martinez,Corporate,United States,North America,Office Supplies,Paper Clips Box 500pc,4,7.24,10,26.06,8.85,4.18,Credit Card,2023,2,Feb,Q1,16.039907904834998,33.96009209516501,2023-02
ORD-11302,2023-02-23,Fatima Suzuki,Home Office,Brazil,South America,Technology,Wireless Ergonomic Mouse,3,60.99,0,182.97,12.03,70.31,Credit Card,2023,2,Feb,Q1,38.42706454610045,6.574848335792753,2023-02
ORD-11205,2023-02-24,Zara White,Consumer,France,Europe,Office Supplies,Binder Clips Assorted 48pc,6,7.14,0,42.84,12.59,10.97,PayPal,2023,2,Feb,Q1,25.60690943043884,29.388422035480854,2023-02
ORD-10892,2023-02-25,Felix Moreau,Consumer,Spain,Europe,Office Supplies,Sticky Notes Multicolor 6-Pack,2,8.06,15,13.7,10.44,-3.99,Bank Transfer,2023,2,Feb,Q1,-29.124087591240876,76.2043795620438,2023-02
ORD-11175,2023-02-25,Ethan Hassan,Corporate,China,Asia Pacific,Clothing & Accessories,Travel Backpack 30L,2,31.71,5,60.25,10.63,17.91,Bank Transfer,2023,2,Feb,Q1,29.726141078838175,17.643153526970956,2023-02
ORD-11598,2023-02-26,Ingrid Schmidt,Consumer,Italy,Europe,Furniture,Folding Table Portable,6,82.3,0,493.8,12.43,185.09,PayPal,2023,2,Feb,Q1,37.482786553260425,2.5172134467395706,2023-02
ORD-10113,2023-02-27,Mia Harris,Consumer,United States,North America,Technology,Webcam HD 1080p,1,77.48,0,77.48,7.16,27.71,PayPal,2023,2,Feb,Q1,35.764068146618484,9.241094475993805,2023-02
ORD-10646,2023-02-27,Sophie Harris,Consumer,Argentina,South America,Office Supplies,Paper Clips Box 500pc,9,7.24,0,65.16,18.95,16.89,PayPal,2023,2,Feb,Q1,25.92081031307551,29.082259054634747,2023-02
ORD-11378,2023-02-27,Michael Hassan,Corporate,India,Asia Pacific,Office Supplies,Ballpoint Pen Pack 12,12,5.63,5,64.18,31.26,2.52,Credit Card,2023,2,Feb,Q1,3.9264568401371136,48.70676223122467,2023-02
ORD-11900,2023-02-27,Oscar Jones,Consumer,Canada,North America,Clothing & Accessories,Silk Tie Collection,2,26.25,10,47.25,6.27,14.73,Credit Card,2023,2,Feb,Q1,31.174603174603178,13.269841269841267,2023-02
ORD-11523,2023-03-01,Giulia Ali,Consumer,South Korea,Asia Pacific,Technology,Noise Cancelling Earbuds,2,135.29,0,270.58,10.07,111.69,Cash on Delivery,2023,3,Mar,Q1,41.27799541725183,3.7216350062828,2023-03
ORD-10233,2023-03-02,Fatima Rossi,Consumer,Australia,Asia Pacific,Furniture,Desk Organizer Set,1,24.66,0,24.66,11.27,-1.41,Credit Card,2023,3,Mar,Q1,-5.7177615571776155,45.70154095701541,2023-03
ORD-10605,2023-03-02,Yuki Patel,Corporate,Japan,Asia Pacific,Technology,Mechanical Gaming Keyboard,4,165.1,5,627.38,15.44,248.72,Credit Card,2023,3,Mar,Q1,39.64423475405655,2.4610284038381844,2023-03
ORD-10907,2023-03-02,Mia Clark,Consumer,Italy,Europe,Office Supplies,Stapler Full-Size,2,11.57,25,17.36,8.09,-1.14,Cash on Delivery,2023,3,Mar,Q1,-6.566820276497695,46.60138248847927,2023-03
ORD-11202,2023-03-02,Mary Smith,Home Office,United States,North America,Furniture,Mesh Back Task Chair,1,113.52,10,102.17,7.35,26.71,Credit Card,2023,3,Mar,Q1,26.14270333757463,7.193892532054419,2023-03
ORD-11294,2023-03-02,Ayumi Suzuki,Corporate,Australia,Asia Pacific,Office Supplies,Whiteboard Markers Set 8,4,9.18,20,29.38,12.6,0.26,PayPal,2023,3,Mar,Q1,0.8849557522123894,42.886317222600404,2023-03
ORD-11673,2023-03-02,Elizabeth Moreau,Home Office,Australia,Asia Pacific,Technology,Wireless Bluetooth Headphones,2,201.32,0,402.64,13.72,167.47,PayPal,2023,3,Mar,Q1,41.59298629048281,3.4075104311543813,2023-03
ORD-11217,2023-03-04,Jamal Martinez,Consumer,Canada,North America,Technology,Mechanical Gaming Keyboard,9,90.24,10,730.94,18.86,265.39,Credit Card,2023,3,Mar,Q1,36.30804169972911,2.580239144115796,2023-03
ORD-10246,2023-03-05,Barbara Ali,Corporate,Australia,Asia Pacific,Office Supplies,Stapler Full-Size,1,18.57,0,18.57,9.91,0.3,Credit Card,2023,3,Mar,Q1,1.615508885298869,53.36564351103931,2023-03
ORD-11135,2023-03-06,Lucas Anderson,Consumer,United Kingdom,Europe,Clothing & Accessories,Polarized Sunglasses,3,29.57,10,79.84,10.88,24.6,Bank Transfer,2023,3,Mar,Q1,30.811623246492985,13.627254509018035,2023-03
ORD-10620,2023-03-07,Omar Garcia,Consumer,China,Asia Pacific,Office Supplies,Premium Notebook Set A5,1,11.17,20,8.94,10.07,-6.16,Credit Card,2023,3,Mar,Q1,-68.90380313199105,112.63982102908278,2023-03
ORD-11279,2023-03-07,Clara Miller,Consumer,United States,North America,Office Supplies,Tape Dispenser Heavy Duty,8,20.92,0,167.36,18.97,73.08,Bank Transfer,2023,3,Mar,Q1,43.66634799235181,11.33484703632887,2023-03
ORD-10124,2023-03-08,David Harris,Corporate,Italy,Europe,Office Supplies,Whiteboard Markers Set 8,5,11.95,10,53.77,14.79,12.09,Credit Card,2023,3,Mar,Q1,22.48465687186163,27.50604426259996,2023-03
ORD-10242,2023-03-08,James Chen,Home Office,Spain,Europe,Furniture,Folding Table Portable,3,59.88,20,143.71,9.34,26.59,Bank Transfer,2023,3,Mar,Q1,18.502539837172083,6.499199777329344,2023-03
ORD-10915,2023-03-08,Ahmed Harris,Consumer,Brazil,South America,Furniture,Floating Wall Shelves Set,6,99.69,0,598.14,18.01,221.25,Credit Card,2023,3,Mar,Q1,36.9896679707092,3.011000769050724,2023-03
ORD-11632,2023-03-08,Elizabeth Ahmed,Corporate,Brazil,South America,Furniture,Ergonomic Office Chair,1,354.67,5,336.94,12.41,111.73,Credit Card,2023,3,Mar,Q1,33.16020656496706,3.6831483350151366,2023-03
ORD-11184,2023-03-09,Fatima Kumar,Consumer,UAE,Middle East & Africa,Office Supplies,Premium Notebook Set A5,4,22.67,0,90.68,14.32,35.55,Bank Transfer,2023,3,Mar,Q1,39.20379355977062,15.791795324217025,2023-03
ORD-10874,2023-03-10,Mia Martin,Corporate,Canada,North America,Office Supplies,Binder Clips Assorted 48pc,4,5.48,5,20.82,12.0,-1.04,Cash on Delivery,2023,3,Mar,Q1,-4.995196926032661,57.636887608069166,2023-03
ORD-11668,2023-03-10,Robert Robinson,Home Office,Italy,Europe,Technology,Mechanical Gaming Keyboard,8,107.75,10,775.8,14.93,286.77,Credit Card,2023,3,Mar,Q1,36.964423820572314,1.9244650683165765,2023-03
ORD-11260,2023-03-11,Liam Jones,Consumer,Italy,Europe,Office Supplies,Binder Clips Assorted 48pc,1,11.11,0,11.11,8.11,-2.0,Cash on Delivery,2023,3,Mar,Q1,-18.001800180018,72.997299729973,2023-03
ORD-10953,2023-03-12,Emma Johnson,Corporate,Italy,Europe,Technology,Smart LED Desk Lamp,2,27.32,10,49.18,10.1,9.03,Credit Card,2023,3,Mar,Q1,18.361122407482718,20.536803578690524,2023-03
ORD-10521,2023-03-13,Mia Santos,Consumer,South Korea,Asia Pacific,Office Supplies,Premium Notebook Set A5,5,19.74,0,98.7,17.03,37.26,Credit Card,2023,3,Mar,Q1,37.75075987841945,17.25430597771023,2023-03
ORD-11545,2023-03-13,Susan Kim,Consumer,South Africa,Middle East & Africa,Clothing & Accessories,Travel Backpack 30L,3,70.31,0,210.93,15.46,90.0,PayPal,2023,3,Mar,Q1,42.66818375764472,7.329445787702081,2023-03
ORD-10070,2023-03-15,Amir Khan,Corporate,Nigeria,Middle East & Africa,Technology,Portable External SSD 1TB,5,149.77,10,673.97,14.48,247.62,PayPal,2023,3,Mar,Q1,36.74050773773313,2.1484635814650503,2023-03
ORD-11006,2023-03-15,Barbara Leroy,Home Office,Mexico,North America,Technology,Mechanical Gaming Keyboard,2,54.94,0,109.88,8.77,40.68,Credit Card,2023,3,Mar,Q1,37.02220604295595,7.98143429195486,2023-03
ORD-10744,2023-03-16,Thomas Patel,Consumer,Brazil,South America,Clothing & Accessories,Polarized Sunglasses,5,61.18,10,275.31,14.66,107.7,Credit Card,2023,3,Mar,Q1,39.11953797537321,5.324906469071228,2023-03
ORD-10861,2023-03-16,Isabella Martin,Consumer,China,Asia Pacific,Office Supplies,Binder Clips Assorted 48pc,2,14.59,0,29.18,12.25,3.8,PayPal,2023,3,Mar,Q1,13.022618231665522,41.98080877313228,2023-03
ORD-10676,2023-03-17,Wei Chen,Consumer,Saudi Arabia,Middle East & Africa,Technology,Mechanical Gaming Keyboard,3,174.46,0,523.38,14.65,220.87,Credit Card,2023,3,Mar,Q1,42.200695479384,2.7991134548511596,2023-03
ORD-11064,2023-03-18,Karen Jackson,Consumer,Japan,Asia Pacific,Clothing & Accessories,Polarized Sunglasses,1,28.85,15,24.52,10.81,-0.72,Cash on Delivery,2023,3,Mar,Q1,-2.936378466557912,44.08646003262643,2023-03
ORD-11786,2023-03-18,Felix Santos,Home Office,United Kingdom,Europe,Furniture,Corner L-Shaped Desk,3,323.91,15,825.97,9.35,233.58,PayPal,2023,3,Mar,Q1,28.279477462861845,1.132002372967541,2023-03
ORD-10637,2023-03-19,Mia Weber,Consumer,United States,North America,Office Supplies,Highlighters Neon Pack 6,2,11.39,0,22.78,8.57,3.96,Bank Transfer,2023,3,Mar,Q1,17.38366988586479,37.62071992976295,2023-03
ORD-10863,2023-03-21,Jessica Anderson,Consumer,UAE,Middle East & Africa,Furniture,Floating Wall Shelves Set,5,64.1,5,304.47,17.49,94.68,Credit Card,2023,3,Mar,Q1,31.096659769435416,5.744408316090254,2023-03
ORD-11917,2023-03-22,Fatima Li,Consumer,United States,North America,Office Supplies,Desk Calendar 2025,2,6.29,0,12.58,7.22,-0.3,Bank Transfer,2023,3,Mar,Q1,-2.3847376788553256,57.39268680445151,2023-03
ORD-10020,2023-03-23,Pierre Yamamoto,Consumer,Saudi Arabia,Middle East & Africa,Furniture,Folding Table Portable,2,90.87,0,181.74,14.68,58.02,Credit Card,2023,3,Mar,Q1,31.92472763288214,8.077473313524814,2023-03
ORD-11090,2023-03-23,Hanna Jones,Corporate,China,Asia Pacific,Furniture,Corner L-Shaped Desk,12,334.56,5,3813.98,35.07,1370.08,PayPal,2023,3,Mar,Q1,35.92257956255669,0.9195119009538592,2023-03
ORD-11712,2023-03-23,Felix Park,Consumer,Colombia,South America,Furniture,Floating Wall Shelves Set,4,68.83,0,275.32,19.78,90.35,Bank Transfer,2023,3,Mar,Q1,32.81635914572134,7.184367281708558,2023-03
ORD-10887,2023-03-24,Mia Ferrari,Consumer,India,Asia Pacific,Clothing & Accessories,Sports Water Bottle 750ml,2,10.37,0,20.74,12.31,-1.94,PayPal,2023,3,Mar,Q1,-9.35390549662488,59.35390549662488,2023-03
ORD-11156,2023-03-25,Omar Leroy,Corporate,Canada,North America,Clothing & Accessories,Cotton Formal Shirt,2,52.89,0,105.78,6.27,46.62,Cash on Delivery,2023,3,Mar,Q1,44.07260351673284,5.927396483267158,2023-03
ORD-11633,2023-03-25,Carlos Smith,Home Office,United States,North America,Furniture,Desk Organizer Set,11,30.48,0,335.28,29.96,104.15,Credit Card,2023,3,Mar,Q1,31.063588642328803,8.935814841326653,2023-03
ORD-10103,2023-03-26,Barbara Russo,Corporate,Spain,Europe,Clothing & Accessories,Silk Tie Collection,3,24.22,5,69.03,8.87,23.83,Credit Card,2023,3,Mar,Q1,34.52122265681587,12.849485730841662,2023-03
ORD-10132,2023-03-26,Fatima Singh,Corporate,Argentina,South America,Technology,Wireless Bluetooth Headphones,5,239.45,5,1137.39,14.61,464.29,PayPal,2023,3,Mar,Q1,40.82065078820809,1.284519821697043,2023-03
ORD-11007,2023-03-26,Olga Russo,Consumer,Australia,Asia Pacific,Furniture,Filing Cabinet 3-Drawer,4,210.65,0,842.6,11.11,325.93,Credit Card,2023,3,Mar,Q1,38.68146214099217,1.3185378590078327,2023-03
ORD-10395,2023-03-27,Emma Pereira,Consumer,Canada,North America,Clothing & Accessories,Wool Blend Scarf,9,32.74,10,265.19,19.15,98.71,PayPal,2023,3,Mar,Q1,37.22236886760435,7.221237603227874,2023-03
ORD-11318,2023-03-27,Thomas Chen,Consumer,Spain,Europe,Clothing & Accessories,Business Casual Blazer,3,135.29,10,365.28,9.08,153.26,Credit Card,2023,3,Mar,Q1,41.95685501533071,2.4857643451598777,2023-03
ORD-10252,2023-03-29,Carlos Anderson,Home Office,Saudi Arabia,Middle East & Africa,Clothing & Accessories,Polarized Sunglasses,6,30.52,0,183.12,21.14,70.42,Credit Card,2023,3,Mar,Q1,38.45565749235474,11.54434250764526,2023-03
ORD-10450,2023-03-29,Ayumi Johnson,Consumer,Mexico,North America,Technology,Noise Cancelling Earbuds,4,113.34,15,385.36,8.19,127.82,PayPal,2023,3,Mar,Q1,33.16898484533942,2.1252854473738836,2023-03
ORD-11088,2023-03-29,Hans Santos,Consumer,Canada,North America,Office Supplies,Premium Notebook Set A5,5,11.27,5,53.53,12.0,16.17,Bank Transfer,2023,3,Mar,Q1,30.20736035867738,22.417336073229965,2023-03
ORD-11452,2023-03-29,Thomas Oliveira,Corporate,United States,North America,Office Supplies,Paper Clips Box 500pc,1,5.67,15,4.82,5.95,-3.68,Credit Card,2023,3,Mar,Q1,-76.34854771784232,123.44398340248964,2023-03
ORD-11478,2023-03-29,Oscar Taylor,Home Office,China,Asia Pacific,Technology,Portable External SSD 1TB,1,116.12,10,104.51,10.18,30.46,Credit Card,2023,3,Mar,Q1,29.14553631231461,9.740694670366471,2023-03
ORD-11231,2023-03-30,Emma Brown,Consumer,Spain,Europe,Technology,Portable External SSD 1TB,1,85.63,5,81.35,8.86,25.39,Bank Transfer,2023,3,Mar,Q1,31.21081745543946,10.89121081745544,2023-03
ORD-11479,2023-03-31,Susan White,Corporate,Japan,Asia Pacific,Furniture,Filing Cabinet 3-Drawer,1,199.74,20,159.79,9.67,30.28,Cash on Delivery,2023,3,Mar,Q1,18.949871706614935,6.051692846861506,2023-03
ORD-10821,2023-04-01,Nadia Weber,Consumer,Italy,Europe,Technology,Smart LED Desk Lamp,2,34.22,0,68.44,9.22,21.58,PayPal,2023,4,Apr,Q2,31.531268264172997,13.471654003506723,2023-04
ORD-11766,2023-04-01,James Anderson,Corporate,United States,North America,Clothing & Accessories,Cotton Formal Shirt,3,37.69,30,79.15,7.34,15.28,PayPal,2023,4,Apr,Q2,19.30511686670878,9.273531269740998,2023-04
ORD-11000,2023-04-02,Olga Zhang,Corporate,South Africa,Middle East & Africa,Clothing & Accessories,Cotton Formal Shirt,1,42.86,5,40.72,12.14,7.15,Bank Transfer,2023,4,Apr,Q2,17.558939096267192,29.813359528487233,2023-04
ORD-11002,2023-04-02,Nadia Santos,Consumer,Argentina,South America,Technology,Tablet Stand Holder,4,24.85,15,84.49,15.38,14.44,PayPal,2023,4,Apr,Q2,17.090779973961414,18.203337673097412,2023-04
ORD-11631,2023-04-02,Lucas Kim,Consumer,Saudi Arabia,Middle East & Africa,Furniture,Standing Desk Converter,6,241.26,0,1447.56,14.56,564.46,Credit Card,2023,4,Apr,Q2,38.993893171958334,1.0058305009809612,2023-04
ORD-11784,2023-04-02,Hans Laurent,Consumer,South Africa,Middle East & Africa,Furniture,Floating Wall Shelves Set,1,67.62,0,67.62,11.63,15.42,Cash on Delivery,2023,4,Apr,Q2,22.803904170363793,17.199053534457263,2023-04
ORD-10578,2023-04-03,William Nilsson,Corporate,Spain,Europe,Furniture,Ergonomic Office Chair,1,268.98,0,268.98,8.56,99.03,Credit Card,2023,4,Apr,Q2,36.81686370733883,3.182392742954866,2023-04
ORD-10306,2023-04-04,James Sharma,Corporate,Mexico,North America,Office Supplies,Ballpoint Pen Pack 12,3,9.65,5,27.5,10.62,3.85,PayPal,2023,4,Apr,Q2,14.000000000000002,38.61818181818181,2023-04
ORD-10532,2023-04-04,Ava Ferrari,Home Office,Colombia,South America,Technology,Noise Cancelling Earbuds,2,139.15,5,264.38,12.48,98.83,Cash on Delivery,2023,4,Apr,Q2,37.38179892578864,4.7204780997049705,2023-04
ORD-10903,2023-04-04,Priya Zhang,Corporate,Mexico,North America,Office Supplies,Desk Calendar 2025,2,15.49,10,27.88,6.07,7.87,PayPal,2023,4,Apr,Q2,28.228120516499285,21.77187948350072,2023-04
ORD-11253,2023-04-04,Richard Harris,Corporate,France,Europe,Technology,Tablet Stand Holder,6,25.63,15,130.71,17.72,28.41,Credit Card,2023,4,Apr,Q2,21.735138857011705,13.556728635911558,2023-04
ORD-11610,2023-04-04,Richard Ali,Consumer,Mexico,North America,Office Supplies,Stapler Full-Size,1,13.0,5,12.35,5.81,0.69,Bank Transfer,2023,4,Apr,Q2,5.587044534412955,47.044534412955464,2023-04
ORD-10071,2023-04-05,Richard Müller,Consumer,United States,North America,Furniture,Ergonomic Office Chair,2,252.68,0,505.36,8.12,194.02,PayPal,2023,4,Apr,Q2,38.39243311698591,1.6067753680544559,2023-04
ORD-10207,2023-04-05,Diego Johansson,Consumer,Japan,Asia Pacific,Technology,Wireless Ergonomic Mouse,8,20.81,0,166.48,20.3,54.62,Cash on Delivery,2023,4,Apr,Q2,32.808745795290726,12.19365689572321,2023-04
ORD-11995,2023-04-05,Jamal Ferrari,Consumer,India,Asia Pacific,Office Supplies,Binder Clips Assorted 48pc,2,12.65,15,21.5,12.32,-2.21,PayPal,2023,4,Apr,Q2,-10.279069767441861,57.30232558139535,2023-04
ORD-10176,2023-04-06,Li Pereira,Corporate,India,Asia Pacific,Clothing & Accessories,Canvas Messenger Bag,3,83.46,0,250.38,16.07,109.12,Credit Card,2023,4,Apr,Q2,43.581755731288446,6.418244268711559,2023-04
ORD-11066,2023-04-07,Olga Leroy,Home Office,Germany,Europe,Technology,Laptop Stand Adjustable,3,57.89,5,164.99,9.48,59.99,PayPal,2023,4,Apr,Q2,36.35977938056852,5.745802775925814,2023-04
ORD-11988,2023-04-07,Michael Yamamoto,Corporate,Colombia,South America,Technology,Mechanical Gaming Keyboard,1,133.59,0,133.59,12.48,47.64,Credit Card,2023,4,Apr,Q2,35.66135189759713,9.34201661801033,2023-04
ORD-10274,2023-04-09,Michael Ferrari,Home Office,Japan,Asia Pacific,Office Supplies,Binder Clips Assorted 48pc,1,9.89,5,9.4,10.9,-5.95,Credit Card,2023,4,Apr,Q2,-63.297872340425535,115.95744680851064,2023-04
ORD-10840,2023-04-09,Priya Park,Consumer,Canada,North America,Office Supplies,Tape Dispenser Heavy Duty,6,17.86,5,101.8,11.87,41.71,Credit Card,2023,4,Apr,Q2,40.97249508840864,11.660117878192535,2023-04
ORD-11333,2023-04-09,Olga Hassan,Corporate,South Korea,Asia Pacific,Furniture,Desk Organizer Set,4,58.82,10,211.75,13.12,57.46,PayPal,2023,4,Apr,Q2,27.1357733175915,6.195985832349468,2023-04
ORD-11079,2023-04-10,Maria Schmidt,Consumer,South Korea,Asia Pacific,Technology,Laptop Stand Adjustable,3,63.4,20,152.16,12.26,35.29,Credit Card,2023,4,Apr,Q2,23.19269190325973,8.057308096740273,2023-04
ORD-11868,2023-04-10,Maria Martinez,Consumer,Mexico,North America,Technology,Mechanical Gaming Keyboard,1,133.59,10,120.23,6.48,40.28,PayPal,2023,4,Apr,Q2,33.50245363054146,5.389669799550862,2023-04
ORD-11664,2023-04-13,Hans Fischer,Corporate,Canada,North America,Furniture,Mesh Back Task Chair,2,244.78,10,440.6,9.82,137.04,PayPal,2023,4,Apr,Q2,31.10304130730821,2.2287789378120744,2023-04
ORD-11912,2023-04-13,Lucas Chen,Consumer,Australia,Asia Pacific,Office Supplies,Whiteboard Markers Set 8,4,13.89,0,55.56,18.26,12.3,Credit Card,2023,4,Apr,Q2,22.138228941684666,32.86537077033837,2023-04
ORD-11921,2023-04-14,Priya Jones,Consumer,Saudi Arabia,Middle East & Africa,Office Supplies,Sticky Notes Multicolor 6-Pack,2,4.54,0,9.08,13.77,-8.78,PayPal,2023,4,Apr,Q2,-96.69603524229075,151.65198237885463,2023-04
ORD-10551,2023-04-15,Sophie Thomas,Consumer,Nigeria,Middle East & Africa,Furniture,Standing Desk Converter,4,257.6,25,772.8,19.79,134.77,Bank Transfer,2023,4,Apr,Q2,17.43918219461698,2.5608178053830226,2023-04
ORD-10091,2023-04-16,Jessica Sato,Consumer,Australia,Asia Pacific,Clothing & Accessories,Travel Backpack 30L,1,55.0,5,52.25,9.81,14.94,PayPal,2023,4,Apr,Q2,28.593301435406698,18.77511961722488,2023-04
ORD-10434,2023-04-16,Giulia Brown,Corporate,South Korea,Asia Pacific,Office Supplies,Paper Clips Box 500pc,4,8.66,5,32.91,11.66,5.66,PayPal,2023,4,Apr,Q2,17.198419933151023,35.429960498328775,2023-04
ORD-11552,2023-04-16,Li Taylor,Consumer,Mexico,North America,Technology,Portable External SSD 1TB,2,94.43,10,169.97,6.86,59.24,PayPal,2023,4,Apr,Q2,34.853209389892335,4.036006354062482,2023-04
ORD-10330,2023-04-17,Ahmed Miller,Consumer,France,Europe,Technology,Wireless Bluetooth Headphones,6,209.9,5,1196.43,17.2,486.56,Credit Card,2023,4,Apr,Q2,40.66765293414575,1.4376102237489865,2023-04
ORD-10769,2023-04-18,Barbara Thomas,Corporate,UAE,Middle East & Africa,Technology,Wireless Bluetooth Headphones,9,67.71,0,609.39,21.43,252.8,PayPal,2023,4,Apr,Q2,41.48410705787755,3.5166313854838447,2023-04
ORD-10427,2023-04-19,Clara Oliveira,Consumer,Canada,North America,Technology,Noise Cancelling Earbuds,2,171.32,15,291.24,9.46,93.33,Credit Card,2023,4,Apr,Q2,32.045735475896166,3.248180195028156,2023-04
ORD-11810,2023-04-19,Carlos Wang,Corporate,United States,North America,Technology,Wireless Bluetooth Headphones,3,82.93,20,199.03,12.36,49.84,PayPal,2023,4,Apr,Q2,25.04145103753203,6.210119077526001,2023-04
ORD-11212,2023-04-20,Li White,Corporate,Japan,Asia Pacific,Technology,Webcam HD 1080p,4,57.09,15,194.11,11.38,57.13,Credit Card,2023,4,Apr,Q2,29.431765493792177,5.862655195507702,2023-04
ORD-10667,2023-04-21,Felix Miller,Consumer,South Korea,Asia Pacific,Clothing & Accessories,Canvas Messenger Bag,1,54.74,0,54.74,10.89,16.48,Credit Card,2023,4,Apr,Q2,30.105955425648517,19.89404457435148,2023-04
ORD-11292,2023-04-21,Sakura Dubois,Consumer,Germany,Europe,Furniture,Filing Cabinet 3-Drawer,10,136.46,15,1159.91,17.75,323.4,Cash on Delivery,2023,4,Apr,Q2,27.881473562603993,1.5302911432783577,2023-04
ORD-11731,2023-04-21,Barbara Suzuki,Consumer,Canada,North America,Furniture,Corner L-Shaped Desk,2,308.79,0,617.58,7.21,239.82,Credit Card,2023,4,Apr,Q2,38.83221606917322,1.1674600861426858,2023-04
ORD-11224,2023-04-22,Zara Patel,Corporate,South Africa,Middle East & Africa,Furniture,Bookshelf 5-Tier,3,180.81,20,433.94,18.2,90.28,PayPal,2023,4,Apr,Q2,20.80471954648108,4.1941282204913115,2023-04
ORD-10468,2023-04-23,Wei Johansson,Corporate,India,Asia Pacific,Furniture,Desk Organizer Set,1,54.96,10,49.46,10.74,5.74,Credit Card,2023,4,Apr,Q2,11.605337646583097,21.714516781237364,2023-04
ORD-11700,2023-04-24,Sarah Robinson,Home Office,Germany,Europe,Furniture,Filing Cabinet 3-Drawer,1,137.26,10,123.53,8.47,32.7,PayPal,2023,4,Apr,Q2,26.47130251760706,6.8566340160284955,2023-04
ORD-10377,2023-04-25,Omar Williams,Corporate,Japan,Asia Pacific,Clothing & Accessories,Wool Blend Scarf,6,30.66,10,165.56,22.41,51.17,Cash on Delivery,2023,4,Apr,Q2,30.90722396714182,13.535878231456874,2023-04
ORD-11553,2023-04-25,Karen Moreau,Consumer,China,Asia Pacific,Clothing & Accessories,Leather Belt Classic,1,46.16,5,43.85,11.08,9.69,Credit Card,2023,4,Apr,Q2,22.09806157354618,25.26795895096921,2023-04
ORD-11888,2023-04-25,Christopher Park,Consumer,Germany,Europe,Clothing & Accessories,Canvas Messenger Bag,4,45.58,5,173.2,12.2,69.84,Bank Transfer,2023,4,Apr,Q2,40.32332563510393,7.043879907621248,2023-04
ORD-10102,2023-04-26,Kenji Jones,Consumer,India,Asia Pacific,Furniture,Standing Desk Converter,2,177.6,0,355.2,13.33,128.75,Credit Card,2023,4,Apr,Q2,36.24718468468468,3.752815315315315,2023-04
ORD-11008,2023-04-26,Marco Taylor,Consumer,Mexico,North America,Furniture,Bookshelf 5-Tier,3,192.55,0,577.65,10.26,220.8,Credit Card,2023,4,Apr,Q2,38.223837964165156,1.7761620358348482,2023-04
ORD-11204,2023-04-29,Li Yamamoto,Consumer,China,Asia Pacific,Technology,Tablet Stand Holder,1,17.84,5,16.95,11.04,-3.9,Credit Card,2023,4,Apr,Q2,-23.008849557522122,65.13274336283186,2023-04
ORD-10826,2023-04-30,Ava Fischer,Corporate,Australia,Asia Pacific,Office Supplies,Ballpoint Pen Pack 12,4,8.59,5,32.64,11.51,5.67,Credit Card,2023,4,Apr,Q2,17.371323529411764,35.26348039215686,2023-04
ORD-11363,2023-05-01,Mia Smith,Consumer,Canada,North America,Technology,Tablet Stand Holder,1,29.87,0,29.87,6.43,7.01,Bank Transfer,2023,5,May,Q2,23.468362905925677,21.52661533311014,2023-05
ORD-10202,2023-05-02,Ivan Anderson,Corporate,China,Asia Pacific,Office Supplies,Tape Dispenser Heavy Duty,3,12.78,5,36.42,14.72,4.45,Credit Card,2023,5,May,Q2,12.218561230093355,40.417353102690825,2023-05
ORD-10462,2023-05-03,Raj Thomas,Consumer,Mexico,North America,Technology,Laptop Stand Adjustable,3,71.84,0,215.52,8.56,88.42,Cash on Delivery,2023,5,May,Q2,41.026354862657755,3.9717891610987377,2023-05
ORD-11586,2023-05-04,Jamal Schmidt,Home Office,South Korea,Asia Pacific,Office Supplies,Whiteboard Markers Set 8,2,6.24,20,9.98,13.23,-8.87,Credit Card,2023,5,May,Q2,-88.87775551102203,132.56513026052104,2023-05
ORD-10703,2023-05-05,Priya Chen,Home Office,Mexico,North America,Office Supplies,Sticky Notes Multicolor 6-Pack,2,12.15,10,21.87,9.48,1.46,Cash on Delivery,2023,5,May,Q2,6.675811614083218,43.34705075445816,2023-05
ORD-10828,2023-05-05,Kenji Romano,Consumer,China,Asia Pacific,Clothing & Accessories,Canvas Messenger Bag,1,88.39,15,75.13,11.2,19.73,PayPal,2023,5,May,Q2,26.26114734460269,14.90749367762545,2023-05
ORD-10652,2023-05-06,Pierre Fischer,Consumer,Japan,Asia Pacific,Technology,Wireless Bluetooth Headphones,5,181.39,0,906.95,13.61,394.52,Bank Transfer,2023,5,May,Q2,43.49964165610011,1.5006339930536412,2023-05
ORD-11385,2023-05-06,Ali Miller,Consumer,Mexico,North America,Office Supplies,Stapler Full-Size,1,16.13,15,13.71,6.12,0.33,Cash on Delivery,2023,5,May,Q2,2.4070021881838075,44.63894967177243,2023-05
ORD-11895,2023-05-06,John Robinson,Consumer,Canada,North America,Technology,Laptop Stand Adjustable,2,44.17,5,83.92,6.3,29.03,Credit Card,2023,5,May,Q2,34.59246901811249,7.507149666348903,2023-05
ORD-10143,2023-05-08,Wei Sato,Corporate,Australia,Asia Pacific,Office Supplies,Tape Dispenser Heavy Duty,2,11.52,15,19.58,12.1,-2.89,Credit Card,2023,5,May,Q2,-14.759959141981616,61.79775280898877,2023-05
ORD-10853,2023-05-10,Amir Garcia,Corporate,France,Europe,Office Supplies,Tape Dispenser Heavy Duty,3,11.58,30,24.32,13.53,-4.84,Credit Card,2023,5,May,Q2,-19.901315789473685,55.63322368421052,2023-05
ORD-10452,2023-05-11,Layla Santos,Corporate,Germany,Europe,Clothing & Accessories,Cotton Formal Shirt,3,25.71,15,65.56,8.88,18.12,Credit Card,2023,5,May,Q2,27.638804148871266,13.544844417327639,2023-05
ORD-11484,2023-05-11,Christopher Taylor,Consumer,Canada,North America,Technology,USB-C Hub Multiport Adapter,3,47.53,15,121.2,7.18,35.6,Bank Transfer,2023,5,May,Q2,29.372937293729372,5.924092409240924,2023-05
ORD-10623,2023-05-12,Chen Thompson,Consumer,Argentina,South America,Clothing & Accessories,Travel Backpack 30L,3,94.61,20,227.06,16.78,68.37,PayPal,2023,5,May,Q2,30.110983880912535,7.390117149652074,2023-05
ORD-11458,2023-05-12,Barbara Sharma,Corporate,France,Europe,Furniture,Filing Cabinet 3-Drawer,2,248.9,20,398.24,8.23,91.33,Credit Card,2023,5,May,Q2,22.933406990759337,2.066593009240659,2023-05
ORD-10609,2023-05-13,Diego Jackson,Corporate,South Korea,Asia Pacific,Technology,Smart LED Desk Lamp,4,62.57,10,225.25,14.99,72.61,PayPal,2023,5,May,Q2,32.23529411764706,6.654827968923419,2023-05
ORD-11288,2023-05-13,Ayumi Ahmed,Consumer,South Korea,Asia Pacific,Furniture,Folding Table Portable,15,100.94,5,1438.39,29.26,500.67,Credit Card,2023,5,May,Q2,34.80766690535946,2.0342188140907544,2023-05
ORD-10607,2023-05-14,Fatima Laurent,Home Office,Argentina,South America,Technology,USB-C Hub Multiport Adapter,1,55.77,5,52.98,11.25,11.06,PayPal,2023,5,May,Q2,20.875802189505478,21.234428086070217,2023-05
ORD-10105,2023-05-15,Olivia Kumar,Corporate,India,Asia Pacific,Furniture,Floating Wall Shelves Set,2,77.49,15,131.73,12.63,26.11,Cash on Delivery,2023,5,May,Q2,19.820845669171792,9.587793213391029,2023-05
ORD-11298,2023-05-15,Raj Rossi,Consumer,Mexico,North America,Furniture,Bookshelf 5-Tier,4,65.92,5,250.5,13.46,78.83,Credit Card,2023,5,May,Q2,31.469061876247505,5.373253493013972,2023-05
ORD-11682,2023-05-15,Patricia Dubois,Corporate,Mexico,North America,Furniture,Mesh Back Task Chair,1,121.55,25,91.16,6.6,11.63,PayPal,2023,5,May,Q2,12.757788503729708,7.240017551557701,2023-05
ORD-10411,2023-05-16,Robert Jackson,Corporate,France,Europe,Clothing & Accessories,Canvas Messenger Bag,2,79.65,10,143.37,10.14,53.58,Credit Card,2023,5,May,Q2,37.3718351119481,7.072609332496338,2023-05
ORD-11776,2023-05-16,Jennifer Costa,Consumer,Mexico,North America,Furniture,Standing Desk Converter,3,180.1,10,486.27,8.31,153.78,PayPal,2023,5,May,Q2,31.624406194089705,1.7089271392436303,2023-05
ORD-11788,2023-05-16,Ivan Li,Home Office,Brazil,South America,Furniture,Bookshelf 5-Tier,3,145.84,15,371.89,14.54,94.84,Credit Card,2023,5,May,Q2,25.50216461857001,3.909758261851623,2023-05
ORD-11227,2023-05-17,Nadia Brown,Home Office,South Korea,Asia Pacific,Office Supplies,Paper Clips Box 500pc,9,3.16,10,25.6,18.23,-5.43,Cash on Delivery,2023,5,May,Q2,-21.2109375,71.2109375,2023-05
ORD-10941,2023-05-18,Emma Johansson,Corporate,Canada,North America,Office Supplies,Stapler Full-Size,3,8.2,0,24.6,7.45,6.08,PayPal,2023,5,May,Q2,24.715447154471544,30.284552845528456,2023-05
ORD-11045,2023-05-18,Diego Schmidt,Corporate,South Africa,Middle East & Africa,Furniture,Filing Cabinet 3-Drawer,2,214.52,0,429.04,15.39,156.23,Credit Card,2023,5,May,Q2,36.41385418608987,3.587078127913481,2023-05
ORD-11149,2023-05-18,Clara Jackson,Consumer,Australia,Asia Pacific,Clothing & Accessories,Silk Tie Collection,8,43.71,15,297.23,21.92,100.47,PayPal,2023,5,May,Q2,33.80210611311106,7.374760286646705,2023-05
ORD-11329,2023-05-18,Jamal Clark,Consumer,South Korea,Asia Pacific,Furniture,Standing Desk Converter,2,119.77,25,179.66,10.37,25.57,Cash on Delivery,2023,5,May,Q2,14.232439051541801,5.77201380385172,2023-05
ORD-11394,2023-05-18,Pierre Fischer,Corporate,Saudi Arabia,Middle East & Africa,Furniture,Mesh Back Task Chair,1,217.82,25,163.37,12.46,20.22,Credit Card,2023,5,May,Q2,12.376813368427495,7.626859276488952,2023-05
ORD-11435,2023-05-18,Lucas Khan,Consumer,United States,North America,Furniture,Mesh Back Task Chair,2,295.24,0,590.48,9.07,227.12,PayPal,2023,5,May,Q2,38.46362281533667,1.536038477171115,2023-05
ORD-10336,2023-05-19,Chen Romano,Home Office,France,Europe,Furniture,Filing Cabinet 3-Drawer,1,195.08,5,185.33,9.41,58.87,PayPal,2023,5,May,Q2,31.76495980143527,5.077429450169967,2023-05
ORD-11513,2023-05-20,Sophie Yamamoto,Consumer,United States,North America,Clothing & Accessories,Leather Wallet Minimalist,5,26.84,0,134.2,17.2,49.9,PayPal,2023,5,May,Q2,37.18330849478391,12.816691505216097,2023-05
ORD-11762,2023-05-22,Hans Johnson,Home Office,India,Asia Pacific,Technology,Tablet Stand Holder,5,15.48,10,69.66,19.74,7.35,PayPal,2023,5,May,Q2,10.551248923341946,28.33763996554694,2023-05
ORD-10562,2023-05-23,Patricia Müller,Consumer,Mexico,North America,Technology,Webcam HD 1080p,5,54.1,5,256.97,11.43,96.77,Credit Card,2023,5,May,Q2,37.658092384325016,4.447990037747596,2023-05
ORD-10710,2023-05-23,Ahmed Taylor,Home Office,China,Asia Pacific,Technology,Smart LED Desk Lamp,8,37.26,20,238.46,14.6,59.92,PayPal,2023,5,May,Q2,25.127904050993877,6.122620145936425,2023-05
ORD-11740,2023-05-25,Zara Rodriguez,Consumer,Mexico,North America,Office Supplies,Tape Dispenser Heavy Duty,4,10.54,15,35.84,10.87,6.0,Bank Transfer,2023,5,May,Q2,16.741071428571427,30.329241071428566,2023-05
ORD-10422,2023-05-26,Clara Santos,Corporate,Mexico,North America,Office Supplies,Tape Dispenser Heavy Duty,3,15.84,5,45.14,7.96,15.8,Credit Card,2023,5,May,Q2,35.002215330084184,17.634027470093045,2023-05
ORD-11834,2023-05-29,Hanna Davis,Consumer,United Kingdom,Europe,Clothing & Accessories,Travel Backpack 30L,2,33.16,0,66.32,11.38,21.78,Credit Card,2023,5,May,Q2,32.84077201447528,17.15922798552473,2023-05
ORD-10942,2023-05-30,Barbara Rossi,Home Office,China,Asia Pacific,Office Supplies,Binder Clips Assorted 48pc,3,14.0,15,35.7,16.47,0.33,Credit Card,2023,5,May,Q2,0.9243697478991597,46.1344537815126,2023-05
ORD-10129,2023-06-01,Oscar Santos,Corporate,Canada,North America,Furniture,Floating Wall Shelves Set,7,54.12,15,322.01,17.46,77.25,Credit Card,2023,6,Jun,Q2,23.989938200677,5.422191857395734,2023-06
ORD-10722,2023-06-01,Patricia Chen,Home Office,United Kingdom,Europe,Furniture,Folding Table Portable,1,118.34,5,112.42,7.66,33.76,Credit Card,2023,6,Jun,Q2,30.030243728873863,6.813734210994485,2023-06
ORD-10845,2023-06-01,Ahmed Dubois,Consumer,Spain,Europe,Office Supplies,Whiteboard Markers Set 8,1,20.28,0,20.28,8.91,2.24,PayPal,2023,6,Jun,Q2,11.045364891518739,43.93491124260355,2023-06
ORD-10937,2023-06-01,Kenji Robinson,Consumer,Mexico,North America,Furniture,Mesh Back Task Chair,7,263.11,10,1657.59,16.54,535.99,PayPal,2023,6,Jun,Q2,32.335499128252465,0.9978342050808704,2023-06
ORD-11401,2023-06-01,Robert Sharma,Consumer,Australia,Asia Pacific,Furniture,Mesh Back Task Chair,1,271.69,20,217.35,10.66,43.68,Cash on Delivery,2023,6,Jun,Q2,20.096618357487923,4.9045318610536,2023-06
ORD-10069,2023-06-03,Chen Smith,Corporate,Germany,Europe,Furniture,Monitor Riser Wood,4,43.62,15,148.31,15.81,27.81,Cash on Delivery,2023,6,Jun,Q2,18.75126424381363,10.66010383655856,2023-06
ORD-10025,2023-06-04,Kenji Leroy,Corporate,Japan,Asia Pacific,Clothing & Accessories,Leather Belt Classic,6,36.82,10,198.83,13.78,74.59,Credit Card,2023,6,Jun,Q2,37.51445958859327,6.930543680531106,2023-06
ORD-11268,2023-06-04,Richard Li,Consumer,Spain,Europe,Office Supplies,Sticky Notes Multicolor 6-Pack,1,10.08,15,8.57,8.15,-4.12,Credit Card,2023,6,Jun,Q2,-48.07467911318553,95.09918319719954,2023-06
ORD-11962,2023-06-04,Karen Anderson,Consumer,Italy,Europe,Office Supplies,Highlighters Neon Pack 6,3,6.18,15,15.76,9.18,-1.76,Credit Card,2023,6,Jun,Q2,-11.16751269035533,58.248730964467,2023-06
ORD-10979,2023-06-05,Zara Kim,Corporate,Mexico,North America,Technology,Laptop Stand Adjustable,8,64.14,15,436.15,22.64,131.29,Credit Card,2023,6,Jun,Q2,30.102029118422564,5.190874699071421,2023-06
ORD-10816,2023-06-06,Jennifer Nilsson,Consumer,Japan,Asia Pacific,Technology,Wireless Ergonomic Mouse,1,29.03,5,27.58,10.81,0.8,Credit Card,2023,6,Jun,Q2,2.9006526468455403,39.195068890500366,2023-06
ORD-11468,2023-06-06,Christopher Harris,Consumer,Australia,Asia Pacific,Office Supplies,Ballpoint Pen Pack 12,1,6.69,0,6.69,10.56,-6.88,Cash on Delivery,2023,6,Jun,Q2,-102.84005979073243,157.847533632287,2023-06
ORD-11539,2023-06-06,Marco Martin,Consumer,Australia,Asia Pacific,Technology,Laptop Stand Adjustable,4,59.29,20,189.73,13.59,45.7,Cash on Delivery,2023,6,Jun,Q2,24.086860275127815,7.162810309387025,2023-06
ORD-11609,2023-06-06,Emma Zhang,Corporate,Saudi Arabia,Middle East & Africa,Clothing & Accessories,Leather Wallet Minimalist,1,31.48,5,29.91,12.24,1.93,PayPal,2023,6,Jun,Q2,6.452691407556001,40.92276830491475,2023-06
ORD-11707,2023-06-06,David Smith,Corporate,France,Europe,Office Supplies,Stapler Full-Size,3,7.93,0,23.79,14.01,-0.93,PayPal,2023,6,Jun,Q2,-3.9092055485498114,58.89029003783103,2023-06
ORD-10177,2023-06-07,Wei Romano,Consumer,Nigeria,Middle East & Africa,Technology,Tablet Stand Holder,6,24.62,5,140.33,24.76,34.32,Credit Card,2023,6,Jun,Q2,24.456637924891325,17.644124563528823,2023-06
ORD-10817,2023-06-07,Zara Rodriguez,Corporate,United Kingdom,Europe,Technology,Noise Cancelling Earbuds,4,72.94,20,233.41,16.18,56.76,Cash on Delivery,2023,6,Jun,Q2,24.31772417634206,6.9320080544963805,2023-06
ORD-11080,2023-06-07,Zara Ferrari,Consumer,United States,North America,Technology,Wireless Ergonomic Mouse,2,32.45,10,58.41,8.62,14.09,Credit Card,2023,6,Jun,Q2,24.122581749700394,14.757746961136792,2023-06
ORD-10376,2023-06-08,Omar Garcia,Corporate,China,Asia Pacific,Office Supplies,Highlighters Neon Pack 6,6,5.73,15,29.22,18.91,-5.16,Cash on Delivery,2023,6,Jun,Q2,-17.659137577002053,64.71594798083504,2023-06
ORD-10726,2023-06-08,Hans Yamamoto,Consumer,South Korea,Asia Pacific,Clothing & Accessories,Leather Wallet Minimalist,4,38.87,5,147.71,14.04,55.93,Credit Card,2023,6,Jun,Q2,37.864734953625344,9.50511136686751,2023-06
ORD-11103,2023-06-08,Nadia Costa,Consumer,United States,North America,Office Supplies,Binder Clips Assorted 48pc,2,6.85,0,13.7,7.41,0.12,Credit Card,2023,6,Jun,Q2,0.8759124087591241,54.08759124087592,2023-06
ORD-10727,2023-06-09,Mia Sharma,Consumer,United States,North America,Furniture,Desk Organizer Set,2,16.26,5,30.89,6.26,5.12,PayPal,2023,6,Jun,Q2,16.574943347361607,20.265458077047587,2023-06
ORD-10772,2023-06-09,William Hassan,Corporate,Saudi Arabia,Middle East & Africa,Technology,Wireless Ergonomic Mouse,1,23.01,5,21.86,13.14,-3.94,Credit Card,2023,6,Jun,Q2,-18.023787740164686,60.10978956999086,2023-06
ORD-11060,2023-06-09,Ali Johansson,Home Office,Saudi Arabia,Middle East & Africa,Office Supplies,Premium Notebook Set A5,4,22.5,15,76.5,20.57,15.43,Cash on Delivery,2023,6,Jun,Q2,20.169934640522875,26.88888888888889,2023-06
ORD-11322,2023-06-10,Amir Chen,Consumer,Canada,North America,Furniture,Ergonomic Office Chair,3,229.47,15,585.15,9.83,162.27,Credit Card,2023,6,Jun,Q2,27.731350935657527,1.6799111338972914,2023-06
ORD-10146,2023-06-11,Ethan Park,Home Office,Canada,North America,Furniture,Corner L-Shaped Desk,5,336.47,0,1682.35,15.78,657.16,Credit Card,2023,6,Jun,Q2,39.06202633221387,0.9379736677861326,2023-06
ORD-11048,2023-06-11,Christopher Robinson,Consumer,Australia,Asia Pacific,Furniture,Bookshelf 5-Tier,2,122.54,0,245.08,11.78,86.25,Credit Card,2023,6,Jun,Q2,35.19259017463685,4.806593765301126,2023-06
ORD-11155,2023-06-11,Noah Khan,Home Office,United States,North America,Technology,Portable External SSD 1TB,5,88.03,15,374.13,16.63,115.42,Credit Card,2023,6,Jun,Q2,30.850239221660917,4.444979017988399,2023-06
ORD-11376,2023-06-11,Linda Smith,Consumer,United Kingdom,Europe,Furniture,Desk Organizer Set,4,24.66,0,98.64,16.03,23.43,Cash on Delivery,2023,6,Jun,Q2,23.753041362530414,16.25101378751014,2023-06
ORD-11535,2023-06-11,Isabella Jackson,Consumer,Italy,Europe,Technology,Webcam HD 1080p,3,60.58,10,163.57,9.75,53.86,Credit Card,2023,6,Jun,Q2,32.92779849605674,5.960750748914838,2023-06
ORD-10114,2023-06-12,Sarah Kim,Corporate,United Kingdom,Europe,Technology,Mechanical Gaming Keyboard,3,158.55,15,404.3,11.67,131.02,Credit Card,2023,6,Jun,Q2,32.40662874103389,2.886470442740539,2023-06
ORD-11031,2023-06-12,James Suzuki,Corporate,United States,North America,Furniture,Floating Wall Shelves Set,6,43.48,15,221.75,13.94,51.28,Bank Transfer,2023,6,Jun,Q2,23.12514092446449,6.286358511837655,2023-06
ORD-11133,2023-06-12,Wei Harris,Consumer,Japan,Asia Pacific,Technology,Laptop Stand Adjustable,15,33.12,0,496.8,38.18,185.38,Credit Card,2023,6,Jun,Q2,37.31481481481481,7.685185185185185,2023-06
ORD-10349,2023-06-13,Thomas Li,Consumer,Mexico,North America,Technology,Smart LED Desk Lamp,1,30.15,15,25.63,6.6,2.45,Credit Card,2023,6,Jun,Q2,9.559110417479518,25.75107296137339,2023-06
ORD-11733,2023-06-13,Michael Khan,Corporate,Mexico,North America,Office Supplies,Tape Dispenser Heavy Duty,3,18.83,10,50.84,10.96,14.46,Credit Card,2023,6,Jun,Q2,28.442171518489378,21.557828481510622,2023-06
ORD-10358,2023-06-14,Isabella Ahmed,Consumer,India,Asia Pacific,Clothing & Accessories,Leather Belt Classic,5,17.24,0,86.2,16.2,26.9,Credit Card,2023,6,Jun,Q2,31.206496519721576,18.79350348027842,2023-06
ORD-11932,2023-06-14,Felix Hassan,Home Office,Italy,Europe,Office Supplies,Paper Clips Box 500pc,1,6.68,15,5.68,8.22,-5.55,Credit Card,2023,6,Jun,Q2,-97.7112676056338,144.71830985915494,2023-06
ORD-10042,2023-06-17,Amir Thompson,Corporate,South Africa,Middle East & Africa,Furniture,Floating Wall Shelves Set,9,33.65,5,287.71,16.74,89.26,Cash on Delivery,2023,6,Jun,Q2,31.024295297348026,5.818358764033228,2023-06
ORD-10569,2023-06-17,Chen Miller,Consumer,Italy,Europe,Technology,Smart LED Desk Lamp,3,69.43,5,197.88,10.72,72.6,PayPal,2023,6,Jun,Q2,36.68890236506974,5.417424701839499,2023-06
ORD-11665,2023-06-18,Priya Jackson,Consumer,Italy,Europe,Furniture,Corner L-Shaped Desk,10,398.27,5,3783.56,20.31,1373.63,Cash on Delivery,2023,6,Jun,Q2,36.3052257662096,0.5367960333654019,2023-06
ORD-10876,2023-06-19,Karen Wang,Corporate,Saudi Arabia,Middle East & Africa,Furniture,Standing Desk Converter,4,114.01,0,456.04,13.78,168.64,PayPal,2023,6,Jun,Q2,36.97921234979387,3.0216647662485743,2023-06
ORD-11258,2023-06-19,Carlos Dubois,Consumer,Brazil,South America,Clothing & Accessories,Polarized Sunglasses,1,79.09,20,63.27,10.51,13.22,Credit Card,2023,6,Jun,Q2,20.89457878931563,16.61134819029556,2023-06
ORD-11375,2023-06-19,Raj Chen,Home Office,Japan,Asia Pacific,Office Supplies,Desk Calendar 2025,2,12.13,15,20.62,12.26,-2.56,Cash on Delivery,2023,6,Jun,Q2,-12.415130940834143,59.4568380213385,2023-06
ORD-10546,2023-06-20,Xiao Taylor,Corporate,UAE,Middle East & Africa,Furniture,Monitor Riser Wood,4,42.27,15,143.72,16.6,25.67,Bank Transfer,2023,6,Jun,Q2,17.861118842193154,11.550236571110494,2023-06
ORD-10860,2023-06-21,Fatima Jackson,Home Office,Germany,Europe,Technology,Tablet Stand Holder,3,48.52,15,123.73,13.06,30.61,Credit Card,2023,6,Jun,Q2,24.739351814434656,10.55524125111129,2023-06
ORD-11307,2023-06-22,William Clark,Corporate,Mexico,North America,Clothing & Accessories,Sports Water Bottle 750ml,4,27.6,10,99.36,13.33,30.83,PayPal,2023,6,Jun,Q2,31.028582930756844,13.415861513687602,2023-06
ORD-10182,2023-06-23,Emma Pereira,Consumer,Canada,North America,Office Supplies,Tape Dispenser Heavy Duty,11,23.39,10,231.56,14.23,101.55,Credit Card,2023,6,Jun,Q2,43.854724477457246,6.145275522542754,2023-06
ORD-10674,2023-06-23,Ahmed Garcia,Corporate,UAE,Middle East & Africa,Clothing & Accessories,Sports Water Bottle 750ml,10,14.57,5,138.41,35.54,30.02,PayPal,2023,6,Jun,Q2,21.689184307492233,25.677335452640705,2023-06
ORD-11336,2023-06-23,Ayumi Robinson,Corporate,Australia,Asia Pacific,Furniture,Mesh Back Task Chair,1,250.47,5,237.95,10.78,76.89,Bank Transfer,2023,6,Jun,Q2,32.31351124185753,4.530363521748266,2023-06
ORD-10712,2023-06-24,Mary Johansson,Consumer,India,Asia Pacific,Technology,Wireless Ergonomic Mouse,7,57.98,15,344.98,16.8,104.96,PayPal,2023,6,Jun,Q2,30.42495217114035,4.869847527392893,2023-06
ORD-10788,2023-06-26,Michael Martin,Consumer,Saudi Arabia,Middle East & Africa,Office Supplies,Desk Calendar 2025,1,19.94,10,17.95,11.66,-2.68,Credit Card,2023,6,Jun,Q2,-14.930362116991644,64.95821727019498,2023-06
ORD-10212,2023-06-27,Karen Sato,Corporate,Germany,Europe,Clothing & Accessories,Leather Belt Classic,3,45.1,10,121.77,14.28,39.84,Credit Card,2023,6,Jun,Q2,32.717418083271745,11.727026361172703,2023-06
ORD-11068,2023-06-27,Isabella Kumar,Corporate,Italy,Europe,Office Supplies,Desk Calendar 2025,2,10.66,10,19.19,11.01,-1.41,Cash on Delivery,2023,6,Jun,Q2,-7.3475768629494524,57.373632100052106,2023-06
ORD-11653,2023-06-27,Carlos Rodriguez,Consumer,UAE,Middle East & Africa,Clothing & Accessories,Silk Tie Collection,1,26.53,0,26.53,13.43,-0.16,Cash on Delivery,2023,6,Jun,Q2,-0.603090840557859,50.62193742932529,2023-06
ORD-11771,2023-06-27,James Tanaka,Consumer,Saudi Arabia,Middle East & Africa,Furniture,Floating Wall Shelves Set,5,94.63,0,473.15,18.91,170.35,Credit Card,2023,6,Jun,Q2,36.00338159146148,3.996618408538519,2023-06
ORD-10480,2023-06-28,Priya Thomas,Consumer,Italy,Europe,Clothing & Accessories,Polarized Sunglasses,2,30.06,10,54.11,11.77,12.28,Cash on Delivery,2023,6,Jun,Q2,22.69451118092774,21.751986693771947,2023-06
ORD-10700,2023-06-28,Mia Harris,Corporate,Canada,North America,Clothing & Accessories,Leather Belt Classic,3,40.18,0,120.54,12.31,47.96,Cash on Delivery,2023,6,Jun,Q2,39.787622366019576,10.212377633980422,2023-06
ORD-10661,2023-06-29,Olga Nilsson,Consumer,Canada,North America,Technology,Webcam HD 1080p,9,74.43,10,602.88,11.59,222.86,Credit Card,2023,6,Jun,Q2,36.96589702760085,1.9224389596602973,2023-06
ORD-10747,2023-06-29,Olga Patel,Consumer,Japan,Asia Pacific,Clothing & Accessories,Cotton Formal Shirt,1,24.48,20,19.58,9.71,-2.37,Bank Transfer,2023,6,Jun,Q2,-12.104187946884577,49.591419816138924,2023-06
ORD-10432,2023-07-01,Priya Schmidt,Corporate,Spain,Europe,Technology,Laptop Stand Adjustable,3,62.62,10,169.07,12.18,53.57,Cash on Delivery,2023,7,Jul,Q3,31.685100845803515,7.204116638078903,2023-07
ORD-10483,2023-07-01,Noah Jones,Home Office,Australia,Asia Pacific,Technology,Portable External SSD 1TB,3,97.31,10,262.74,15.03,87.15,Credit Card,2023,7,Jul,Q3,33.16967344142498,5.720484128796528,2023-07
ORD-10792,2023-07-01,Oscar Schmidt,Consumer,Australia,Asia Pacific,Office Supplies,Stapler Full-Size,5,18.79,10,84.55,15.23,27.04,PayPal,2023,7,Jul,Q3,31.98107628622117,18.013010053222946,2023-07
ORD-11387,2023-07-01,Marco Harris,Consumer,UAE,Middle East & Africa,Furniture,Corner L-Shaped Desk,1,192.58,20,154.06,12.06,26.45,PayPal,2023,7,Jul,Q3,17.168635596520833,7.828118914708555,2023-07
ORD-11564,2023-07-01,Giulia Johnson,Corporate,Mexico,North America,Clothing & Accessories,Cotton Formal Shirt,3,48.59,15,123.9,9.9,41.12,Credit Card,2023,7,Jul,Q3,33.188054882970135,7.990314769975787,2023-07
ORD-10381,2023-07-03,Sophie Harris,Consumer,India,Asia Pacific,Technology,Smart LED Desk Lamp,2,46.18,5,87.74,12.38,24.56,Credit Card,2023,7,Jul,Q3,27.991793936630955,14.109870070663325,2023-07
ORD-11603,2023-07-03,Lucas Chen,Corporate,Saudi Arabia,Middle East & Africa,Furniture,Standing Desk Converter,7,309.68,20,1734.21,19.94,413.61,Credit Card,2023,7,Jul,Q3,23.850052761776254,1.149803080365123,2023-07
ORD-11019,2023-07-04,Robert Smith,Home Office,South Africa,Middle East & Africa,Furniture,Desk Organizer Set,1,24.14,0,24.14,13.18,-3.52,Credit Card,2023,7,Jul,Q3,-14.581607290803644,54.59817729908865,2023-07
ORD-10977,2023-07-05,Ingrid Khan,Home Office,Mexico,North America,Office Supplies,Whiteboard Markers Set 8,4,15.95,15,54.23,8.62,16.9,Cash on Delivery,2023,7,Jul,Q3,31.163562603724877,15.895260925686888,2023-07
ORD-10008,2023-07-06,Lucas White,Home Office,Canada,North America,Office Supplies,Ballpoint Pen Pack 12,1,6.99,10,6.29,6.69,-3.55,Credit Card,2023,7,Jul,Q3,-56.43879173290938,106.35930047694755,2023-07
ORD-11100,2023-07-06,Nadia Jackson,Corporate,United States,North America,Office Supplies,Stapler Full-Size,2,19.72,10,35.5,6.38,11.37,Bank Transfer,2023,7,Jul,Q3,32.028169014084504,17.971830985915492,2023-07
ORD-11464,2023-07-06,Chen Jones,Home Office,Japan,Asia Pacific,Furniture,Bookshelf 5-Tier,4,194.07,0,776.28,11.42,299.09,Credit Card,2023,7,Jul,Q3,38.52862369248209,1.4711186685216675,2023-07
ORD-11562,2023-07-06,Susan Miller,Corporate,Mexico,North America,Technology,Smart LED Desk Lamp,2,52.02,15,88.43,7.14,24.07,PayPal,2023,7,Jul,Q3,27.219269478683707,8.074182969580459,2023-07
ORD-10083,2023-07-07,Priya Thomas,Home Office,Argentina,South America,Office Supplies,Stapler Full-Size,1,19.62,5,18.64,12.48,-2.67,Bank Transfer,2023,7,Jul,Q3,-14.324034334763947,66.95278969957081,2023-07
ORD-10112,2023-07-07,Ahmed Thompson,Consumer,Italy,Europe,Clothing & Accessories,Silk Tie Collection,7,43.03,20,240.97,16.31,74.05,Credit Card,2023,7,Jul,Q3,30.72996638585716,6.7684774038262026,2023-07
ORD-11077,2023-07-08,Diego Kim,Home Office,Spain,Europe,Technology,Laptop Stand Adjustable,5,50.01,0,250.05,19.34,93.18,Credit Card,2023,7,Jul,Q3,37.264547090581885,7.734453109378124,2023-07
ORD-10003,2023-07-09,Priya Martinez,Consumer,Japan,Asia Pacific,Furniture,Desk Organizer Set,3,53.14,15,135.51,14.88,24.98,PayPal,2023,7,Jul,Q3,18.434063906722752,10.980739428824442,2023-07
ORD-10024,2023-07-09,Giulia Dubois,Consumer,Brazil,South America,Office Supplies,Paper Clips Box 500pc,2,3.31,0,6.62,14.92,-11.28,Credit Card,2023,7,Jul,Q3,-170.39274924471297,225.37764350453173,2023-07
ORD-10404,2023-07-10,Carlos Schmidt,Corporate,United Kingdom,Europe,Office Supplies,Whiteboard Markers Set 8,2,11.9,0,23.8,9.71,3.38,PayPal,2023,7,Jul,Q3,14.201680672268907,40.7983193277311,2023-07
ORD-11154,2023-07-10,Oscar Johnson,Consumer,United States,North America,Clothing & Accessories,Sports Water Bottle 750ml,6,21.26,5,121.18,9.14,48.26,Credit Card,2023,7,Jul,Q3,39.82505363921439,7.5424987621719755,2023-07
ORD-11859,2023-07-10,Jennifer Garcia,Consumer,Canada,North America,Clothing & Accessories,Polarized Sunglasses,1,59.16,10,53.24,6.6,17.06,Credit Card,2023,7,Jul,Q3,32.04357625845229,12.396694214876032,2023-07
ORD-10107,2023-07-11,Noah Santos,Consumer,South Korea,Asia Pacific,Office Supplies,Binder Clips Assorted 48pc,1,10.59,5,10.06,11.4,-6.11,Credit Card,2023,7,Jul,Q3,-60.73558648111332,113.32007952286283,2023-07
ORD-11182,2023-07-11,Elizabeth Harris,Corporate,Mexico,North America,Technology,Webcam HD 1080p,6,62.93,0,377.58,13.89,156.02,Bank Transfer,2023,7,Jul,Q3,41.321044546851006,3.6786906086127447,2023-07
ORD-11380,2023-07-12,Ali Jones,Consumer,Mexico,North America,Clothing & Accessories,Wool Blend Scarf,4,54.62,0,218.48,11.36,97.88,Credit Card,2023,7,Jul,Q3,44.80043939948737,5.199560600512633,2023-07
ORD-10015,2023-07-13,Jamal Harris,Corporate,Saudi Arabia,Middle East & Africa,Technology,Smart LED Desk Lamp,2,42.71,20,68.34,12.22,9.14,PayPal,2023,7,Jul,Q3,13.374304945858942,17.88118232367574,2023-07
ORD-10545,2023-07-13,Elizabeth Williams,Corporate,Italy,Europe,Furniture,Folding Table Portable,2,113.15,10,203.67,11.07,56.82,Credit Card,2023,7,Jul,Q3,27.898070408012966,5.435262925320371,2023-07
ORD-10961,2023-07-13,Lucas Suzuki,Corporate,Brazil,South America,Technology,Wireless Ergonomic Mouse,1,61.5,15,52.27,10.75,7.7,Credit Card,2023,7,Jul,Q3,14.731203367132197,20.566290415152093,2023-07
ORD-10511,2023-07-14,Clara Nilsson,Consumer,Japan,Asia Pacific,Office Supplies,Paper Clips Box 500pc,5,3.47,5,16.48,13.6,-4.93,Bank Transfer,2023,7,Jul,Q3,-29.915048543689316,82.52427184466019,2023-07
ORD-11806,2023-07-14,Ali Harris,Consumer,Australia,Asia Pacific,Furniture,Ergonomic Office Chair,5,394.43,5,1873.54,12.1,678.15,Bank Transfer,2023,7,Jul,Q3,36.1961847625351,0.6458362244734567,2023-07
ORD-10283,2023-07-15,Hans Singh,Home Office,Spain,Europe,Furniture,Filing Cabinet 3-Drawer,4,161.93,10,582.95,10.19,184.13,Bank Transfer,2023,7,Jul,Q3,31.585899305257737,1.7480058324041512,2023-07
ORD-10625,2023-07-15,Olga Schmidt,Consumer,South Korea,Asia Pacific,Furniture,Ergonomic Office Chair,7,233.89,0,1637.23,21.29,633.6,Credit Card,2023,7,Jul,Q3,38.69951075902592,1.3003670834274963,2023-07
ORD-11098,2023-07-16,David Thompson,Consumer,Germany,Europe,Clothing & Accessories,Polarized Sunglasses,7,30.7,10,193.41,10.64,75.32,Credit Card,2023,7,Jul,Q3,38.943177705392685,5.501266739051756,2023-07
ORD-11395,2023-07-16,Priya Ali,Home Office,United Kingdom,Europe,Clothing & Accessories,Leather Belt Classic,5,21.72,0,108.6,10.04,44.26,PayPal,2023,7,Jul,Q3,40.75506445672192,9.244935543278086,2023-07
ORD-10090,2023-07-17,Jamal Jones,Consumer,Canada,North America,Office Supplies,Whiteboard Markers Set 8,3,18.99,10,51.27,9.87,15.76,Credit Card,2023,7,Jul,Q3,30.739223717573626,19.251023990637798,2023-07
ORD-10904,2023-07-18,Thomas Thompson,Consumer,India,Asia Pacific,Technology,Wireless Bluetooth Headphones,1,190.35,10,171.31,10.96,55.66,PayPal,2023,7,Jul,Q3,32.49080614091413,6.397758449594303,2023-07
ORD-10266,2023-07-19,Fatima Costa,Corporate,India,Asia Pacific,Furniture,Monitor Riser Wood,3,64.89,25,146.0,16.18,13.02,Cash on Delivery,2023,7,Jul,Q3,8.917808219178083,11.082191780821917,2023-07
ORD-10424,2023-07-19,Diego Davis,Corporate,Spain,Europe,Clothing & Accessories,Leather Belt Classic,2,27.32,10,49.18,10.74,11.12,PayPal,2023,7,Jul,Q3,22.610817405449367,21.83814558763725,2023-07
ORD-11061,2023-07-19,Omar Müller,Consumer,China,Asia Pacific,Technology,Mechanical Gaming Keyboard,10,133.95,10,1205.55,21.46,447.36,Credit Card,2023,7,Jul,Q3,37.108373771307704,1.7801003691261252,2023-07
ORD-11808,2023-07-19,Mary Weber,Corporate,Canada,North America,Technology,Smart LED Desk Lamp,2,56.54,5,107.43,7.32,37.92,PayPal,2023,7,Jul,Q3,35.29740296006702,6.8137391790002795,2023-07
ORD-10326,2023-07-20,Amina Johansson,Corporate,Spain,Europe,Furniture,Monitor Riser Wood,1,51.24,20,40.99,8.07,2.18,Cash on Delivery,2023,7,Jul,Q3,5.31837033422786,19.687728714320567,2023-07
ORD-11349,2023-07-20,Liam Clark,Consumer,Argentina,South America,Technology,Mechanical Gaming Keyboard,13,145.33,5,1794.83,36.04,719.68,Cash on Delivery,2023,7,Jul,Q3,40.09739083924383,2.007989614615312,2023-07
ORD-10681,2023-07-22,Ethan Chen,Corporate,Canada,North America,Clothing & Accessories,Leather Belt Classic,5,27.72,5,131.67,15.56,46.81,PayPal,2023,7,Jul,Q3,35.55099870889345,11.817422343738135,2023-07
ORD-10996,2023-07-22,Clara Williams,Consumer,Argentina,South America,Clothing & Accessories,Cotton Formal Shirt,2,53.18,5,101.04,13.3,34.56,PayPal,2023,7,Jul,Q3,34.204275534441805,13.163103721298494,2023-07
ORD-11167,2023-07-22,Christopher Davis,Consumer,France,Europe,Technology,Noise Cancelling Earbuds,5,167.91,0,839.55,15.17,362.63,Cash on Delivery,2023,7,Jul,Q3,43.19337740456197,1.8069203740098863,2023-07
ORD-11391,2023-07-22,James Taylor,Consumer,China,Asia Pacific,Office Supplies,Stapler Full-Size,1,16.43,5,15.61,11.32,-3.1,Bank Transfer,2023,7,Jul,Q3,-19.859064702114033,72.51761691223575,2023-07
ORD-10949,2023-07-24,Chen Johnson,Consumer,Nigeria,Middle East & Africa,Furniture,Monitor Riser Wood,2,71.01,15,120.72,13.2,22.31,Cash on Delivery,2023,7,Jul,Q3,18.48078197481776,10.934393638170974,2023-07
ORD-11494,2023-07-25,Fatima Smith,Corporate,Colombia,South America,Clothing & Accessories,Canvas Messenger Bag,1,41.08,0,41.08,11.71,8.83,Cash on Delivery,2023,7,Jul,Q3,21.49464459591042,28.505355404089585,2023-07
ORD-10240,2023-07-26,Lucas Jones,Consumer,Argentina,South America,Furniture,Desk Organizer Set,1,21.14,20,16.91,12.08,-7.85,Cash on Delivery,2023,7,Jul,Q3,-46.42223536369012,71.43701951507984,2023-07
ORD-10945,2023-07-26,Karen Thomas,Corporate,United States,North America,Technology,Tablet Stand Holder,1,52.78,0,52.78,6.2,17.55,Credit Card,2023,7,Jul,Q3,33.251231527093594,11.746873815839333,2023-07
ORD-11589,2023-07-27,Priya Nilsson,Consumer,UAE,Middle East & Africa,Office Supplies,Stapler Full-Size,1,13.41,10,12.07,12.56,-6.52,PayPal,2023,7,Jul,Q3,-54.018227009113495,104.05965202982601,2023-07
ORD-11824,2023-07-27,Elizabeth Sato,Consumer,UAE,Middle East & Africa,Furniture,Floating Wall Shelves Set,4,75.9,0,303.6,14.96,106.48,PayPal,2023,7,Jul,Q3,35.07246376811594,4.9275362318840585,2023-07
ORD-10045,2023-07-28,Sakura Jones,Corporate,Saudi Arabia,Middle East & Africa,Office Supplies,Paper Clips Box 500pc,3,8.95,0,26.85,18.4,-3.63,Bank Transfer,2023,7,Jul,Q3,-13.519553072625698,68.5288640595903,2023-07
ORD-11229,2023-07-28,Xiao Smith,Consumer,Brazil,South America,Technology,USB-C Hub Multiport Adapter,1,20.02,15,17.02,10.98,-4.97,PayPal,2023,7,Jul,Q3,-29.20094007050529,64.51233842538191,2023-07
ORD-11934,2023-07-28,Robert Park,Consumer,United States,North America,Office Supplies,Desk Calendar 2025,1,10.76,10,9.68,6.28,-1.44,PayPal,2023,7,Jul,Q3,-14.87603305785124,64.87603305785125,2023-07
ORD-10001,2023-07-29,Joseph Johnson,Corporate,United States,North America,Office Supplies,Tape Dispenser Heavy Duty,2,9.48,0,18.96,6.87,3.56,PayPal,2023,7,Jul,Q3,18.776371308016877,36.234177215189874,2023-07
ORD-11199,2023-07-29,Liam Wang,Consumer,China,Asia Pacific,Technology,Tablet Stand Holder,3,33.19,15,84.63,11.24,18.63,Credit Card,2023,7,Jul,Q3,22.013470400567176,13.281342313600378,2023-07
ORD-11680,2023-07-30,Olivia Sharma,Corporate,UAE,Middle East & Africa,Furniture,Monitor Riser Wood,3,73.54,15,187.53,13.35,41.81,Bank Transfer,2023,7,Jul,Q3,22.295099450754545,7.118860982242841,2023-07
ORD-10755,2023-07-31,William Martinez,Corporate,South Korea,Asia Pacific,Technology,Tablet Stand Holder,1,19.91,5,18.91,9.86,-1.9,Credit Card,2023,7,Jul,Q3,-10.047593865679534,52.14172395557905,2023-07
ORD-11247,2023-07-31,Felix Costa,Home Office,Saudi Arabia,Middle East & Africa,Furniture,Bookshelf 5-Tier,4,96.5,20,308.8,14.49,62.71,Bank Transfer,2023,7,Jul,Q3,20.307642487046632,4.692357512953368,2023-07
ORD-10225,2023-08-01,Noah Smith,Corporate,France,Europe,Technology,Mechanical Gaming Keyboard,10,104.58,30,732.06,14.85,142.02,Credit Card,2023,8,Aug,Q3,19.400049176297028,2.0285222522744037,2023-08
ORD-10281,2023-08-01,Thomas Chen,Corporate,Brazil,South America,Furniture,Folding Table Portable,3,83.44,10,225.29,15.17,59.93,Bank Transfer,2023,8,Aug,Q3,26.60126947489902,6.733543432908695,2023-08
ORD-10980,2023-08-01,Olivia Moreau,Consumer,Canada,North America,Clothing & Accessories,Canvas Messenger Bag,10,64.87,5,616.26,14.5,277.41,Bank Transfer,2023,8,Aug,Q3,45.015091033005554,2.352902995488917,2023-08
ORD-11339,2023-08-01,Noah Oliveira,Consumer,United Kingdom,Europe,Furniture,Mesh Back Task Chair,3,182.51,5,520.15,8.9,182.73,PayPal,2023,8,Aug,Q3,35.13025088916659,1.7110448908968567,2023-08
ORD-10459,2023-08-02,Noah Russo,Home Office,Japan,Asia Pacific,Office Supplies,Tape Dispenser Heavy Duty,5,10.99,5,52.2,12.66,14.81,Cash on Delivery,2023,8,Aug,Q3,28.371647509578544,24.252873563218387,2023-08
ORD-10885,2023-08-03,Amir Singh,Corporate,Mexico,North America,Office Supplies,Premium Notebook Set A5,3,10.7,5,30.49,11.92,4.13,Credit Card,2023,8,Aug,Q3,13.545424729419484,39.094785175467365,2023-08
ORD-10680,2023-08-04,Mary Miller,Consumer,Argentina,South America,Office Supplies,Ballpoint Pen Pack 12,5,7.28,5,34.58,20.71,-2.51,PayPal,2023,8,Aug,Q3,-7.258530942741468,59.8901098901099,2023-08
ORD-11530,2023-08-04,Olivia Rossi,Consumer,Saudi Arabia,Middle East & Africa,Furniture,Folding Table Portable,2,44.23,10,79.61,13.7,12.83,PayPal,2023,8,Aug,Q3,16.116065820876774,17.20889335510614,2023-08
ORD-11642,2023-08-04,Wei Li,Corporate,Mexico,North America,Technology,Wireless Bluetooth Headphones,2,151.07,25,226.6,7.84,52.58,Credit Card,2023,8,Aug,Q3,23.20388349514563,3.459841129744042,2023-08
ORD-10228,2023-08-05,Sakura Rodriguez,Corporate,China,Asia Pacific,Technology,Wireless Ergonomic Mouse,1,35.7,10,32.13,11.04,1.46,PayPal,2023,8,Aug,Q3,4.5440398381574845,34.36041083099906,2023-08
ORD-10254,2023-08-05,Christopher Rossi,Corporate,Japan,Asia Pacific,Office Supplies,Ballpoint Pen Pack 12,7,15.21,20,85.18,24.79,12.48,Credit Card,2023,8,Aug,Q3,14.651326602488846,29.10307583939892,2023-08
ORD-10418,2023-08-05,Michael Rodriguez,Consumer,Brazil,South America,Furniture,Standing Desk Converter,1,206.62,10,185.96,11.69,50.3,Bank Transfer,2023,8,Aug,Q3,27.048827704882765,6.286298128629812,2023-08
ORD-10842,2023-08-06,Hans Anderson,Consumer,Colombia,South America,Clothing & Accessories,Canvas Messenger Bag,1,34.17,15,29.04,12.01,-0.06,Credit Card,2023,8,Aug,Q3,-0.2066115702479339,41.35674931129476,2023-08
ORD-11769,2023-08-06,Liam Johansson,Corporate,South Africa,Middle East & Africa,Office Supplies,Desk Calendar 2025,5,9.43,5,44.79,22.42,1.15,Credit Card,2023,8,Aug,Q3,2.5675373967403434,50.05581603036392,2023-08
ORD-11929,2023-08-06,James Schmidt,Consumer,India,Asia Pacific,Technology,Webcam HD 1080p,3,67.35,0,202.05,12.44,78.48,PayPal,2023,8,Aug,Q3,38.84187082405345,6.156891858450878,2023-08
ORD-11501,2023-08-07,Wei Yamamoto,Corporate,Spain,Europe,Clothing & Accessories,Canvas Messenger Bag,3,75.47,5,215.09,10.4,91.48,Bank Transfer,2023,8,Aug,Q3,42.531033520851736,4.835185271281789,2023-08
ORD-10363,2023-08-08,Linda Brown,Consumer,Mexico,North America,Technology,Mechanical Gaming Keyboard,3,91.18,10,246.19,8.58,87.16,Cash on Delivery,2023,8,Aug,Q3,35.40355010357853,3.485113124009911,2023-08
ORD-10496,2023-08-08,Jamal Ahmed,Corporate,Mexico,North America,Technology,Webcam HD 1080p,2,88.88,10,159.98,7.63,54.58,Bank Transfer,2023,8,Aug,Q3,34.11676459557445,4.769346168271034,2023-08
ORD-11960,2023-08-08,Ahmed Singh,Home Office,United Kingdom,Europe,Furniture,Mesh Back Task Chair,3,120.89,20,290.14,14.12,58.42,PayPal,2023,8,Aug,Q3,20.135107189632592,4.866616116357621,2023-08
ORD-10838,2023-08-09,Pierre Wang,Consumer,France,Europe,Clothing & Accessories,Business Casual Blazer,8,48.11,20,307.9,25.57,89.89,PayPal,2023,8,Aug,Q3,29.19454368301397,8.30464436505359,2023-08
ORD-11909,2023-08-10,Ivan Davis,Corporate,Australia,Asia Pacific,Furniture,Folding Table Portable,5,79.11,10,356.0,16.05,102.62,Credit Card,2023,8,Aug,Q3,28.825842696629216,4.508426966292135,2023-08
ORD-10030,2023-08-11,Giulia Taylor,Corporate,Brazil,South America,Office Supplies,Whiteboard Markers Set 8,2,17.66,15,30.02,13.05,1.08,Credit Card,2023,8,Aug,Q3,3.597601598934044,43.47101932045304,2023-08
ORD-11169,2023-08-11,Hanna Rossi,Consumer,Germany,Europe,Office Supplies,Binder Clips Assorted 48pc,5,7.76,10,34.92,15.79,1.67,PayPal,2023,8,Aug,Q3,4.782359679266896,45.217640320733096,2023-08
ORD-11178,2023-08-11,William Kim,Consumer,Canada,North America,Furniture,Bookshelf 5-Tier,3,97.26,10,262.6,10.56,76.97,Cash on Delivery,2023,8,Aug,Q3,29.310738766184308,4.021325209444021,2023-08
ORD-10651,2023-08-12,Giulia Pereira,Consumer,South Korea,Asia Pacific,Clothing & Accessories,Leather Belt Classic,1,18.19,0,18.19,9.63,-0.54,Credit Card,2023,8,Aug,Q3,-2.9686641011544803,52.94117647058824,2023-08
ORD-10737,2023-08-12,Barbara Hassan,Consumer,Australia,Asia Pacific,Technology,Laptop Stand Adjustable,8,75.46,15,513.13,16.19,164.92,Credit Card,2023,8,Aug,Q3,32.140003507882994,3.1551458694677765,2023-08
ORD-10952,2023-08-13,Karen Zhang,Home Office,India,Asia Pacific,Office Supplies,Premium Notebook Set A5,2,16.46,10,29.63,13.64,1.18,Credit Card,2023,8,Aug,Q3,3.9824502193722577,46.03442456969288,2023-08
ORD-11481,2023-08-13,Clara Clark,Home Office,Mexico,North America,Furniture,Monitor Riser Wood,1,55.59,5,52.81,6.11,13.35,Credit Card,2023,8,Aug,Q3,25.27930316227987,11.569778451050936,2023-08
ORD-10852,2023-08-14,Oscar White,Corporate,United States,North America,Clothing & Accessories,Travel Backpack 30L,1,78.86,10,70.97,7.4,24.14,Credit Card,2023,8,Aug,Q3,34.01437226997323,10.426940960969425,2023-08
ORD-11667,2023-08-14,John Brown,Consumer,Germany,Europe,Technology,Noise Cancelling Earbuds,1,89.29,5,84.83,9.18,26.54,PayPal,2023,8,Aug,Q3,31.286101614994692,10.821643286573146,2023-08
ORD-10277,2023-08-15,Amina Ali,Consumer,United States,North America,Clothing & Accessories,Leather Wallet Minimalist,1,22.46,5,21.34,6.95,3.16,Credit Card,2023,8,Aug,Q3,14.807872539831305,32.56794751640113,2023-08
ORD-10356,2023-08-15,Oscar Thomas,Home Office,Canada,North America,Office Supplies,Stapler Full-Size,4,12.89,5,48.98,9.57,16.21,Credit Card,2023,8,Aug,Q3,33.095140873826054,19.53858717844018,2023-08
ORD-10367,2023-08-15,Karen Russo,Consumer,France,Europe,Technology,Laptop Stand Adjustable,9,27.41,0,246.69,12.06,98.95,Credit Card,2023,8,Aug,Q3,40.111070574405126,4.88872674206494,2023-08
ORD-10558,2023-08-16,Susan Wang,Consumer,Argentina,South America,Clothing & Accessories,Travel Backpack 30L,6,78.77,0,472.62,19.75,216.56,PayPal,2023,8,Aug,Q3,45.82116711099827,4.178832889001735,2023-08
ORD-11332,2023-08-16,Fatima Patel,Home Office,Mexico,North America,Clothing & Accessories,Business Casual Blazer,1,62.43,10,56.19,7.27,17.7,Credit Card,2023,8,Aug,Q3,31.50026695141484,12.938245239366436,2023-08
ORD-11526,2023-08-16,Ethan Kim,Corporate,Colombia,South America,Clothing & Accessories,Business Casual Blazer,1,59.71,15,50.75,11.43,9.46,PayPal,2023,8,Aug,Q3,18.640394088669954,22.522167487684726,2023-08
ORD-11846,2023-08-16,Jennifer Garcia,Consumer,Argentina,South America,Clothing & Accessories,Business Casual Blazer,2,148.55,10,267.39,14.84,104.0,Cash on Delivery,2023,8,Aug,Q3,38.89449867235125,5.5499457720931975,2023-08
ORD-10917,2023-08-17,Kenji Suzuki,Corporate,Canada,North America,Office Supplies,Whiteboard Markers Set 8,2,12.61,25,18.91,9.18,-1.62,Credit Card,2023,8,Aug,Q3,-8.566895822316235,48.54574299312533,2023-08
ORD-11070,2023-08-18,Wei Santos,Corporate,Canada,North America,Clothing & Accessories,Sports Water Bottle 750ml,1,8.92,0,8.92,7.37,-2.91,PayPal,2023,8,Aug,Q3,-32.62331838565022,82.62331838565022,2023-08
ORD-11557,2023-08-18,Liam Pereira,Home Office,Australia,Asia Pacific,Clothing & Accessories,Cotton Formal Shirt,3,48.47,20,116.33,10.91,32.72,Bank Transfer,2023,8,Aug,Q3,28.126880426373248,9.37849222040746,2023-08
ORD-10783,2023-08-19,Ava Clark,Corporate,Nigeria,Middle East & Africa,Technology,Noise Cancelling Earbuds,1,156.51,30,109.56,13.21,10.27,PayPal,2023,8,Aug,Q3,9.373859072654254,12.05732018985031,2023-08
ORD-10954,2023-08-19,Mary Hassan,Home Office,United States,North America,Clothing & Accessories,Leather Wallet Minimalist,6,64.17,10,346.52,9.61,144.4,PayPal,2023,8,Aug,Q3,41.67147639385894,2.773288699064989,2023-08
ORD-11085,2023-08-19,Felix Smith,Consumer,United Kingdom,Europe,Furniture,Monitor Riser Wood,1,57.21,15,48.63,7.77,6.53,Cash on Delivery,2023,8,Aug,Q3,13.427925149084926,15.977791486736582,2023-08
ORD-11684,2023-08-19,Barbara Jones,Consumer,Mexico,North America,Office Supplies,Binder Clips Assorted 48pc,1,14.44,5,13.72,6.28,0.94,Credit Card,2023,8,Aug,Q3,6.851311953352769,45.77259475218659,2023-08
ORD-10820,2023-08-22,Christopher Williams,Home Office,Australia,Asia Pacific,Technology,Wireless Bluetooth Headphones,3,100.41,5,286.17,16.29,104.2,Credit Card,2023,8,Aug,Q3,36.41192298284236,5.692420589160289,2023-08
ORD-11293,2023-08-22,Priya Weber,Consumer,Saudi Arabia,Middle East & Africa,Office Supplies,Premium Notebook Set A5,2,8.3,5,15.77,15.44,-7.14,PayPal,2023,8,Aug,Q3,-45.275840202916925,97.90741915028535,2023-08
ORD-11529,2023-08-22,Patricia Jackson,Corporate,Italy,Europe,Office Supplies,Stapler Full-Size,12,10.19,10,110.05,25.93,29.09,Credit Card,2023,8,Aug,Q3,26.43343934575193,23.5620172648796,2023-08
ORD-10009,2023-08-23,Xiao Laurent,Consumer,Japan,Asia Pacific,Office Supplies,Tape Dispenser Heavy Duty,5,20.76,5,98.61,14.44,37.46,Credit Card,2023,8,Aug,Q3,37.98803366798499,14.64354527938343,2023-08
ORD-10301,2023-08-23,Jamal Leroy,Home Office,Brazil,South America,Office Supplies,Highlighters Neon Pack 6,4,6.4,20,20.48,13.95,-4.99,Credit Card,2023,8,Aug,Q3,-24.365234375,68.115234375,2023-08
ORD-10738,2023-08-23,Liam Ali,Home Office,Italy,Europe,Technology,Wireless Bluetooth Headphones,9,156.74,0,1410.66,15.34,619.46,PayPal,2023,8,Aug,Q3,43.91277841577701,1.0874342506344548,2023-08
ORD-11681,2023-08-23,Barbara Ali,Consumer,Brazil,South America,Furniture,Folding Table Portable,2,127.96,0,255.92,12.79,89.58,Credit Card,2023,8,Aug,Q3,35.00312597686777,4.9976555173491715,2023-08
ORD-11234,2023-08-24,Ivan Pereira,Home Office,Saudi Arabia,Middle East & Africa,Clothing & Accessories,Leather Belt Classic,14,36.74,5,488.64,27.48,203.98,PayPal,2023,8,Aug,Q3,41.744433529796986,5.6237721021611,2023-08
ORD-10023,2023-08-25,Omar Singh,Consumer,South Africa,Middle East & Africa,Clothing & Accessories,Sports Water Bottle 750ml,2,11.42,0,22.84,13.37,-1.95,PayPal,2023,8,Aug,Q3,-8.537653239929947,58.537653239929945,2023-08
ORD-11515,2023-08-25,Ethan Rodriguez,Corporate,Italy,Europe,Clothing & Accessories,Wool Blend Scarf,4,37.02,10,133.27,9.44,49.79,Cash on Delivery,2023,8,Aug,Q3,37.36024611690553,7.0833645981841356,2023-08
ORD-11537,2023-08-25,Pierre Romano,Consumer,Canada,North America,Technology,Portable External SSD 1TB,9,82.15,10,665.42,21.38,237.4,Bank Transfer,2023,8,Aug,Q3,35.67671545790629,3.2130083255688136,2023-08
ORD-10550,2023-08-27,Omar Park,Consumer,United Kingdom,Europe,Technology,USB-C Hub Multiport Adapter,2,53.25,5,101.17,8.08,34.52,PayPal,2023,8,Aug,Q3,34.120786794504305,7.986557279826036,2023-08
ORD-10927,2023-08-27,Michael Khan,Corporate,Canada,North America,Furniture,Corner L-Shaped Desk,3,185.14,5,527.65,9.42,184.98,PayPal,2023,8,Aug,Q3,35.05732966928836,1.7852743295745286,2023-08
ORD-11657,2023-08-27,Richard Tanaka,Consumer,South Africa,Middle East & Africa,Clothing & Accessories,Silk Tie Collection,3,29.47,10,79.57,14.83,20.53,Credit Card,2023,8,Aug,Q3,25.801181349754938,18.63767751665201,2023-08
ORD-10201,2023-08-29,Ayumi Martin,Consumer,Nigeria,Middle East & Africa,Office Supplies,Sticky Notes Multicolor 6-Pack,5,6.31,10,28.39,22.11,-7.92,PayPal,2023,8,Aug,Q3,-27.897146882705176,77.87953504755195,2023-08
ORD-10457,2023-08-29,Omar Hassan,Consumer,China,Asia Pacific,Clothing & Accessories,Cotton Formal Shirt,6,50.95,25,229.28,18.09,58.34,PayPal,2023,8,Aug,Q3,25.444870900209356,7.889916259595255,2023-08
ORD-10219,2023-08-30,Giulia Anderson,Consumer,India,Asia Pacific,Office Supplies,Premium Notebook Set A5,2,13.7,5,26.03,11.05,2.65,Cash on Delivery,2023,8,Aug,Q3,10.180560891279292,42.451018056089126,2023-08
ORD-10571,2023-08-30,Chen Rodriguez,Home Office,Spain,Europe,Office Supplies,Highlighters Neon Pack 6,5,8.73,20,34.92,13.19,2.09,Cash on Delivery,2023,8,Aug,Q3,5.985108820160366,37.77205040091638,2023-08
ORD-10688,2023-08-30,Mia Davis,Consumer,South Korea,Asia Pacific,Technology,Wireless Ergonomic Mouse,1,34.68,10,31.21,10.64,1.5,Credit Card,2023,8,Aug,Q3,4.806151874399231,34.09163729573855,2023-08
ORD-11628,2023-08-30,Isabella Taylor,Corporate,Mexico,North America,Clothing & Accessories,Silk Tie Collection,1,25.23,30,17.66,6.63,-1.58,PayPal,2023,8,Aug,Q3,-8.946772366930917,37.54246885617214,2023-08
ORD-10153,2023-08-31,Mary Martin,Corporate,Japan,Asia Pacific,Furniture,Bookshelf 5-Tier,3,116.76,20,280.22,14.72,55.33,Credit Card,2023,8,Aug,Q3,19.745200199842976,5.25301548783099,2023-08
ORD-10320,2023-08-31,Priya Jackson,Consumer,Mexico,North America,Office Supplies,Binder Clips Assorted 48pc,4,13.92,5,52.9,10.83,17.01,Credit Card,2023,8,Aug,Q3,32.15500945179585,20.472589792060493,2023-08
ORD-11328,2023-08-31,Mary Chen,Home Office,Germany,Europe,Technology,Portable External SSD 1TB,5,76.29,5,362.38,19.14,133.44,PayPal,2023,8,Aug,Q3,36.82322423974833,5.281748440863183,2023-08
ORD-11379,2023-08-31,Omar Park,Corporate,Mexico,North America,Technology,Webcam HD 1080p,1,37.56,5,35.68,5.59,9.43,PayPal,2023,8,Aug,Q3,26.429372197309416,15.667040358744394,2023-08
ORD-11780,2023-08-31,Clara Tanaka,Corporate,UAE,Middle East & Africa,Technology,Tablet Stand Holder,3,20.28,0,60.84,15.83,11.55,Credit Card,2023,8,Aug,Q3,18.98422090729783,26.019066403681784,2023-08
ORD-11483,2023-09-01,Clara Robinson,Home Office,France,Europe,Office Supplies,Desk Calendar 2025,4,9.05,0,36.2,10.13,9.78,Cash on Delivery,2023,9,Sep,Q3,27.016574585635354,27.983425414364643,2023-09
ORD-11717,2023-09-02,Michael Ali,Consumer,Germany,Europe,Technology,Smart LED Desk Lamp,13,26.62,15,294.15,30.98,72.84,Credit Card,2023,9,Sep,Q3,24.762876083630804,10.532041475437703,2023-09
ORD-11161,2023-09-03,Yuki Zhang,Consumer,United States,North America,Clothing & Accessories,Silk Tie Collection,1,17.03,25,12.77,6.99,-2.74,Bank Transfer,2023,9,Sep,Q3,-21.45653876272514,54.73766640563822,2023-09
ORD-11422,2023-09-03,David Clark,Consumer,Germany,Europe,Furniture,Folding Table Portable,10,67.1,10,603.9,14.47,186.83,Cash on Delivery,2023,9,Sep,Q3,30.93724126511012,2.396092068223216,2023-09
ORD-11685,2023-09-03,John Laurent,Consumer,Mexico,North America,Furniture,Bookshelf 5-Tier,2,199.2,10,358.56,9.53,109.99,Credit Card,2023,9,Sep,Q3,30.675479696564032,2.6578536367692993,2023-09
ORD-10341,2023-09-04,Ethan Yamamoto,Home Office,Australia,Asia Pacific,Office Supplies,Highlighters Neon Pack 6,1,7.16,10,6.44,10.26,-7.04,Credit Card,2023,9,Sep,Q3,-109.31677018633539,159.3167701863354,2023-09
ORD-10872,2023-09-04,Olga Leroy,Consumer,India,Asia Pacific,Office Supplies,Binder Clips Assorted 48pc,1,12.17,15,10.34,11.21,-6.35,Bank Transfer,2023,9,Sep,Q3,-61.41199226305609,108.4139264990329,2023-09
ORD-11441,2023-09-05,Noah Taylor,Consumer,United States,North America,Office Supplies,Whiteboard Markers Set 8,5,19.47,5,92.48,11.28,37.39,Cash on Delivery,2023,9,Sep,Q3,40.430363321799305,12.197231833910033,2023-09
ORD-11906,2023-09-05,Amina Johansson,Consumer,United Kingdom,Europe,Clothing & Accessories,Sports Water Bottle 750ml,2,14.43,10,25.97,9.92,1.62,PayPal,2023,9,Sep,Q3,6.237966884867155,38.19792067770504,2023-09
ORD-10447,2023-09-06,Hans Smith,Consumer,Australia,Asia Pacific,Office Supplies,Whiteboard Markers Set 8,2,11.34,0,22.68,13.99,-1.52,PayPal,2023,9,Sep,Q3,-6.701940035273369,61.68430335097001,2023-09
ORD-11532,2023-09-06,Yuki Rodriguez,Corporate,Mexico,North America,Technology,Mechanical Gaming Keyboard,1,152.34,5,144.72,7.22,53.71,Credit Card,2023,9,Sep,Q3,37.1130458817026,4.988944168048646,2023-09
ORD-11533,2023-09-06,Jamal Clark,Consumer,South Africa,Middle East & Africa,Technology,Smart LED Desk Lamp,1,27.11,5,25.75,13.15,-2.31,Bank Transfer,2023,9,Sep,Q3,-8.970873786407767,51.067961165048544,2023-09
ORD-11601,2023-09-06,Sarah Jackson,Home Office,Brazil,South America,Furniture,Ergonomic Office Chair,2,426.27,10,767.29,12.53,243.24,Credit Card,2023,9,Sep,Q3,31.70118208239388,1.6330201097368662,2023-09
ORD-11867,2023-09-06,Thomas Santos,Consumer,United States,North America,Clothing & Accessories,Travel Backpack 30L,1,42.55,5,40.42,7.38,11.77,Credit Card,2023,9,Sep,Q3,29.11924789708065,18.25828797624938,2023-09
ORD-11030,2023-09-07,Chen Patel,Home Office,Japan,Asia Pacific,Technology,USB-C Hub Multiport Adapter,5,28.98,0,144.9,12.42,52.78,Cash on Delivery,2023,9,Sep,Q3,36.42512077294686,8.571428571428571,2023-09
ORD-11191,2023-09-08,Maria Rodriguez,Consumer,United States,North America,Clothing & Accessories,Canvas Messenger Bag,1,79.27,10,71.34,6.56,25.15,Credit Card,2023,9,Sep,Q3,35.25371460611157,9.195402298850572,2023-09
ORD-11520,2023-09-08,Olga Taylor,Consumer,United States,North America,Furniture,Monitor Riser Wood,6,47.47,0,284.82,11.93,102.0,Credit Card,2023,9,Sep,Q3,35.81209184748262,4.188610350396742,2023-09
ORD-11840,2023-09-08,Omar Russo,Home Office,Australia,Asia Pacific,Office Supplies,Paper Clips Box 500pc,4,4.19,0,16.76,13.27,-4.05,Credit Card,2023,9,Sep,Q3,-24.164677804295938,79.17661097852027,2023-09
ORD-10500,2023-09-09,Sakura Ali,Consumer,Nigeria,Middle East & Africa,Technology,Smart LED Desk Lamp,2,61.26,10,110.27,14.33,28.55,Credit Card,2023,9,Sep,Q3,25.890994830869683,12.995374988664189,2023-09
ORD-11461,2023-09-09,Marco Sato,Consumer,Mexico,North America,Office Supplies,Binder Clips Assorted 48pc,2,13.62,15,23.15,7.75,3.14,PayPal,2023,9,Sep,Q3,13.563714902807778,33.477321814254864,2023-09
ORD-10713,2023-09-10,Sophie Brown,Corporate,Mexico,North America,Technology,Wireless Bluetooth Headphones,2,66.08,10,118.94,9.35,36.9,Credit Card,2023,9,Sep,Q3,31.02404573734656,7.86110644022196,2023-09
ORD-10908,2023-09-10,Diego Harris,Consumer,Italy,Europe,Technology,Mechanical Gaming Keyboard,1,77.47,0,77.47,9.23,25.63,Bank Transfer,2023,9,Sep,Q3,33.08377436427004,11.914289402349297,2023-09
ORD-11544,2023-09-10,Noah Moreau,Corporate,Italy,Europe,Furniture,Filing Cabinet 3-Drawer,10,83.62,20,668.96,31.2,136.04,Cash on Delivery,2023,9,Sep,Q3,20.336044008610376,4.663955991389619,2023-09
ORD-10399,2023-09-11,Chen Garcia,Consumer,China,Asia Pacific,Technology,Wireless Ergonomic Mouse,1,51.7,10,46.53,10.95,7.14,Cash on Delivery,2023,9,Sep,Q3,15.344938749194068,23.53320438426821,2023-09
ORD-10576,2023-09-11,Fatima Wang,Consumer,India,Asia Pacific,Office Supplies,Ballpoint Pen Pack 12,4,7.5,10,27.0,11.42,2.08,PayPal,2023,9,Sep,Q3,7.703703703703704,42.2962962962963,2023-09
ORD-11991,2023-09-11,Hanna Santos,Home Office,South Korea,Asia Pacific,Technology,Portable External SSD 1TB,1,149.93,10,134.94,9.79,42.69,Credit Card,2023,9,Sep,Q3,31.636282792352155,7.255076330220839,2023-09
ORD-11518,2023-09-13,Ingrid Weber,Corporate,United States,North America,Furniture,Mesh Back Task Chair,5,107.46,15,456.7,9.9,124.42,PayPal,2023,9,Sep,Q3,27.24326691482374,2.167724983577841,2023-09
ORD-11795,2023-09-14,Ali Johnson,Corporate,Mexico,North America,Furniture,Monitor Riser Wood,14,61.54,30,603.09,33.58,52.57,Credit Card,2023,9,Sep,Q3,8.716775274005538,5.567991510388167,2023-09
ORD-11323,2023-09-15,Hanna Khan,Consumer,Colombia,South America,Technology,Tablet Stand Holder,2,25.4,0,50.8,12.94,9.92,Credit Card,2023,9,Sep,Q3,19.52755905511811,25.472440944881892,2023-09
ORD-10752,2023-09-16,Liam Laurent,Consumer,Mexico,North America,Furniture,Folding Table Portable,6,110.59,10,597.19,11.12,187.95,PayPal,2023,9,Sep,Q3,31.47239571995512,1.8620539526783768,2023-09
ORD-11390,2023-09-16,Elizabeth Martin,Consumer,United Kingdom,Europe,Technology,Wireless Ergonomic Mouse,5,25.73,15,109.35,11.76,26.83,Bank Transfer,2023,9,Sep,Q3,24.53589391860997,10.75445816186557,2023-09
ORD-11884,2023-09-16,Joseph Martinez,Home Office,Canada,North America,Office Supplies,Binder Clips Assorted 48pc,1,12.82,20,10.26,6.98,-2.49,Bank Transfer,2023,9,Sep,Q3,-24.269005847953217,68.03118908382066,2023-09
ORD-11239,2023-09-17,Ali Johansson,Corporate,United States,North America,Clothing & Accessories,Business Casual Blazer,5,133.6,25,501.0,14.42,152.58,Credit Card,2023,9,Sep,Q3,30.455089820359284,2.878243512974052,2023-09
ORD-11890,2023-09-17,Michael Li,Corporate,Canada,North America,Furniture,Monitor Riser Wood,7,67.53,5,449.07,22.4,143.04,Credit Card,2023,9,Sep,Q3,31.852495156657092,4.988086489856815,2023-09
ORD-11911,2023-09-18,Lucas Thomas,Corporate,China,Asia Pacific,Clothing & Accessories,Travel Backpack 30L,2,36.08,30,50.51,12.81,1.62,PayPal,2023,9,Sep,Q3,3.207285686002772,25.36131459117007,2023-09
ORD-10321,2023-09-19,Ahmed Sharma,Home Office,United States,North America,Office Supplies,Desk Calendar 2025,3,7.89,15,20.12,7.38,2.09,Credit Card,2023,9,Sep,Q3,10.387673956262425,36.67992047713717,2023-09
ORD-10600,2023-09-19,Kenji Taylor,Consumer,Japan,Asia Pacific,Furniture,Mesh Back Task Chair,4,197.76,5,751.49,15.67,261.2,PayPal,2023,9,Sep,Q3,34.75761487178804,2.085190754367989,2023-09
ORD-10955,2023-09-20,James Clark,Consumer,South Africa,Middle East & Africa,Furniture,Floating Wall Shelves Set,4,55.59,10,200.12,16.82,49.88,Bank Transfer,2023,9,Sep,Q3,24.925044973016192,8.40495702578453,2023-09
ORD-10891,2023-09-21,Xiao Wang,Consumer,Argentina,South America,Furniture,Bookshelf 5-Tier,2,115.98,0,231.96,13.7,79.08,Cash on Delivery,2023,9,Sep,Q3,34.09208484221417,5.906190722538368,2023-09
ORD-10920,2023-09-21,Layla Fischer,Corporate,China,Asia Pacific,Technology,Portable External SSD 1TB,2,137.32,5,260.91,13.4,96.46,PayPal,2023,9,Sep,Q3,36.9706028898854,5.135870606722624,2023-09
ORD-10984,2023-09-21,Sarah Khan,Home Office,Brazil,South America,Technology,Noise Cancelling Earbuds,3,153.34,0,460.02,16.46,190.55,Credit Card,2023,9,Sep,Q3,41.42211208208339,3.5781052997695753,2023-09
ORD-10128,2023-09-23,Lucas Leroy,Corporate,Spain,Europe,Office Supplies,Ballpoint Pen Pack 12,2,5.85,15,9.94,9.91,-5.24,PayPal,2023,9,Sep,Q3,-52.716297786720325,99.69818913480886,2023-09
ORD-10298,2023-09-24,Jessica Tanaka,Consumer,Canada,North America,Technology,Portable External SSD 1TB,3,60.51,20,145.22,6.74,38.64,Cash on Delivery,2023,9,Sep,Q3,26.60790524721113,4.641233989808566,2023-09
ORD-10442,2023-09-24,Jessica Wang,Home Office,Mexico,North America,Furniture,Folding Table Portable,1,112.29,0,112.29,5.87,39.05,Credit Card,2023,9,Sep,Q3,34.77602636031703,5.2275358446878615,2023-09
ORD-10231,2023-09-25,Sarah Davis,Consumer,Saudi Arabia,Middle East & Africa,Technology,Smart LED Desk Lamp,4,43.61,10,157.0,17.66,43.4,Credit Card,2023,9,Sep,Q3,27.643312101910826,11.2484076433121,2023-09
ORD-11813,2023-09-25,Sarah Thompson,Consumer,Brazil,South America,Technology,USB-C Hub Multiport Adapter,2,22.12,10,39.82,11.38,4.11,PayPal,2023,9,Sep,Q3,10.321446509291814,28.578603716725265,2023-09
ORD-10063,2023-09-26,Isabella Patel,Consumer,Canada,North America,Clothing & Accessories,Leather Wallet Minimalist,3,59.04,0,177.12,10.28,78.28,Bank Transfer,2023,9,Sep,Q3,44.19602529358627,5.80397470641373,2023-09
ORD-10343,2023-09-26,Lucas Oliveira,Consumer,Spain,Europe,Clothing & Accessories,Silk Tie Collection,4,42.94,15,146.0,13.44,46.68,Cash on Delivery,2023,9,Sep,Q3,31.972602739726025,9.205479452054794,2023-09
ORD-10554,2023-09-26,Olivia Ferrari,Home Office,Australia,Asia Pacific,Clothing & Accessories,Polarized Sunglasses,6,77.51,10,418.55,20.82,165.2,Bank Transfer,2023,9,Sep,Q3,39.469597419663124,4.974316091267471,2023-09
ORD-11643,2023-09-26,Xiao Ferrari,Home Office,France,Europe,Technology,Laptop Stand Adjustable,1,52.59,15,44.7,8.76,7.02,PayPal,2023,9,Sep,Q3,15.704697986577179,19.597315436241608,2023-09
ORD-10085,2023-09-27,Marco Nilsson,Consumer,Japan,Asia Pacific,Technology,Mechanical Gaming Keyboard,1,126.55,0,126.55,9.75,47.2,PayPal,2023,9,Sep,Q3,37.297510865270645,7.704464638482814,2023-09
ORD-10210,2023-09-28,Mary Smith,Corporate,Nigeria,Middle East & Africa,Furniture,Filing Cabinet 3-Drawer,5,145.12,0,725.6,16.63,273.61,Cash on Delivery,2023,9,Sep,Q3,37.70810363836824,2.291896361631753,2023-09
ORD-11745,2023-09-28,John Patel,Consumer,Japan,Asia Pacific,Clothing & Accessories,Canvas Messenger Bag,4,26.2,5,99.56,17.25,29.91,Credit Card,2023,9,Sep,Q3,30.04218561671354,17.32623543591804,2023-09
ORD-10574,2023-09-29,Ayumi Ali,Corporate,Spain,Europe,Office Supplies,Tape Dispenser Heavy Duty,5,18.82,15,79.98,10.99,26.65,Bank Transfer,2023,9,Sep,Q3,33.320830207551886,13.740935233808452,2023-09
ORD-10881,2023-09-29,Sophie Clark,Home Office,China,Asia Pacific,Furniture,Mesh Back Task Chair,1,238.24,0,238.24,10.13,85.17,Credit Card,2023,9,Sep,Q3,35.749664204163864,4.25201477501679,2023-09
ORD-10926,2023-09-29,Priya Garcia,Corporate,Japan,Asia Pacific,Furniture,Ergonomic Office Chair,1,222.71,15,189.3,10.45,45.22,Credit Card,2023,9,Sep,Q3,23.888008452192285,5.520338087691494,2023-09
ORD-11699,2023-09-29,Emma Martinez,Home Office,Nigeria,Middle East & Africa,Technology,Tablet Stand Holder,4,36.61,15,124.47,16.07,27.86,Credit Card,2023,9,Sep,Q3,22.382903510886155,12.910741544147184,2023-09
ORD-10635,2023-09-30,Fatima Martin,Home Office,Australia,Asia Pacific,Furniture,Desk Organizer Set,4,59.01,0,236.04,11.14,83.28,Cash on Delivery,2023,9,Sep,Q3,35.28215556685308,4.719539061176072,2023-09
ORD-10137,2023-10-02,Jamal Robinson,Corporate,Nigeria,Middle East & Africa,Clothing & Accessories,Wool Blend Scarf,2,49.37,10,88.87,14.28,25.22,Credit Card,2023,10,Oct,Q4,28.378530437718013,16.068414538089343,2023-10
ORD-10196,2023-10-02,Carlos Santos,Corporate,UAE,Middle East & Africa,Furniture,Filing Cabinet 3-Drawer,1,131.91,15,112.12,12.52,20.45,PayPal,2023,10,Oct,Q4,18.23938637174456,11.166607206564393,2023-10
ORD-11561,2023-10-02,Omar Li,Corporate,Colombia,South America,Technology,Webcam HD 1080p,2,79.63,10,143.33,11.45,44.29,Credit Card,2023,10,Oct,Q4,30.900718621363282,7.988557873438916,2023-10
ORD-10421,2023-10-03,Noah Johansson,Home Office,Italy,Europe,Furniture,Corner L-Shaped Desk,2,399.1,5,758.29,10.3,269.07,PayPal,2023,10,Oct,Q4,35.483785886666055,1.3583193764918435,2023-10
ORD-11651,2023-10-03,Hanna Yamamoto,Consumer,Japan,Asia Pacific,Furniture,Ergonomic Office Chair,6,241.8,5,1378.26,22.07,485.71,Cash on Delivery,2023,10,Oct,Q4,35.240810877483206,1.6012943856746915,2023-10
ORD-10380,2023-10-04,William Yamamoto,Corporate,China,Asia Pacific,Furniture,Filing Cabinet 3-Drawer,4,162.94,5,619.17,15.93,212.18,Bank Transfer,2023,10,Oct,Q4,34.26845615905164,2.5727990697223704,2023-10
ORD-11181,2023-10-04,Joseph Leroy,Consumer,Colombia,South America,Technology,USB-C Hub Multiport Adapter,1,44.26,0,44.26,12.32,7.6,PayPal,2023,10,Oct,Q4,17.171260732037958,27.835517397198373,2023-10
ORD-11321,2023-10-04,Giulia Khan,Home Office,United States,North America,Office Supplies,Desk Calendar 2025,4,6.82,5,25.92,9.89,3.75,PayPal,2023,10,Oct,Q4,14.467592592592593,38.15586419753087,2023-10
ORD-11763,2023-10-04,Diego Pereira,Home Office,Nigeria,Middle East & Africa,Clothing & Accessories,Wool Blend Scarf,3,59.55,0,178.65,14.68,74.65,PayPal,2023,10,Oct,Q4,41.78561432969494,8.217184438846907,2023-10
ORD-10203,2023-10-05,Raj Oliveira,Corporate,Brazil,South America,Clothing & Accessories,Polarized Sunglasses,13,74.96,20,779.58,19.8,272.54,Cash on Delivery,2023,10,Oct,Q4,34.95985017573565,2.5398291387670286,2023-10
ORD-10398,2023-10-05,Ayumi Garcia,Corporate,Mexico,North America,Furniture,Desk Organizer Set,1,35.29,10,31.76,6.93,3.66,Credit Card,2023,10,Oct,Q4,11.523929471032746,21.81989924433249,2023-10
ORD-10997,2023-10-05,Felix Kim,Corporate,Canada,North America,Furniture,Filing Cabinet 3-Drawer,4,129.8,10,467.28,10.02,145.74,PayPal,2023,10,Oct,Q4,31.18900873138162,2.1443246019517206,2023-10
ORD-11396,2023-10-05,Zara Moreau,Consumer,Brazil,South America,Office Supplies,Desk Calendar 2025,1,6.83,0,6.83,12.47,-8.71,PayPal,2023,10,Oct,Q4,-127.52562225475843,182.57686676427528,2023-10
ORD-11837,2023-10-05,Richard Romano,Corporate,Brazil,South America,Furniture,Corner L-Shaped Desk,1,340.77,30,238.54,11.54,22.54,Bank Transfer,2023,10,Oct,Q4,9.449148989687265,4.837763058606523,2023-10
ORD-10525,2023-10-06,Patricia Kim,Consumer,Australia,Asia Pacific,Technology,Mechanical Gaming Keyboard,2,131.68,0,263.36,10.63,107.88,PayPal,2023,10,Oct,Q4,40.96294046172539,4.036300121506683,2023-10
ORD-11453,2023-10-07,Patricia Martinez,Home Office,UAE,Middle East & Africa,Office Supplies,Sticky Notes Multicolor 6-Pack,3,12.07,15,30.78,17.69,-3.2,PayPal,2023,10,Oct,Q4,-10.396361273554257,57.47238466536713,2023-10
ORD-10489,2023-10-08,Richard Moreau,Corporate,UAE,Middle East & Africa,Furniture,Desk Organizer Set,2,50.05,25,75.07,12.65,2.36,Credit Card,2023,10,Oct,Q4,3.1437325163181034,16.85093912348475,2023-10
ORD-10750,2023-10-08,Hanna Kumar,Consumer,Argentina,South America,Office Supplies,Tape Dispenser Heavy Duty,3,21.94,5,62.53,17.25,15.66,Cash on Delivery,2023,10,Oct,Q4,25.043978890132735,27.586758355989126,2023-10
ORD-10844,2023-10-08,Jessica Müller,Home Office,United Kingdom,Europe,Clothing & Accessories,Cotton Formal Shirt,5,68.42,10,307.89,11.72,125.12,Credit Card,2023,10,Oct,Q4,40.63789015557504,3.8065542888694015,2023-10
ORD-11226,2023-10-08,Sarah Li,Consumer,Saudi Arabia,Middle East & Africa,Furniture,Floating Wall Shelves Set,5,85.91,5,408.07,19.75,130.59,PayPal,2023,10,Oct,Q4,32.00186242556424,4.839855907074766,2023-10
ORD-11512,2023-10-08,Ingrid Moreau,Consumer,United States,North America,Technology,Webcam HD 1080p,1,43.09,15,36.63,7.3,5.63,Credit Card,2023,10,Oct,Q4,15.369915369915368,19.92901992901993,2023-10
ORD-10606,2023-10-09,Robert Taylor,Home Office,Brazil,South America,Furniture,Standing Desk Converter,1,184.6,5,175.37,11.24,53.37,Credit Card,2023,10,Oct,Q4,30.432799224496776,6.409306038661117,2023-10
ORD-11091,2023-10-09,Layla Oliveira,Home Office,Italy,Europe,Furniture,Standing Desk Converter,11,272.86,10,2701.31,26.06,874.37,Credit Card,2023,10,Oct,Q4,32.36836942076252,0.9647171187312823,2023-10
ORD-10561,2023-10-10,Sophie Martinez,Corporate,Germany,Europe,Clothing & Accessories,Polarized Sunglasses,7,74.92,25,393.33,17.73,113.38,PayPal,2023,10,Oct,Q4,28.825668014135715,4.507665319197621,2023-10
ORD-11357,2023-10-10,Liam Davis,Consumer,United Kingdom,Europe,Furniture,Mesh Back Task Chair,5,216.45,0,1082.25,16.23,416.67,Bank Transfer,2023,10,Oct,Q4,38.5003465003465,1.4996534996534998,2023-10
ORD-11358,2023-10-10,Christopher Thompson,Consumer,Australia,Asia Pacific,Furniture,Bookshelf 5-Tier,3,82.78,5,235.92,13.57,73.35,Credit Card,2023,10,Oct,Q4,31.0910478128179,5.751949813496101,2023-10
ORD-11575,2023-10-10,Olga Müller,Consumer,United States,North America,Technology,Wireless Bluetooth Headphones,4,211.07,5,802.07,7.73,329.99,PayPal,2023,10,Oct,Q4,41.142294313463914,0.9637562806238857,2023-10
ORD-11946,2023-10-10,James Harris,Corporate,Canada,North America,Furniture,Desk Organizer Set,1,19.95,0,19.95,6.89,1.09,Credit Card,2023,10,Oct,Q4,5.4636591478696745,34.53634085213032,2023-10
ORD-10791,2023-10-11,Maria Tanaka,Corporate,UAE,Middle East & Africa,Furniture,Desk Organizer Set,4,37.67,10,135.61,15.83,29.37,PayPal,2023,10,Oct,Q4,21.657694860261042,11.673180443920064,2023-10
ORD-11272,2023-10-11,Isabella Li,Consumer,France,Europe,Office Supplies,Tape Dispenser Heavy Duty,3,24.08,0,72.24,8.67,31.06,PayPal,2023,10,Oct,Q4,42.99557032115172,12.001661129568108,2023-10
ORD-11885,2023-10-11,Kenji Romano,Corporate,Canada,North America,Technology,Tablet Stand Holder,2,19.41,15,33.0,7.48,4.17,Credit Card,2023,10,Oct,Q4,12.636363636363637,22.666666666666668,2023-10
ORD-11093,2023-10-13,Oscar Thompson,Consumer,Germany,Europe,Clothing & Accessories,Canvas Messenger Bag,4,37.35,10,134.46,13.42,46.34,Credit Card,2023,10,Oct,Q4,34.46378105012643,9.980663394318013,2023-10
ORD-10455,2023-10-14,Amir Park,Consumer,UAE,Middle East & Africa,Office Supplies,Stapler Full-Size,2,18.53,15,31.5,15.09,-0.27,PayPal,2023,10,Oct,Q4,-0.8571428571428572,47.904761904761905,2023-10
ORD-10568,2023-10-14,Ethan Clark,Consumer,South Korea,Asia Pacific,Office Supplies,Tape Dispenser Heavy Duty,1,20.54,5,19.51,9.89,0.38,Bank Transfer,2023,10,Oct,Q4,1.9477191184008198,50.69195284469503,2023-10
ORD-11137,2023-10-15,Barbara Weber,Home Office,United Kingdom,Europe,Technology,Tablet Stand Holder,2,34.81,0,69.62,8.72,22.61,Credit Card,2023,10,Oct,Q4,32.47629991381786,12.525136455041656,2023-10
ORD-10417,2023-10-17,Susan Jackson,Corporate,France,Europe,Clothing & Accessories,Canvas Messenger Bag,1,62.32,5,59.2,9.28,18.76,PayPal,2023,10,Oct,Q4,31.689189189189193,15.675675675675674,2023-10
ORD-11216,2023-10-17,Maria Costa,Corporate,South Africa,Middle East & Africa,Office Supplies,Binder Clips Assorted 48pc,3,9.45,25,21.26,14.95,-6.45,PayPal,2023,10,Oct,Q4,-30.338664158043272,70.31984948259642,2023-10
ORD-11974,2023-10-17,Joseph Chen,Corporate,Italy,Europe,Clothing & Accessories,Silk Tie Collection,2,34.22,0,68.44,9.61,24.61,Bank Transfer,2023,10,Oct,Q4,35.95850379894798,14.041496201052016,2023-10
ORD-11062,2023-10-18,Robert Clark,Corporate,South Africa,Middle East & Africa,Technology,Mechanical Gaming Keyboard,4,65.64,25,196.92,19.34,33.17,Cash on Delivery,2023,10,Oct,Q4,16.84440381880967,9.82124720698761,2023-10
ORD-11417,2023-10-18,Jessica Weber,Home Office,Saudi Arabia,Middle East & Africa,Clothing & Accessories,Cotton Formal Shirt,3,38.42,0,115.26,18.1,39.53,Credit Card,2023,10,Oct,Q4,34.29637341662329,15.703626583376714,2023-10
ORD-11812,2023-10-18,Liam Jones,Consumer,South Korea,Asia Pacific,Technology,Smart LED Desk Lamp,1,46.22,15,39.29,10.54,3.33,Credit Card,2023,10,Oct,Q4,8.47543904301349,26.82616441842708,2023-10
ORD-10007,2023-10-20,Li Sharma,Consumer,Nigeria,Middle East & Africa,Technology,Mechanical Gaming Keyboard,3,146.85,10,396.49,15.07,139.12,PayPal,2023,10,Oct,Q4,35.08789628994426,3.8008524805165327,2023-10
ORD-10211,2023-10-20,Sarah Tanaka,Corporate,China,Asia Pacific,Technology,Tablet Stand Holder,4,15.34,10,55.22,16.78,4.69,PayPal,2023,10,Oct,Q4,8.493299529156104,30.387540746106485,2023-10
ORD-11210,2023-10-20,Susan Weber,Corporate,Spain,Europe,Office Supplies,Tape Dispenser Heavy Duty,2,22.13,25,33.2,8.46,4.82,Credit Card,2023,10,Oct,Q4,14.518072289156624,25.481927710843372,2023-10
ORD-11245,2023-10-20,Nadia Tanaka,Corporate,Italy,Europe,Technology,Noise Cancelling Earbuds,5,68.15,20,272.6,12.18,73.01,Credit Card,2023,10,Oct,Q4,26.78283198826119,4.468085106382978,2023-10
ORD-11460,2023-10-20,Sakura Rodriguez,Corporate,United States,North America,Furniture,Folding Table Portable,1,129.24,20,103.39,5.96,19.89,Credit Card,2023,10,Oct,Q4,19.237837315020794,5.764580713802109,2023-10
ORD-11809,2023-10-20,Michael Sato,Corporate,Japan,Asia Pacific,Clothing & Accessories,Travel Backpack 30L,1,82.52,20,66.02,9.64,15.12,Cash on Delivery,2023,10,Oct,Q4,22.902150863374736,14.601635867918814,2023-10
ORD-10499,2023-10-21,Felix Müller,Corporate,Japan,Asia Pacific,Furniture,Folding Table Portable,5,127.98,20,511.92,13.19,114.79,Credit Card,2023,10,Oct,Q4,22.423425535239883,2.5765744647601183,2023-10
ORD-10579,2023-10-22,Barbara Davis,Home Office,France,Europe,Technology,Laptop Stand Adjustable,9,33.48,10,271.19,12.56,92.9,Cash on Delivery,2023,10,Oct,Q4,34.256425384416836,4.631439212360338,2023-10
ORD-11652,2023-10-22,Lucas Suzuki,Consumer,Canada,North America,Office Supplies,Premium Notebook Set A5,1,20.53,0,20.53,6.24,5.05,Credit Card,2023,10,Oct,Q4,24.59814905017048,30.394544568923525,2023-10
ORD-11261,2023-10-23,Nadia Tanaka,Corporate,Argentina,South America,Furniture,Filing Cabinet 3-Drawer,7,151.92,15,903.92,23.57,242.29,Credit Card,2023,10,Oct,Q4,26.804363217983894,2.607531639968139,2023-10
ORD-11550,2023-10-23,Linda Russo,Consumer,Japan,Asia Pacific,Technology,Portable External SSD 1TB,3,108.96,10,294.19,14.91,99.5,PayPal,2023,10,Oct,Q4,33.82167986675278,5.0681532343043605,2023-10
ORD-11798,2023-10-23,Thomas Rodriguez,Corporate,Argentina,South America,Office Supplies,Binder Clips Assorted 48pc,7,11.09,10,69.87,22.14,12.8,Credit Card,2023,10,Oct,Q4,18.3197366537856,31.68741949334478,2023-10
ORD-10347,2023-10-24,Ayumi Garcia,Consumer,Mexico,North America,Clothing & Accessories,Wool Blend Scarf,4,33.98,5,129.12,14.26,46.9,Credit Card,2023,10,Oct,Q4,36.322800495662946,11.043990086741015,2023-10
ORD-10429,2023-10-24,Karen Robinson,Home Office,China,Asia Pacific,Technology,Wireless Ergonomic Mouse,11,52.9,0,581.9,17.52,244.33,Bank Transfer,2023,10,Oct,Q4,41.9883141433236,3.0108266025090225,2023-10
ORD-10461,2023-10-24,Elizabeth Fischer,Corporate,Canada,North America,Technology,Tablet Stand Holder,2,33.2,0,66.4,8.88,21.0,PayPal,2023,10,Oct,Q4,31.626506024096386,13.373493975903614,2023-10
ORD-11069,2023-10-25,Fatima Williams,Consumer,Colombia,South America,Office Supplies,Tape Dispenser Heavy Duty,5,18.76,15,79.73,18.24,19.28,Cash on Delivery,2023,10,Oct,Q4,24.18161294368494,22.877210585726825,2023-10
ORD-10382,2023-10-26,Layla Anderson,Home Office,Australia,Asia Pacific,Furniture,Filing Cabinet 3-Drawer,2,113.95,15,193.72,13.41,43.57,Credit Card,2023,10,Oct,Q4,22.49122444765641,6.922362172207309,2023-10
ORD-10530,2023-10-26,Ali Li,Corporate,Italy,Europe,Technology,Portable External SSD 1TB,2,81.19,5,154.26,10.33,54.62,PayPal,2023,10,Oct,Q4,35.40775314404252,6.696486451445612,2023-10
ORD-10316,2023-10-27,Fatima Kim,Corporate,Germany,Europe,Office Supplies,Highlighters Neon Pack 6,1,13.39,15,11.38,7.96,-2.61,Credit Card,2023,10,Oct,Q4,-22.934973637961335,69.94727592267135,2023-10
ORD-10717,2023-10-28,Elizabeth Johansson,Consumer,Brazil,South America,Furniture,Mesh Back Task Chair,5,183.81,25,689.29,20.65,117.21,Credit Card,2023,10,Oct,Q4,17.00445385831798,2.9958362953183713,2023-10
ORD-11406,2023-10-28,Sarah Suzuki,Home Office,Canada,North America,Technology,Smart LED Desk Lamp,8,58.27,10,419.54,24.05,139.1,PayPal,2023,10,Oct,Q4,33.15536063307432,5.732468894503503,2023-10
ORD-10478,2023-10-29,Jamal Robinson,Home Office,South Korea,Asia Pacific,Office Supplies,Highlighters Neon Pack 6,1,7.39,5,7.02,9.58,-5.89,PayPal,2023,10,Oct,Q4,-83.9031339031339,136.4672364672365,2023-10
ORD-10696,2023-11-01,Susan Chen,Corporate,China,Asia Pacific,Technology,USB-C Hub Multiport Adapter,2,38.06,5,72.31,10.58,19.86,Credit Card,2023,11,Nov,Q4,27.46508090167335,14.631447932512792,2023-11
ORD-11295,2023-11-01,Kenji Martin,Home Office,Nigeria,Middle East & Africa,Technology,Tablet Stand Holder,1,17.56,0,17.56,13.21,-5.31,Credit Card,2023,11,Nov,Q4,-30.239179954441912,75.22779043280184,2023-11
ORD-11300,2023-11-01,Zara Miller,Consumer,United Kingdom,Europe,Technology,Portable External SSD 1TB,3,145.73,10,393.47,9.99,143.03,Bank Transfer,2023,11,Nov,Q4,36.350928914529696,2.538948331511932,2023-11
ORD-10054,2023-11-02,Diego Jones,Corporate,China,Asia Pacific,Clothing & Accessories,Canvas Messenger Bag,1,30.54,10,27.49,10.33,1.89,PayPal,2023,11,Nov,Q4,6.875227355401964,37.57730083666788,2023-11
ORD-10528,2023-11-02,Fatima Brown,Consumer,France,Europe,Technology,Webcam HD 1080p,3,40.21,0,120.63,11.66,42.62,Bank Transfer,2023,11,Nov,Q4,35.3311779822598,9.665920583602752,2023-11
ORD-11038,2023-11-02,Hanna Johnson,Home Office,Australia,Asia Pacific,Furniture,Ergonomic Office Chair,6,302.03,20,1449.74,13.81,348.62,Cash on Delivery,2023,11,Nov,Q4,24.04707050919475,0.9525846013767986,2023-11
ORD-11728,2023-11-02,Ahmed Pereira,Consumer,India,Asia Pacific,Technology,Tablet Stand Holder,2,34.8,5,66.12,10.05,17.79,Cash on Delivery,2023,11,Nov,Q4,26.90562613430127,15.199637023593466,2023-11
ORD-11949,2023-11-02,Fatima Yamamoto,Consumer,South Africa,Middle East & Africa,Office Supplies,Binder Clips Assorted 48pc,6,14.97,5,85.33,22.3,22.61,PayPal,2023,11,Nov,Q4,26.497128794093523,26.13383335286535,2023-11
ORD-10811,2023-11-03,Joseph Romano,Consumer,Argentina,South America,Technology,Webcam HD 1080p,1,83.28,0,83.28,12.13,25.35,Credit Card,2023,11,Nov,Q4,30.43948126801153,14.565321805955813,2023-11
ORD-11576,2023-11-03,Sarah Sharma,Consumer,France,Europe,Technology,Noise Cancelling Earbuds,7,95.46,5,634.81,20.14,247.15,Cash on Delivery,2023,11,Nov,Q4,38.932909059403606,3.172602826042438,2023-11
ORD-10514,2023-11-05,Linda Laurent,Consumer,Germany,Europe,Office Supplies,Paper Clips Box 500pc,2,8.91,15,15.15,11.64,-4.51,PayPal,2023,11,Nov,Q4,-29.768976897689768,76.83168316831683,2023-11
ORD-10757,2023-11-06,Ahmed Taylor,Consumer,Colombia,South America,Clothing & Accessories,Leather Wallet Minimalist,3,64.75,0,194.25,14.63,82.5,Credit Card,2023,11,Nov,Q4,42.471042471042466,7.531531531531533,2023-11
ORD-11470,2023-11-06,Diego Robinson,Corporate,China,Asia Pacific,Furniture,Folding Table Portable,4,127.45,15,433.33,12.43,115.02,Credit Card,2023,11,Nov,Q4,26.543281102162325,2.8684836037200285,2023-11
ORD-10801,2023-11-07,Ethan Wang,Corporate,Germany,Europe,Furniture,Folding Table Portable,4,70.54,15,239.84,11.23,59.31,Bank Transfer,2023,11,Nov,Q4,24.72898599066044,4.682288192128086,2023-11
ORD-11903,2023-11-07,Wei Smith,Home Office,Japan,Asia Pacific,Office Supplies,Whiteboard Markers Set 8,7,9.27,5,61.65,19.21,13.24,Credit Card,2023,11,Nov,Q4,21.476074614760744,31.159772911597734,2023-11
ORD-10043,2023-11-09,Jennifer Kim,Consumer,United States,North America,Technology,Wireless Ergonomic Mouse,3,53.47,0,160.41,10.7,61.48,Bank Transfer,2023,11,Nov,Q4,38.326787606757684,6.670407081852751,2023-11
ORD-11109,2023-11-09,Jessica Park,Consumer,China,Asia Pacific,Furniture,Bookshelf 5-Tier,1,94.39,15,80.23,11.03,12.57,PayPal,2023,11,Nov,Q4,15.667456063816527,13.74797457310233,2023-11
ORD-10753,2023-11-10,Emma Jackson,Consumer,United States,North America,Technology,Noise Cancelling Earbuds,1,187.3,5,177.94,6.98,67.94,Credit Card,2023,11,Nov,Q4,38.18140946386423,3.9226705631111614,2023-11
ORD-10180,2023-11-12,Zara Nilsson,Consumer,Canada,North America,Furniture,Bookshelf 5-Tier,2,163.55,0,327.1,6.02,124.82,Credit Card,2023,11,Nov,Q4,38.159584225007634,1.8404157749923569,2023-11
ORD-11761,2023-11-12,Oscar Thomas,Consumer,India,Asia Pacific,Clothing & Accessories,Sports Water Bottle 750ml,1,22.15,0,22.15,10.89,0.18,Bank Transfer,2023,11,Nov,Q4,0.8126410835214447,49.16478555304741,2023-11
ORD-10375,2023-11-13,Priya Leroy,Corporate,South Korea,Asia Pacific,Technology,Wireless Ergonomic Mouse,1,37.78,10,34.0,10.66,2.56,Credit Card,2023,11,Nov,Q4,7.529411764705883,31.35294117647059,2023-11
ORD-10795,2023-11-13,Christopher Leroy,Corporate,Germany,Europe,Furniture,Monitor Riser Wood,8,64.55,20,413.12,20.98,82.3,Credit Card,2023,11,Nov,Q4,19.921572424477148,5.078427575522851,2023-11
ORD-10362,2023-11-14,Jennifer Romano,Corporate,Spain,Europe,Furniture,Standing Desk Converter,3,162.18,15,413.56,10.53,111.11,Cash on Delivery,2023,11,Nov,Q4,26.866718251281558,2.546184350517458,2023-11
ORD-10350,2023-11-15,Felix Laurent,Corporate,Canada,North America,Technology,Smart LED Desk Lamp,1,40.47,5,38.45,6.75,9.44,Credit Card,2023,11,Nov,Q4,24.551365409622882,17.555266579973992,2023-11
ORD-12000,2023-11-15,Raj Anderson,Consumer,Argentina,South America,Office Supplies,Premium Notebook Set A5,2,10.67,15,18.14,14.02,-5.48,Credit Card,2023,11,Nov,Q4,-30.209481808158767,77.28776185226019,2023-11
ORD-10559,2023-11-18,Fatima Patel,Consumer,Canada,North America,Office Supplies,Highlighters Neon Pack 6,3,11.62,15,29.63,7.43,6.51,Credit Card,2023,11,Nov,Q4,21.970975362807966,25.075936550793116,2023-11
ORD-10725,2023-11-18,Giulia Rossi,Corporate,Australia,Asia Pacific,Technology,Laptop Stand Adjustable,11,53.68,0,590.48,19.16,246.56,PayPal,2023,11,Nov,Q4,41.75585963961523,3.244817775369191,2023-11
ORD-11713,2023-11-19,Kenji Moreau,Corporate,Canada,North America,Office Supplies,Whiteboard Markers Set 8,7,7.45,5,49.54,14.62,11.45,PayPal,2023,11,Nov,Q4,23.112636253532497,29.511505853855468,2023-11
ORD-10932,2023-11-20,Karen Khan,Consumer,China,Asia Pacific,Office Supplies,Desk Calendar 2025,3,10.56,5,30.1,14.07,1.77,PayPal,2023,11,Nov,Q4,5.880398671096345,46.74418604651163,2023-11
ORD-11566,2023-11-20,Olga Thompson,Consumer,Colombia,South America,Technology,Tablet Stand Holder,2,53.62,0,107.24,11.75,36.51,Bank Transfer,2023,11,Nov,Q4,34.04513241327863,10.956732562476688,2023-11
ORD-10360,2023-11-21,Wei Fischer,Consumer,Argentina,South America,Office Supplies,Premium Notebook Set A5,3,20.66,0,61.98,14.39,19.7,Credit Card,2023,11,Nov,Q4,31.784446595676023,23.217166828009038,2023-11
ORD-11833,2023-11-21,Ali Romano,Corporate,Japan,Asia Pacific,Office Supplies,Desk Calendar 2025,1,18.51,10,16.66,11.16,-2.83,PayPal,2023,11,Nov,Q4,-16.986794717887154,66.98679471788715,2023-11
ORD-11177,2023-11-22,Omar Costa,Corporate,United States,North America,Furniture,Ergonomic Office Chair,1,209.98,5,199.48,7.19,66.3,PayPal,2023,11,Nov,Q4,33.23641467816322,3.6043713655504317,2023-11
ORD-10978,2023-11-23,Diego Hassan,Consumer,France,Europe,Clothing & Accessories,Wool Blend Scarf,1,15.72,5,14.93,8.51,-1.44,PayPal,2023,11,Nov,Q4,-9.645010046885465,56.99933020763564,2023-11
ORD-10041,2023-11-25,Xiao Rodriguez,Home Office,Italy,Europe,Technology,Wireless Ergonomic Mouse,2,29.09,5,55.27,9.82,13.45,Credit Card,2023,11,Nov,Q4,24.33508232314094,17.767324045594354,2023-11
ORD-10365,2023-11-25,Ethan Khan,Corporate,Mexico,North America,Technology,USB-C Hub Multiport Adapter,6,40.22,10,217.19,13.45,71.01,Bank Transfer,2023,11,Nov,Q4,32.69487545467103,6.1927344721211846,2023-11
ORD-10524,2023-11-25,Oscar Costa,Consumer,United Kingdom,Europe,Office Supplies,Tape Dispenser Heavy Duty,2,9.13,10,16.43,10.19,-1.98,Credit Card,2023,11,Nov,Q4,-12.051125989044431,62.020693852708455,2023-11
ORD-11789,2023-11-25,Jessica Hassan,Corporate,Italy,Europe,Office Supplies,Desk Calendar 2025,1,15.28,10,13.75,9.42,-2.55,Bank Transfer,2023,11,Nov,Q4,-18.545454545454547,68.50909090909092,2023-11
ORD-10992,2023-11-26,Linda Kumar,Consumer,Mexico,North America,Furniture,Folding Table Portable,6,90.7,20,435.36,10.26,98.58,PayPal,2023,11,Nov,Q4,22.64332965821389,2.356670341786108,2023-11
ORD-11555,2023-11-26,Isabella Harris,Consumer,Colombia,South America,Technology,Wireless Ergonomic Mouse,5,24.47,0,122.35,17.01,38.05,Credit Card,2023,11,Nov,Q4,31.09930527176134,13.90273804658766,2023-11
ORD-11793,2023-11-27,Joseph Suzuki,Consumer,United States,North America,Clothing & Accessories,Cotton Formal Shirt,1,45.68,10,41.11,5.64,12.63,Bank Transfer,2023,11,Nov,Q4,30.722451958161034,13.719289710532717,2023-11
ORD-11111,2023-11-28,Xiao Harris,Consumer,China,Asia Pacific,Office Supplies,Premium Notebook Set A5,2,9.14,0,18.28,11.84,-1.79,Bank Transfer,2023,11,Nov,Q4,-9.792122538293215,64.77024070021882,2023-11
ORD-11488,2023-11-28,Pierre Leroy,Corporate,Colombia,South America,Clothing & Accessories,Travel Backpack 30L,5,43.67,15,185.6,13.12,63.3,PayPal,2023,11,Nov,Q4,34.105603448275865,7.06896551724138,2023-11
ORD-11497,2023-11-29,Sarah Khan,Consumer,Spain,Europe,Furniture,Filing Cabinet 3-Drawer,4,182.4,10,656.64,9.07,209.81,PayPal,2023,11,Nov,Q4,31.952058966861603,1.3812743664717348,2023-11
ORD-11687,2023-11-29,Zara Nilsson,Corporate,India,Asia Pacific,Office Supplies,Whiteboard Markers Set 8,3,9.44,10,25.49,16.13,-3.38,Credit Card,2023,11,Nov,Q4,-13.26010200078462,63.279717536288736,2023-11
ORD-11505,2023-11-30,Susan Leroy,Consumer,Brazil,South America,Office Supplies,Premium Notebook Set A5,1,8.8,10,7.92,11.94,-7.98,Bank Transfer,2023,11,Nov,Q4,-100.75757575757575,150.75757575757575,2023-11
ORD-10487,2023-12-01,Christopher Khan,Consumer,India,Asia Pacific,Technology,Webcam HD 1080p,8,55.17,5,419.29,17.64,158.9,PayPal,2023,12,Dec,Q4,37.89739798230342,4.207112022705049,2023-12
ORD-10677,2023-12-01,Ivan Jones,Corporate,Mexico,North America,Furniture,Standing Desk Converter,4,336.19,25,1008.57,8.15,193.56,Credit Card,2023,12,Dec,Q4,19.191528599898867,0.8080747989728031,2023-12
ORD-10044,2023-12-02,Fatima Ferrari,Corporate,Japan,Asia Pacific,Clothing & Accessories,Cotton Formal Shirt,8,48.93,10,352.3,27.53,129.05,Credit Card,2023,12,Dec,Q4,36.63071246097076,7.814362759012205,2023-12
ORD-11910,2023-12-02,Amir Laurent,Home Office,Canada,North America,Furniture,Bookshelf 5-Tier,6,191.06,20,917.09,19.84,209.43,Credit Card,2023,12,Dec,Q4,22.836362843341437,2.1633645552781076,2023-12
ORD-10288,2023-12-03,Zara Leroy,Corporate,Japan,Asia Pacific,Furniture,Mesh Back Task Chair,4,112.46,5,427.35,18.44,139.01,Credit Card,2023,12,Dec,Q4,32.52837252837252,4.314964314964316,2023-12
ORD-11423,2023-12-03,Felix Laurent,Home Office,Australia,Asia Pacific,Clothing & Accessories,Silk Tie Collection,2,16.62,5,31.58,12.84,2.12,PayPal,2023,12,Dec,Q4,6.713109563014568,40.65864471184294,2023-12
ORD-11442,2023-12-03,Chen Nilsson,Home Office,United Kingdom,Europe,Furniture,Monitor Riser Wood,4,42.01,5,159.64,12.21,46.61,PayPal,2023,12,Dec,Q4,29.19694312202456,7.6484590328238555,2023-12
ORD-11827,2023-12-03,Emma Sharma,Consumer,Mexico,North America,Furniture,Monitor Riser Wood,2,43.95,20,70.32,6.77,10.81,Credit Card,2023,12,Dec,Q4,15.372582480091015,9.627417519908988,2023-12
ORD-11863,2023-12-03,Isabella Rossi,Home Office,Canada,North America,Furniture,Ergonomic Office Chair,5,233.71,0,1168.55,8.94,458.48,Bank Transfer,2023,12,Dec,Q4,39.23494929613624,0.7650507038637627,2023-12
ORD-11904,2023-12-04,Hans Martin,Consumer,Japan,Asia Pacific,Furniture,Floating Wall Shelves Set,2,55.94,0,111.88,10.95,33.8,Bank Transfer,2023,12,Dec,Q4,30.21094029317125,9.7872720772256,2023-12
ORD-11346,2023-12-05,Jennifer Santos,Consumer,United States,North America,Furniture,Corner L-Shaped Desk,1,263.21,20,210.57,6.52,46.12,PayPal,2023,12,Dec,Q4,21.902455240537588,3.0963575058175428,2023-12
ORD-11661,2023-12-05,Nadia Rossi,Consumer,Japan,Asia Pacific,Furniture,Monitor Riser Wood,2,67.5,0,135.0,13.37,40.63,Credit Card,2023,12,Dec,Q4,30.0962962962963,9.903703703703703,2023-12
ORD-11944,2023-12-05,John Ferrari,Consumer,Canada,North America,Office Supplies,Premium Notebook Set A5,1,8.87,0,8.87,7.47,-2.59,PayPal,2023,12,Dec,Q4,-29.19954904171364,84.21645997745209,2023-12
ORD-10109,2023-12-06,Thomas Ferrari,Consumer,Mexico,North America,Office Supplies,Premium Notebook Set A5,4,14.98,0,59.92,10.55,22.41,Credit Card,2023,12,Dec,Q4,37.39986648865153,17.606809078771697,2023-12
ORD-11117,2023-12-06,Amina Jones,Consumer,Mexico,North America,Technology,Laptop Stand Adjustable,4,33.03,0,132.12,7.2,52.25,Credit Card,2023,12,Dec,Q4,39.54738116863457,5.449591280653951,2023-12
ORD-11316,2023-12-06,Richard Yamamoto,Consumer,UAE,Middle East & Africa,Furniture,Monitor Riser Wood,3,66.28,0,198.84,16.2,63.34,PayPal,2023,12,Dec,Q4,31.854757594045463,8.147254073627035,2023-12
ORD-11770,2023-12-06,Lucas Li,Corporate,India,Asia Pacific,Furniture,Corner L-Shaped Desk,3,216.54,0,649.62,16.39,243.46,Credit Card,2023,12,Dec,Q4,37.4772944182753,2.523013454019273,2023-12
ORD-10189,2023-12-07,William Miller,Corporate,India,Asia Pacific,Office Supplies,Premium Notebook Set A5,4,17.57,15,59.74,18.73,9.38,Credit Card,2023,12,Dec,Q4,15.701372614663542,31.352527619685304,2023-12
ORD-10779,2023-12-07,Wei Hassan,Corporate,India,Asia Pacific,Clothing & Accessories,Travel Backpack 30L,2,68.14,25,102.21,10.95,23.12,Credit Card,2023,12,Dec,Q4,22.620095881029258,10.71323745230408,2023-12
ORD-11597,2023-12-07,Olivia Laurent,Consumer,Canada,North America,Office Supplies,Highlighters Neon Pack 6,1,9.23,0,9.23,6.44,-1.36,Bank Transfer,2023,12,Dec,Q4,-14.734561213434452,69.77248104008667,2023-12
ORD-11641,2023-12-07,Raj Khan,Home Office,United States,North America,Office Supplies,Ballpoint Pen Pack 12,1,9.6,5,9.12,5.52,-0.72,Credit Card,2023,12,Dec,Q4,-7.894736842105264,60.526315789473685,2023-12
ORD-11708,2023-12-07,Ava Garcia,Consumer,Mexico,North America,Clothing & Accessories,Travel Backpack 30L,2,57.77,5,109.76,9.89,42.1,Credit Card,2023,12,Dec,Q4,38.356413994169095,9.010568513119534,2023-12
ORD-11825,2023-12-07,Wei Fischer,Consumer,Mexico,North America,Office Supplies,Premium Notebook Set A5,2,24.03,10,43.25,9.26,12.36,Cash on Delivery,2023,12,Dec,Q4,28.578034682080922,21.410404624277458,2023-12
ORD-11891,2023-12-07,Ayumi Kumar,Corporate,Mexico,North America,Clothing & Accessories,Sports Water Bottle 750ml,3,21.32,15,54.37,7.01,15.38,Credit Card,2023,12,Dec,Q4,28.28765863527681,12.89313959904359,2023-12
ORD-10220,2023-12-08,Elizabeth Weber,Consumer,Italy,Europe,Furniture,Monitor Riser Wood,7,67.53,10,425.44,12.11,129.7,Bank Transfer,2023,12,Dec,Q4,30.48608499435878,2.846464836404663,2023-12
ORD-11953,2023-12-08,Liam Costa,Consumer,Colombia,South America,Office Supplies,Paper Clips Box 500pc,1,9.18,5,8.72,11.53,-6.94,PayPal,2023,12,Dec,Q4,-79.58715596330275,132.2247706422018,2023-12
ORD-10183,2023-12-09,Sarah Thompson,Consumer,United Kingdom,Europe,Furniture,Mesh Back Task Chair,5,152.95,5,726.51,18.94,248.72,Bank Transfer,2023,12,Dec,Q4,34.23490385541837,2.6069840745481825,2023-12
ORD-10488,2023-12-09,Elizabeth Dubois,Consumer,Japan,Asia Pacific,Furniture,Desk Organizer Set,4,52.21,5,198.4,16.48,56.62,PayPal,2023,12,Dec,Q4,28.5383064516129,8.306451612903226,2023-12
ORD-11110,2023-12-09,Robert Dubois,Corporate,United States,North America,Technology,USB-C Hub Multiport Adapter,1,58.09,15,49.38,6.23,11.2,Bank Transfer,2023,12,Dec,Q4,22.68124746861077,12.616443904414743,2023-12
ORD-11393,2023-12-09,Liam Rossi,Corporate,Australia,Asia Pacific,Office Supplies,Ballpoint Pen Pack 12,3,9.96,15,25.4,15.0,-3.05,Bank Transfer,2023,12,Dec,Q4,-12.007874015748031,59.05511811023623,2023-12
ORD-10632,2023-12-10,David White,Home Office,Mexico,North America,Office Supplies,Premium Notebook Set A5,1,15.07,5,14.32,6.62,0.92,Credit Card,2023,12,Dec,Q4,6.424581005586592,46.229050279329606,2023-12
ORD-11262,2023-12-10,Oscar Martinez,Corporate,Mexico,North America,Clothing & Accessories,Canvas Messenger Bag,10,38.59,10,347.31,26.11,128.25,Credit Card,2023,12,Dec,Q4,36.92666493910339,7.517779505341049,2023-12
ORD-10199,2023-12-11,Hans Robinson,Consumer,Canada,North America,Office Supplies,Stapler Full-Size,5,16.65,5,79.09,8.63,33.0,Credit Card,2023,12,Dec,Q4,41.72461752433936,10.911619673789355,2023-12
ORD-10454,2023-12-11,Carlos Ali,Consumer,Canada,North America,Office Supplies,Tape Dispenser Heavy Duty,1,10.81,10,9.73,5.77,-0.9,Bank Transfer,2023,12,Dec,Q4,-9.249743062692703,59.3011305241521,2023-12
ORD-10658,2023-12-11,Isabella Johansson,Consumer,Nigeria,Middle East & Africa,Clothing & Accessories,Cotton Formal Shirt,3,44.11,0,132.33,13.52,52.65,Cash on Delivery,2023,12,Dec,Q4,39.786896395375194,10.216882037330913,2023-12
ORD-11649,2023-12-11,Ava Li,Corporate,Argentina,South America,Office Supplies,Paper Clips Box 500pc,3,6.13,5,17.47,16.06,-6.87,Cash on Delivery,2023,12,Dec,Q4,-39.32455638236978,91.92902117916428,2023-12
ORD-11811,2023-12-11,Noah Chen,Consumer,Germany,Europe,Technology,Laptop Stand Adjustable,5,30.27,0,151.35,13.59,54.52,Credit Card,2023,12,Dec,Q4,36.02246448629006,8.97918731417245,2023-12
ORD-11847,2023-12-11,Giulia Williams,Corporate,United Kingdom,Europe,Clothing & Accessories,Polarized Sunglasses,3,43.37,15,110.59,14.43,31.11,Bank Transfer,2023,12,Dec,Q4,28.130934080839133,13.048196039424903,2023-12
ORD-11936,2023-12-11,Wei Santos,Consumer,Australia,Asia Pacific,Clothing & Accessories,Business Casual Blazer,3,126.07,0,378.21,16.14,172.96,Bank Transfer,2023,12,Dec,Q4,45.73120753020809,4.26747045292298,2023-12
ORD-11986,2023-12-11,Sophie Miller,Home Office,United States,North America,Office Supplies,Whiteboard Markers Set 8,2,19.32,0,38.64,9.47,11.78,PayPal,2023,12,Dec,Q4,30.48654244306418,24.508281573498966,2023-12
ORD-11964,2023-12-13,Linda Martin,Consumer,United States,North America,Furniture,Floating Wall Shelves Set,3,47.08,10,127.12,11.82,30.56,Bank Transfer,2023,12,Dec,Q4,24.040276903713025,9.298300818124607,2023-12
ORD-11968,2023-12-13,Karen Smith,Consumer,Spain,Europe,Furniture,Filing Cabinet 3-Drawer,5,109.55,10,492.98,16.35,147.98,Credit Card,2023,12,Dec,Q4,30.017444926771873,3.316564566513855,2023-12
ORD-10508,2023-12-14,William Chen,Consumer,France,Europe,Technology,Webcam HD 1080p,4,32.24,5,122.51,13.12,38.46,PayPal,2023,12,Dec,Q4,31.393355644437186,10.709329850624439,2023-12
ORD-11337,2023-12-14,Diego Anderson,Consumer,Nigeria,Middle East & Africa,Clothing & Accessories,Leather Wallet Minimalist,1,32.68,5,31.05,13.1,1.61,Credit Card,2023,12,Dec,Q4,5.185185185185185,42.19001610305958,2023-12
ORD-11463,2023-12-16,Ingrid Zhang,Corporate,Australia,Asia Pacific,Technology,Mechanical Gaming Keyboard,8,85.21,15,579.43,13.75,190.76,PayPal,2023,12,Dec,Q4,32.92200956112041,2.3730217627668573,2023-12
ORD-11449,2023-12-17,Giulia Johnson,Corporate,South Korea,Asia Pacific,Technology,Wireless Bluetooth Headphones,3,166.63,0,499.89,14.84,210.11,Bank Transfer,2023,12,Dec,Q4,42.03124687431235,2.96865310368281,2023-12
ORD-10474,2023-12-18,Kenji Schmidt,Consumer,Canada,North America,Office Supplies,Sticky Notes Multicolor 6-Pack,10,9.33,15,79.3,10.95,26.36,Credit Card,2023,12,Dec,Q4,33.24085750315259,13.808322824716267,2023-12
ORD-10495,2023-12-18,Mary Laurent,Consumer,Canada,North America,Clothing & Accessories,Sports Water Bottle 750ml,5,8.1,20,32.4,16.7,-4.55,Cash on Delivery,2023,12,Dec,Q4,-14.04320987654321,51.54320987654321,2023-12
ORD-11233,2023-12-18,Maria Miller,Corporate,Canada,North America,Office Supplies,Whiteboard Markers Set 8,3,17.75,15,45.26,10.14,11.16,Credit Card,2023,12,Dec,Q4,24.657534246575345,22.403888643393728,2023-12
ORD-11248,2023-12-18,Amina Taylor,Home Office,Germany,Europe,Furniture,Folding Table Portable,4,59.95,5,227.81,13.86,70.07,PayPal,2023,12,Dec,Q4,30.758087880251082,6.084017382906808,2023-12
ORD-11998,2023-12-18,Zara Smith,Corporate,United States,North America,Office Supplies,Paper Clips Box 500pc,4,3.66,20,11.71,13.72,-8.6,Credit Card,2023,12,Dec,Q4,-73.44150298889836,117.16481639624251,2023-12
ORD-10126,2023-12-20,Diego Thomas,Consumer,Nigeria,Middle East & Africa,Clothing & Accessories,Leather Wallet Minimalist,6,64.86,20,311.33,25.84,90.91,PayPal,2023,12,Dec,Q4,29.200526772235246,8.299874730992837,2023-12
ORD-11345,2023-12-20,Isabella Johnson,Consumer,Saudi Arabia,Middle East & Africa,Furniture,Floating Wall Shelves Set,4,94.69,10,340.88,14.7,98.92,Credit Card,2023,12,Dec,Q4,29.019009622154424,4.312367988735039,2023-12
ORD-11967,2023-12-20,Elizabeth Harris,Home Office,Australia,Asia Pacific,Technology,Webcam HD 1080p,1,36.01,5,34.21,9.7,4.7,Credit Card,2023,12,Dec,Q4,13.73867290266004,28.354282373574975,2023-12
ORD-10197,2023-12-21,Sarah Rossi,Consumer,Mexico,North America,Office Supplies,Highlighters Neon Pack 6,1,6.89,15,5.86,6.74,-3.98,Cash on Delivery,2023,12,Dec,Q4,-67.91808873720136,115.01706484641639,2023-12
ORD-11579,2023-12-21,Felix Davis,Home Office,Mexico,North America,Technology,Portable External SSD 1TB,1,98.38,0,98.38,6.62,37.65,PayPal,2023,12,Dec,Q4,38.2699735718642,6.729009961374263,2023-12
ORD-10237,2023-12-22,Hans Rossi,Home Office,India,Asia Pacific,Technology,Tablet Stand Holder,5,27.72,5,131.67,17.42,38.02,Bank Transfer,2023,12,Dec,Q4,28.875218348902564,13.230044808992181,2023-12
ORD-10587,2023-12-22,James Ferrari,Consumer,Colombia,South America,Furniture,Corner L-Shaped Desk,3,371.61,15,947.61,15.39,263.32,Credit Card,2023,12,Dec,Q4,27.78780299912411,1.624085858106183,2023-12
ORD-10724,2023-12-22,Joseph Martinez,Consumer,South Korea,Asia Pacific,Furniture,Ergonomic Office Chair,2,288.74,20,461.98,11.82,103.67,Bank Transfer,2023,12,Dec,Q4,22.440365383782847,2.5585523182821768,2023-12
ORD-10127,2023-12-23,David Leroy,Corporate,Saudi Arabia,Middle East & Africa,Office Supplies,Tape Dispenser Heavy Duty,12,11.81,15,120.46,22.68,34.01,PayPal,2023,12,Dec,Q4,28.23343848580442,18.82782666445293,2023-12
ORD-10230,2023-12-23,Ava Yamamoto,Corporate,India,Asia Pacific,Technology,Smart LED Desk Lamp,3,67.73,10,182.87,11.07,60.05,Credit Card,2023,12,Dec,Q4,32.8375348608301,6.0534806146442826,2023-12
ORD-10318,2023-12-23,Priya Costa,Corporate,South Korea,Asia Pacific,Furniture,Mesh Back Task Chair,4,166.71,20,533.47,15.13,118.24,Credit Card,2023,12,Dec,Q4,22.164320392899317,2.8361482370142648,2023-12
ORD-10827,2023-12-24,Priya Martin,Home Office,Mexico,North America,Technology,Tablet Stand Holder,1,41.24,10,37.12,5.87,8.57,PayPal,2023,12,Dec,Q4,23.087284482758623,15.813577586206899,2023-12
ORD-11663,2023-12-24,Olivia Patel,Home Office,France,Europe,Technology,Portable External SSD 1TB,5,81.1,10,364.95,17.85,124.07,Credit Card,2023,12,Dec,Q4,33.99643786820113,4.89108096999589,2023-12
ORD-10149,2023-12-25,Barbara Sharma,Corporate,United Kingdom,Europe,Furniture,Bookshelf 5-Tier,1,190.75,20,152.6,9.08,29.07,Credit Card,2023,12,Dec,Q4,19.049803407601573,5.950196592398427,2023-12
ORD-11020,2023-12-25,Liam Romano,Home Office,France,Europe,Technology,Laptop Stand Adjustable,1,69.13,15,58.76,7.83,12.91,Credit Card,2023,12,Dec,Q4,21.970728386657594,13.325391422736557,2023-12
ORD-10218,2023-12-26,Olga Davis,Consumer,India,Asia Pacific,Technology,USB-C Hub Multiport Adapter,1,51.57,20,41.26,10.55,2.35,Bank Transfer,2023,12,Dec,Q4,5.6955889481337865,25.569558894813383,2023-12
ORD-10409,2023-12-26,Noah Ali,Consumer,Japan,Asia Pacific,Technology,Webcam HD 1080p,3,85.34,5,243.22,10.71,91.7,Credit Card,2023,12,Dec,Q4,37.70249157141682,4.403420771318149,2023-12
ORD-10439,2023-12-26,Ayumi Tanaka,Corporate,Colombia,South America,Office Supplies,Binder Clips Assorted 48pc,4,11.72,5,44.54,14.16,9.28,Bank Transfer,2023,12,Dec,Q4,20.835204310731925,31.79164795689268,2023-12
ORD-10591,2023-12-26,Isabella Anderson,Corporate,South Korea,Asia Pacific,Technology,USB-C Hub Multiport Adapter,1,53.57,25,40.18,11.21,-0.49,Cash on Delivery,2023,12,Dec,Q4,-1.2195121951219512,27.899452463912393,2023-12
ORD-10825,2023-12-26,Raj Singh,Consumer,South Korea,Asia Pacific,Office Supplies,Paper Clips Box 500pc,2,8.93,0,17.86,10.04,-0.22,Credit Card,2023,12,Dec,Q4,-1.2318029115341547,56.21500559910414,2023-12
ORD-11187,2023-12-26,Ali Weber,Corporate,China,Asia Pacific,Clothing & Accessories,Canvas Messenger Bag,5,57.59,5,273.55,16.19,113.38,PayPal,2023,12,Dec,Q4,41.447632973862184,5.9184792542496805,2023-12
ORD-11830,2023-12-26,John Miller,Home Office,Canada,North America,Technology,Tablet Stand Holder,3,25.88,15,65.99,6.99,16.3,Credit Card,2023,12,Dec,Q4,24.700712229125628,10.592514017275347,2023-12
ORD-11418,2023-12-27,Ahmed Jackson,Consumer,Argentina,South America,Furniture,Floating Wall Shelves Set,2,85.83,15,145.91,13.6,29.31,PayPal,2023,12,Dec,Q4,20.08772531012268,9.320814200534576,2023-12
ORD-11457,2023-12-27,Hanna Dubois,Corporate,Australia,Asia Pacific,Furniture,Bookshelf 5-Tier,2,139.67,15,237.44,13.84,56.0,Credit Card,2023,12,Dec,Q4,23.58490566037736,5.828840970350405,2023-12
ORD-11996,2023-12-27,Priya Li,Consumer,Colombia,South America,Office Supplies,Highlighters Neon Pack 6,5,8.83,0,44.15,19.01,5.27,Bank Transfer,2023,12,Dec,Q4,11.936579841449603,43.057757644394115,2023-12
ORD-11147,2023-12-28,Priya Johansson,Consumer,India,Asia Pacific,Furniture,Filing Cabinet 3-Drawer,1,172.7,0,172.7,11.33,57.75,Bank Transfer,2023,12,Dec,Q4,33.439490445859875,6.560509554140127,2023-12
ORD-11437,2023-12-31,Sarah Johnson,Consumer,Germany,Europe,Furniture,Bookshelf 5-Tier,1,162.05,5,153.95,9.38,47.34,PayPal,2023,12,Dec,Q4,30.75024358557974,6.0928873010717775,2023-12
ORD-10010,2024-01-01,James Li,Home Office,Mexico,North America,Technology,Portable External SSD 1TB,3,135.75,0,407.25,8.74,174.52,Credit Card,2024,1,Jan,Q1,42.853284223449975,2.1461019030079806,2024-01
ORD-11510,2024-01-01,Olga Pereira,Consumer,Italy,Europe,Clothing & Accessories,Cotton Formal Shirt,2,50.45,0,100.9,10.54,39.91,PayPal,2024,1,Jan,Q1,39.55401387512388,10.445986124876114,2024-01
ORD-10052,2024-01-03,Ali Miller,Home Office,Canada,North America,Office Supplies,Desk Calendar 2025,11,9.84,10,97.42,25.84,22.87,Credit Card,2024,1,Jan,Q1,23.47567234654075,26.524327653459245,2024-01
ORD-10430,2024-01-04,Chen Johansson,Corporate,Colombia,South America,Furniture,Corner L-Shaped Desk,1,246.96,10,222.26,10.51,63.57,PayPal,2024,1,Jan,Q1,28.60163772158733,4.728696121659318,2024-01
ORD-11467,2024-01-04,Jamal Patel,Consumer,United Kingdom,Europe,Office Supplies,Stapler Full-Size,2,17.17,5,32.62,10.14,7.03,Bank Transfer,2024,1,Jan,Q1,21.55119558553035,31.085223789086452,2024-01
ORD-11720,2024-01-04,Diego Nilsson,Consumer,Italy,Europe,Office Supplies,Stapler Full-Size,1,11.89,0,11.89,7.53,-0.99,Bank Transfer,2024,1,Jan,Q1,-8.32632464255677,63.33052985702271,2024-01
ORD-10673,2024-01-06,Jessica Kim,Corporate,Brazil,South America,Office Supplies,Premium Notebook Set A5,5,17.43,0,87.15,13.79,34.14,Credit Card,2024,1,Jan,Q1,39.17383820998278,15.82329317269076,2024-01
ORD-10709,2024-01-07,Olga Ahmed,Consumer,Italy,Europe,Clothing & Accessories,Leather Belt Classic,3,22.55,10,60.89,12.39,14.67,Credit Card,2024,1,Jan,Q1,24.092626046969944,20.348168829035966,2024-01
ORD-10323,2024-01-08,Hans Costa,Consumer,Mexico,North America,Furniture,Bookshelf 5-Tier,2,161.39,5,306.64,8.36,104.61,Credit Card,2024,1,Jan,Q1,34.11492303678581,2.726324028176363,2024-01
ORD-10650,2024-01-08,Carlos Ahmed,Consumer,Canada,North America,Technology,Tablet Stand Holder,1,47.57,0,47.57,5.87,15.54,Bank Transfer,2024,1,Jan,Q1,32.66764767710742,12.339709901198233,2024-01
ORD-10718,2024-01-08,Ivan Li,Consumer,United States,North America,Furniture,Corner L-Shaped Desk,4,259.86,5,987.47,13.35,350.46,Credit Card,2024,1,Jan,Q1,35.490698451598526,1.351939805766251,2024-01
ORD-10962,2024-01-09,Ayumi Suzuki,Corporate,Colombia,South America,Clothing & Accessories,Sports Water Bottle 750ml,6,12.29,5,70.05,13.2,19.98,Bank Transfer,2024,1,Jan,Q1,28.522483940042832,18.843683083511777,2024-01
ORD-11993,2024-01-09,Hanna Taylor,Home Office,Mexico,North America,Furniture,Ergonomic Office Chair,3,192.53,0,577.59,10.09,220.95,Credit Card,2024,1,Jan,Q1,38.25377863190152,1.7469139008639345,2024-01
ORD-10925,2024-01-10,Linda Müller,Corporate,Canada,North America,Office Supplies,Sticky Notes Multicolor 6-Pack,4,6.51,5,24.74,14.84,-1.82,Credit Card,2024,1,Jan,Q1,-7.3565076798706555,59.983831851253036,2024-01
ORD-11362,2024-01-10,Priya Smith,Consumer,Spain,Europe,Technology,Wireless Ergonomic Mouse,1,32.02,5,30.42,8.28,4.53,Cash on Delivery,2024,1,Jan,Q1,14.891518737672586,27.2189349112426,2024-01
ORD-11372,2024-01-10,William Ahmed,Home Office,Mexico,North America,Technology,Wireless Bluetooth Headphones,2,155.87,15,264.98,6.43,87.09,PayPal,2024,1,Jan,Q1,32.866631443882554,2.426598233828968,2024-01
ORD-11551,2024-01-11,Nadia Martin,Home Office,China,Asia Pacific,Technology,Wireless Ergonomic Mouse,5,62.1,0,310.5,11.64,128.08,Bank Transfer,2024,1,Jan,Q1,41.24959742351047,3.7487922705314007,2024-01
ORD-10476,2024-01-13,Jennifer Khan,Corporate,France,Europe,Office Supplies,Whiteboard Markers Set 8,1,21.65,10,19.48,9.45,0.29,PayPal,2024,1,Jan,Q1,1.4887063655030799,48.511293634496916,2024-01
ORD-11431,2024-01-13,Karen Wang,Home Office,Colombia,South America,Clothing & Accessories,Polarized Sunglasses,1,21.54,15,18.31,12.49,-4.95,Credit Card,2024,1,Jan,Q1,-27.034407427635177,68.21409066084108,2024-01
ORD-11861,2024-01-13,Maria Khan,Home Office,South Africa,Middle East & Africa,Technology,Portable External SSD 1TB,2,75.67,0,151.34,12.13,55.97,Credit Card,2024,1,Jan,Q1,36.982952292850534,8.015065415620457,2024-01
ORD-11992,2024-01-13,Olivia Miller,Consumer,Mexico,North America,Clothing & Accessories,Cotton Formal Shirt,6,51.47,20,247.06,17.98,74.67,Bank Transfer,2024,1,Jan,Q1,30.22342750748806,7.2775843924552746,2024-01
ORD-10152,2024-01-14,Ivan Dubois,Consumer,United Kingdom,Europe,Furniture,Filing Cabinet 3-Drawer,2,81.16,5,154.2,9.07,47.74,Credit Card,2024,1,Jan,Q1,30.959792477302205,5.881971465629054,2024-01
ORD-10672,2024-01-14,Thomas Miller,Consumer,South Korea,Asia Pacific,Office Supplies,Binder Clips Assorted 48pc,3,11.12,15,28.36,13.43,-0.08,PayPal,2024,1,Jan,Q1,-0.2820874471086037,47.35543018335684,2024-01
ORD-10880,2024-01-16,Barbara Davis,Home Office,United States,North America,Office Supplies,Premium Notebook Set A5,5,21.03,0,105.15,11.25,46.58,Credit Card,2024,1,Jan,Q1,44.29862101759391,10.699001426533524,2024-01
ORD-11107,2024-01-16,Ayumi Martinez,Consumer,South Africa,Middle East & Africa,Furniture,Floating Wall Shelves Set,7,34.67,10,218.42,22.52,50.29,Bank Transfer,2024,1,Jan,Q1,23.02444831059427,10.310411134511492,2024-01
ORD-11424,2024-01-17,Felix Taylor,Home Office,Mexico,North America,Office Supplies,Highlighters Neon Pack 6,2,11.84,10,21.31,9.87,0.78,Credit Card,2024,1,Jan,Q1,3.6602534021586113,46.31628343500704,2024-01
ORD-11592,2024-01-17,Mia Clark,Consumer,Japan,Asia Pacific,Technology,Smart LED Desk Lamp,4,27.55,20,88.16,14.39,13.16,Bank Transfer,2024,1,Jan,Q1,14.927404718693285,16.322595281306718,2024-01
ORD-10695,2024-01-18,William Kim,Consumer,South Korea,Asia Pacific,Office Supplies,Paper Clips Box 500pc,1,9.96,15,8.47,9.9,-5.91,Bank Transfer,2024,1,Jan,Q1,-69.77567886658795,116.88311688311688,2024-01
ORD-10116,2024-01-19,Ivan Smith,Corporate,Canada,North America,Technology,Webcam HD 1080p,3,34.06,10,91.96,12.43,23.33,PayPal,2024,1,Jan,Q1,25.36972596781209,13.516746411483254,2024-01
ORD-10775,2024-01-19,Susan Zhang,Consumer,Canada,North America,Furniture,Floating Wall Shelves Set,2,61.68,20,98.69,6.34,18.33,PayPal,2024,1,Jan,Q1,18.573310365791873,6.424156449488297,2024-01
ORD-11033,2024-01-19,Yuki Chen,Consumer,China,Asia Pacific,Office Supplies,Sticky Notes Multicolor 6-Pack,4,5.79,10,20.84,15.81,-5.39,PayPal,2024,1,Jan,Q1,-25.863723608445294,75.8637236084453,2024-01
ORD-10866,2024-01-20,Jamal Jones,Home Office,Mexico,North America,Technology,Wireless Ergonomic Mouse,1,36.55,5,34.72,5.81,8.81,Credit Card,2024,1,Jan,Q1,25.37442396313364,16.733870967741936,2024-01
ORD-11159,2024-01-20,James Kumar,Corporate,Mexico,North America,Technology,Smart LED Desk Lamp,4,35.55,5,135.09,11.22,45.66,Credit Card,2024,1,Jan,Q1,33.79968909615811,8.305574061736621,2024-01
ORD-10471,2024-01-21,Zara Müller,Corporate,Japan,Asia Pacific,Furniture,Standing Desk Converter,1,197.67,25,148.25,9.65,20.0,Credit Card,2024,1,Jan,Q1,13.490725126475548,6.509274873524452,2024-01
ORD-10549,2024-01-21,Thomas Rodriguez,Consumer,United States,North America,Technology,USB-C Hub Multiport Adapter,2,49.24,10,88.63,9.16,25.31,Credit Card,2024,1,Jan,Q1,28.556922035428183,10.335100981608937,2024-01
ORD-11273,2024-01-21,Richard Rodriguez,Corporate,United Kingdom,Europe,Clothing & Accessories,Canvas Messenger Bag,3,74.46,20,178.7,12.62,54.39,PayPal,2024,1,Jan,Q1,30.436485730274203,7.06211527700056,2024-01
ORD-10067,2024-01-22,Noah Leroy,Corporate,France,Europe,Technology,Smart LED Desk Lamp,5,36.68,0,183.4,16.95,65.58,Bank Transfer,2024,1,Jan,Q1,35.75790621592148,9.242093784078516,2024-01
ORD-10498,2024-01-22,Kenji White,Corporate,Canada,North America,Clothing & Accessories,Leather Wallet Minimalist,2,61.95,0,123.9,8.7,53.25,PayPal,2024,1,Jan,Q1,42.97820823244552,7.021791767554479,2024-01
ORD-10265,2024-01-24,Nadia Zhang,Consumer,South Korea,Asia Pacific,Office Supplies,Tape Dispenser Heavy Duty,3,18.85,20,45.24,12.65,7.14,Credit Card,2024,1,Jan,Q1,15.782493368700266,27.961980548187444,2024-01
ORD-10662,2024-01-24,Liam Tanaka,Corporate,United States,North America,Clothing & Accessories,Wool Blend Scarf,5,49.71,25,186.41,8.76,53.37,PayPal,2024,1,Jan,Q1,28.630438281208086,4.6993187060779995,2024-01
ORD-11015,2024-01-27,Clara Rodriguez,Corporate,United States,North America,Clothing & Accessories,Travel Backpack 30L,3,59.07,20,141.77,11.25,41.92,Credit Card,2024,1,Jan,Q1,29.569020244057278,7.935388305001058,2024-01
ORD-11782,2024-01-27,Oscar Pereira,Corporate,China,Asia Pacific,Office Supplies,Premium Notebook Set A5,2,21.61,15,36.74,13.06,4.23,Bank Transfer,2024,1,Jan,Q1,11.51333696243876,35.547087642896024,2024-01
ORD-10032,2024-01-28,Oscar Khan,Consumer,United States,North America,Clothing & Accessories,Leather Belt Classic,2,39.62,5,75.28,6.0,29.66,Credit Card,2024,1,Jan,Q1,39.39957492029755,7.970244420828905,2024-01
ORD-10004,2024-01-29,Amir Garcia,Corporate,South Africa,Middle East & Africa,Technology,Mechanical Gaming Keyboard,12,150.5,20,1444.8,37.8,413.7,Credit Card,2024,1,Jan,Q1,28.63372093023256,2.6162790697674416,2024-01
ORD-10051,2024-01-30,Chen Thompson,Consumer,Mexico,North America,Office Supplies,Desk Calendar 2025,5,8.68,0,43.4,13.4,10.47,Bank Transfer,2024,1,Jan,Q1,24.124423963133644,30.87557603686636,2024-01
ORD-10878,2024-01-31,Clara Sato,Home Office,Japan,Asia Pacific,Furniture,Monitor Riser Wood,2,29.62,5,56.28,10.79,9.95,PayPal,2024,1,Jan,Q1,17.67945984363895,19.171997157071782,2024-01
ORD-11208,2024-01-31,Thomas Suzuki,Corporate,United States,North America,Technology,Mechanical Gaming Keyboard,2,96.97,15,164.85,9.27,48.91,Bank Transfer,2024,1,Jan,Q1,29.669396420988775,5.623293903548681,2024-01
ORD-11547,2024-01-31,Mary Russo,Home Office,Argentina,South America,Office Supplies,Binder Clips Assorted 48pc,1,15.66,0,15.66,10.77,-2.16,Credit Card,2024,1,Jan,Q1,-13.793103448275861,68.77394636015325,2024-01
ORD-10100,2024-02-02,Fatima Jones,Corporate,Mexico,North America,Furniture,Bookshelf 5-Tier,1,93.08,5,88.43,6.7,25.88,Bank Transfer,2024,2,Feb,Q1,29.266086169851857,7.5766142711749405,2024-02
ORD-10110,2024-02-02,Ayumi White,Corporate,Italy,Europe,Clothing & Accessories,Leather Wallet Minimalist,2,38.08,10,68.54,10.11,20.35,Cash on Delivery,2024,2,Feb,Q1,29.69069156696819,14.75051065071491,2024-02
ORD-10928,2024-02-03,Olga Pereira,Home Office,Australia,Asia Pacific,Office Supplies,Highlighters Neon Pack 6,1,13.92,5,13.22,10.04,-3.08,PayPal,2024,2,Feb,Q1,-23.29803328290469,75.94553706505293,2024-02
ORD-11928,2024-02-03,Kenji Dubois,Home Office,Spain,Europe,Furniture,Mesh Back Task Chair,2,297.8,0,595.6,11.67,226.57,PayPal,2024,2,Feb,Q1,38.040631296171924,1.9593687038280725,2024-02
ORD-10440,2024-02-04,Marco Sharma,Corporate,Germany,Europe,Office Supplies,Desk Calendar 2025,1,10.39,0,10.39,7.64,-1.93,PayPal,2024,2,Feb,Q1,-18.57555341674687,73.53224254090472,2024-02
ORD-11047,2024-02-04,Yuki Ferrari,Corporate,United States,North America,Furniture,Filing Cabinet 3-Drawer,2,214.42,20,343.07,6.04,79.73,Credit Card,2024,2,Feb,Q1,23.240155070393797,1.7605736438627686,2024-02
ORD-11456,2024-02-04,Ahmed Singh,Corporate,United States,North America,Technology,Portable External SSD 1TB,4,96.59,0,386.36,8.86,165.0,PayPal,2024,2,Feb,Q1,42.706284294440415,2.29319805362874,2024-02
ORD-10297,2024-02-07,Hans Patel,Corporate,South Korea,Asia Pacific,Clothing & Accessories,Canvas Messenger Bag,12,54.17,0,650.04,38.1,286.92,Bank Transfer,2024,2,Feb,Q1,44.138822226324535,5.861177773675466,2024-02
ORD-11139,2024-02-07,Priya Laurent,Consumer,Spain,Europe,Clothing & Accessories,Business Casual Blazer,4,90.04,5,342.15,13.31,148.76,Bank Transfer,2024,2,Feb,Q1,43.47800672219787,3.890106678357446,2024-02
ORD-11704,2024-02-07,Clara Miller,Consumer,Italy,Europe,Technology,Webcam HD 1080p,2,33.73,15,57.34,11.05,9.19,Credit Card,2024,2,Feb,Q1,16.027206138821064,19.271014998256017,2024-02
ORD-10031,2024-02-08,Yuki Martin,Consumer,Spain,Europe,Technology,Webcam HD 1080p,4,67.39,0,269.56,16.2,105.1,PayPal,2024,2,Feb,Q1,38.98946431221249,6.009793737943315,2024-02
ORD-10923,2024-02-08,Hans Martinez,Consumer,Japan,Asia Pacific,Furniture,Ergonomic Office Chair,6,443.99,15,2264.35,18.29,647.7,Credit Card,2024,2,Feb,Q1,28.604235210987706,0.8077373197606377,2024-02
ORD-10958,2024-02-10,John Zhang,Home Office,United Kingdom,Europe,Technology,Wireless Bluetooth Headphones,1,216.25,5,205.44,7.52,78.98,PayPal,2024,2,Feb,Q1,38.44431464174455,3.6604361370716507,2024-02
ORD-11599,2024-02-10,Nadia Martin,Consumer,South Korea,Asia Pacific,Clothing & Accessories,Business Casual Blazer,2,89.21,15,151.66,13.6,48.85,Credit Card,2024,2,Feb,Q1,32.210207042067786,8.967427139654491,2024-02
ORD-11625,2024-02-11,Jennifer Ali,Corporate,Argentina,South America,Furniture,Corner L-Shaped Desk,8,180.57,10,1300.1,17.58,415.78,Credit Card,2024,2,Feb,Q1,31.98061687562495,1.3522036766402583,2024-02
ORD-11705,2024-02-11,Jennifer Martinez,Corporate,UAE,Middle East & Africa,Technology,Wireless Ergonomic Mouse,2,22.02,5,41.84,13.18,4.44,Cash on Delivery,2024,2,Feb,Q1,10.611854684512428,31.50095602294455,2024-02
ORD-10346,2024-02-12,Marco Hassan,Consumer,Mexico,North America,Office Supplies,Tape Dispenser Heavy Duty,5,10.97,5,52.11,14.23,13.2,PayPal,2024,2,Feb,Q1,25.331030512377662,27.307618499328346,2024-02
ORD-10338,2024-02-13,Maria Zhang,Corporate,Argentina,South America,Technology,Portable External SSD 1TB,1,78.61,5,74.68,11.74,19.7,Credit Card,2024,2,Feb,Q1,26.379217996786288,15.72040707016604,2024-02
ORD-10935,2024-02-13,Patricia Khan,Consumer,Spain,Europe,Office Supplies,Highlighters Neon Pack 6,1,12.56,0,12.56,8.15,-1.24,PayPal,2024,2,Feb,Q1,-9.872611464968152,64.88853503184714,2024-02
ORD-11263,2024-02-14,Susan Zhang,Consumer,Saudi Arabia,Middle East & Africa,Clothing & Accessories,Business Casual Blazer,4,108.96,0,435.84,18.91,199.01,Cash on Delivery,2024,2,Feb,Q1,45.66125183553598,4.338748164464024,2024-02
ORD-11724,2024-02-14,Lucas Rodriguez,Consumer,United States,North America,Furniture,Desk Organizer Set,4,40.58,5,154.2,13.86,42.95,PayPal,2024,2,Feb,Q1,27.85343709468224,8.988326848249027,2024-02
ORD-11580,2024-02-15,Chen Garcia,Consumer,China,Asia Pacific,Technology,Smart LED Desk Lamp,1,28.43,0,28.43,11.31,1.48,Cash on Delivery,2024,2,Feb,Q1,5.205768554344003,39.78192050650721,2024-02
ORD-10292,2024-02-16,Omar Costa,Corporate,Saudi Arabia,Middle East & Africa,Office Supplies,Whiteboard Markers Set 8,1,20.74,15,17.63,13.45,-5.15,Credit Card,2024,2,Feb,Q1,-29.2115711854793,76.29041406693136,2024-02
ORD-11565,2024-02-17,Omar Williams,Consumer,South Korea,Asia Pacific,Clothing & Accessories,Leather Belt Classic,5,48.34,25,181.28,14.29,46.14,Credit Card,2024,2,Feb,Q1,25.452338923212707,7.882833186231244,2024-02
ORD-10413,2024-02-18,Li Laurent,Consumer,United States,North America,Furniture,Ergonomic Office Chair,7,429.66,0,3007.62,13.26,1189.79,PayPal,2024,2,Feb,Q1,39.559186333379884,0.4408801643824686,2024-02
ORD-10503,2024-02-18,Elizabeth Singh,Corporate,Australia,Asia Pacific,Furniture,Floating Wall Shelves Set,2,48.32,20,77.31,12.19,7.14,Cash on Delivery,2024,2,Feb,Q1,9.235545207605742,15.767688526710643,2024-02
ORD-10510,2024-02-18,Olivia Anderson,Corporate,Italy,Europe,Clothing & Accessories,Cotton Formal Shirt,3,62.02,5,176.76,8.79,74.94,Cash on Delivery,2024,2,Feb,Q1,42.39646978954515,4.972844534962661,2024-02
ORD-10165,2024-02-21,Hanna Leroy,Corporate,France,Europe,Technology,Wireless Ergonomic Mouse,1,62.36,15,53.01,7.88,10.83,Credit Card,2024,2,Feb,Q1,20.43010752688172,14.865119788719111,2024-02
ORD-10529,2024-02-21,Chen Santos,Corporate,Mexico,North America,Clothing & Accessories,Canvas Messenger Bag,3,43.72,0,131.16,11.64,53.94,PayPal,2024,2,Feb,Q1,41.12534309240622,8.87465690759378,2024-02
ORD-10819,2024-02-21,Oscar Wang,Home Office,United Kingdom,Europe,Clothing & Accessories,Sports Water Bottle 750ml,5,13.07,0,65.35,13.22,19.45,Bank Transfer,2024,2,Feb,Q1,29.7628156082632,20.22953328232594,2024-02
ORD-11638,2024-02-21,Maria Ferrari,Corporate,United States,North America,Furniture,Standing Desk Converter,1,246.49,10,221.84,6.91,67.04,Credit Card,2024,2,Feb,Q1,30.21997836278399,3.1148575549945905,2024-02
ORD-11671,2024-02-23,Jennifer Tanaka,Consumer,Canada,North America,Clothing & Accessories,Sports Water Bottle 750ml,7,23.26,5,154.68,15.24,58.03,Credit Card,2024,2,Feb,Q1,37.51616239979312,9.852598913886734,2024-02
ORD-10156,2024-02-25,Karen Anderson,Consumer,United Kingdom,Europe,Furniture,Floating Wall Shelves Set,1,61.18,0,61.18,8.33,16.14,PayPal,2024,2,Feb,Q1,26.38117031709709,13.615560640732266,2024-02
ORD-10708,2024-02-27,Susan Li,Corporate,France,Europe,Technology,Portable External SSD 1TB,4,78.35,20,250.72,12.16,66.19,PayPal,2024,2,Feb,Q1,26.399968091895342,4.850031908104659,2024-02
ORD-11059,2024-02-27,Patricia Clark,Consumer,South Africa,Middle East & Africa,Office Supplies,Whiteboard Markers Set 8,2,13.33,15,22.66,15.68,-5.02,PayPal,2024,2,Feb,Q1,-22.153574580759045,69.19682259488084,2024-02
ORD-11676,2024-02-27,Giulia Anderson,Consumer,United States,North America,Office Supplies,Sticky Notes Multicolor 6-Pack,1,14.7,15,12.49,7.42,-1.54,Credit Card,2024,2,Feb,Q1,-12.329863891112891,59.40752602081665,2024-02
ORD-11280,2024-03-02,John Robinson,Corporate,France,Europe,Office Supplies,Highlighters Neon Pack 6,4,10.51,5,39.94,13.17,7.85,Credit Card,2024,3,Mar,Q1,19.654481722583874,32.97446169253881,2024-03
ORD-10947,2024-03-03,Kenji Davis,Home Office,Italy,Europe,Furniture,Mesh Back Task Chair,5,131.71,10,592.7,10.75,186.82,Cash on Delivery,2024,3,Mar,Q1,31.520161970642818,1.8137337607558628,2024-03
ORD-10869,2024-03-04,Priya Nilsson,Corporate,Australia,Asia Pacific,Office Supplies,Sticky Notes Multicolor 6-Pack,5,5.0,0,25.0,13.15,0.6,Cash on Delivery,2024,3,Mar,Q1,2.4,52.6,2024-03
ORD-10005,2024-03-05,Chen Patel,Home Office,Canada,North America,Office Supplies,Ballpoint Pen Pack 12,1,12.92,10,11.63,5.83,-0.01,Credit Card,2024,3,Mar,Q1,-0.08598452278589853,50.128976784178846,2024-03
ORD-10951,2024-03-05,Sarah Chen,Consumer,Mexico,North America,Office Supplies,Whiteboard Markers Set 8,6,15.88,5,90.52,10.1,37.54,PayPal,2024,3,Mar,Q1,41.471498011489174,11.157755192222714,2024-03
ORD-11594,2024-03-05,Michael Garcia,Consumer,United States,North America,Clothing & Accessories,Cotton Formal Shirt,5,32.04,5,152.19,8.49,63.6,Bank Transfer,2024,3,Mar,Q1,41.78986792824759,5.578553124383994,2024-03
ORD-11835,2024-03-05,Noah Clark,Corporate,UAE,Middle East & Africa,Technology,Wireless Bluetooth Headphones,3,187.55,15,478.25,15.41,153.38,Cash on Delivery,2024,3,Mar,Q1,32.07109252483011,3.222164140094093,2024-03
ORD-10706,2024-03-06,Priya Rodriguez,Consumer,China,Asia Pacific,Technology,Webcam HD 1080p,11,67.96,5,710.18,35.32,263.7,Cash on Delivery,2024,3,Mar,Q1,37.13143146807852,4.9733870286406265,2024-03
ORD-11277,2024-03-06,Sakura Smith,Corporate,Brazil,South America,Furniture,Folding Table Portable,1,127.07,0,127.07,10.8,40.03,Credit Card,2024,3,Mar,Q1,31.5023215550484,8.499252380577635,2024-03
ORD-10437,2024-03-07,Nadia Harris,Corporate,China,Asia Pacific,Clothing & Accessories,Business Casual Blazer,5,110.65,0,553.25,13.18,263.44,Credit Card,2024,3,Mar,Q1,47.6168097605061,2.3822864889290556,2024-03
ORD-10841,2024-03-07,Carlos Martinez,Consumer,Colombia,South America,Technology,Tablet Stand Holder,2,27.57,0,55.14,12.15,12.66,PayPal,2024,3,Mar,Q1,22.95973884657236,22.034820457018498,2024-03
ORD-10883,2024-03-07,Fatima Williams,Home Office,China,Asia Pacific,Furniture,Monitor Riser Wood,4,36.41,10,131.08,17.64,26.06,Bank Transfer,2024,3,Mar,Q1,19.880988709185228,13.457430576747024,2024-03
ORD-10273,2024-03-08,Clara Johnson,Consumer,China,Asia Pacific,Office Supplies,Desk Calendar 2025,4,7.72,15,26.25,14.0,-1.65,PayPal,2024,3,Mar,Q1,-6.285714285714285,53.333333333333336,2024-03
ORD-10893,2024-03-08,Elizabeth Sharma,Consumer,United Kingdom,Europe,Technology,Smart LED Desk Lamp,2,57.7,0,115.4,9.55,42.38,Bank Transfer,2024,3,Mar,Q1,36.72443674176776,8.275563258232236,2024-03
ORD-11361,2024-03-08,Olivia Sato,Consumer,United States,North America,Technology,Wireless Ergonomic Mouse,3,69.59,20,167.02,10.17,42.03,Cash on Delivery,2024,3,Mar,Q1,25.16465094000718,6.0890911268111605,2024-03
ORD-10309,2024-03-09,William Clark,Consumer,India,Asia Pacific,Office Supplies,Tape Dispenser Heavy Duty,1,10.42,10,9.38,10.01,-5.32,Credit Card,2024,3,Mar,Q1,-56.71641791044776,106.71641791044775,2024-03
ORD-10531,2024-03-10,William Smith,Consumer,Nigeria,Middle East & Africa,Office Supplies,Stapler Full-Size,1,10.33,0,10.33,12.17,-6.49,Credit Card,2024,3,Mar,Q1,-62.82671829622459,117.81219748305904,2024-03
ORD-10537,2024-03-10,Maria Costa,Consumer,France,Europe,Clothing & Accessories,Sports Water Bottle 750ml,1,24.87,20,19.9,7.99,-0.53,PayPal,2024,3,Mar,Q1,-2.663316582914573,40.150753768844226,2024-03
ORD-11284,2024-03-10,Emma Moreau,Consumer,Germany,Europe,Technology,Laptop Stand Adjustable,5,73.85,0,369.25,19.4,146.76,Cash on Delivery,2024,3,Mar,Q1,39.74542992552471,5.253893026404874,2024-03
ORD-11143,2024-03-13,Layla Park,Corporate,Mexico,North America,Office Supplies,Ballpoint Pen Pack 12,8,16.12,10,116.06,20.61,37.42,Credit Card,2024,3,Mar,Q1,32.24194382216095,17.758056177839048,2024-03
ORD-11742,2024-03-13,James Wang,Home Office,China,Asia Pacific,Technology,Smart LED Desk Lamp,4,74.64,0,298.56,12.03,122.32,PayPal,2024,3,Mar,Q1,40.969989281886384,4.029340836012862,2024-03
ORD-11961,2024-03-13,Nadia Johansson,Home Office,Nigeria,Middle East & Africa,Furniture,Mesh Back Task Chair,4,119.66,10,430.78,18.85,124.75,PayPal,2024,3,Mar,Q1,28.95909745113515,4.375783462556294,2024-03
ORD-11956,2024-03-16,Hanna Müller,Consumer,Saudi Arabia,Middle East & Africa,Technology,Noise Cancelling Earbuds,3,187.16,0,561.48,15.51,237.16,Cash on Delivery,2024,3,Mar,Q1,42.23837002208449,2.762342380850609,2024-03
ORD-10573,2024-03-17,Hanna Brown,Home Office,France,Europe,Office Supplies,Premium Notebook Set A5,2,10.08,15,17.14,9.67,-1.6,PayPal,2024,3,Mar,Q1,-9.334889148191365,56.41773628938156,2024-03
ORD-11179,2024-03-17,Noah Müller,Consumer,Colombia,South America,Furniture,Folding Table Portable,2,115.3,5,219.07,13.43,67.28,Cash on Delivery,2024,3,Mar,Q1,30.71164467978272,6.130460583375177,2024-03
ORD-11997,2024-03-17,Barbara Sato,Consumer,United States,North America,Furniture,Mesh Back Task Chair,3,185.09,0,555.27,9.37,212.74,Credit Card,2024,3,Mar,Q1,38.312892826913036,1.687467358222126,2024-03
ORD-10084,2024-03-18,Wei Jones,Home Office,South Korea,Asia Pacific,Technology,USB-C Hub Multiport Adapter,3,55.49,5,158.15,16.4,50.19,Cash on Delivery,2024,3,Mar,Q1,31.735693961429018,10.369901991779955,2024-03
ORD-11941,2024-03-18,Ivan Patel,Consumer,Italy,Europe,Furniture,Monitor Riser Wood,1,53.47,0,53.47,8.83,12.56,PayPal,2024,3,Mar,Q1,23.489807368617917,16.51393304656817,2024-03
ORD-11174,2024-03-19,Fatima Singh,Corporate,Australia,Asia Pacific,Clothing & Accessories,Cotton Formal Shirt,3,24.44,25,54.99,12.17,6.16,PayPal,2024,3,Mar,Q1,11.202036733951628,22.131296599381706,2024-03
ORD-11802,2024-03-19,Giulia Nilsson,Consumer,Japan,Asia Pacific,Clothing & Accessories,Sports Water Bottle 750ml,11,15.11,10,149.59,21.86,44.63,Credit Card,2024,3,Mar,Q1,29.8348820108296,14.61327628852196,2024-03
ORD-11979,2024-03-19,Nadia Romano,Corporate,United Kingdom,Europe,Office Supplies,Sticky Notes Multicolor 6-Pack,2,4.03,5,7.66,10.73,-6.7,Cash on Delivery,2024,3,Mar,Q1,-87.46736292428199,140.07832898172325,2024-03
ORD-10425,2024-03-21,Amir Khan,Consumer,Japan,Asia Pacific,Clothing & Accessories,Business Casual Blazer,4,123.28,5,468.46,13.33,208.57,PayPal,2024,3,Mar,Q1,44.52247790633139,2.8454937454638602,2024-03
ORD-10040,2024-03-27,Ava Clark,Corporate,Nigeria,Middle East & Africa,Technology,Wireless Ergonomic Mouse,2,21.45,15,36.46,13.62,-0.76,Credit Card,2024,3,Mar,Q1,-2.084476138233681,37.35600658255622,2024-03
ORD-10705,2024-03-27,Chen Dubois,Corporate,France,Europe,Technology,Laptop Stand Adjustable,1,34.41,5,32.69,7.58,6.18,Credit Card,2024,3,Mar,Q1,18.90486387274396,23.187519118996637,2024-03
ORD-11101,2024-03-27,Hans Harris,Consumer,United States,North America,Technology,Portable External SSD 1TB,6,99.17,15,505.77,13.35,165.16,Credit Card,2024,3,Mar,Q1,32.65515945983352,2.639539711726674,2024-03
ORD-11914,2024-03-27,Xiao Ali,Corporate,Saudi Arabia,Middle East & Africa,Furniture,Filing Cabinet 3-Drawer,7,140.89,15,838.3,16.01,230.55,PayPal,2024,3,Mar,Q1,27.50208755815341,1.909817487772874,2024-03
ORD-10154,2024-03-28,Jessica Patel,Home Office,Mexico,North America,Technology,USB-C Hub Multiport Adapter,12,40.47,5,461.36,27.85,166.41,Cash on Delivery,2024,3,Mar,Q1,36.069446852783074,6.036500780301717,2024-03
ORD-11326,2024-03-28,Patricia Rossi,Consumer,Argentina,South America,Furniture,Folding Table Portable,1,42.6,15,36.21,11.24,-0.59,Bank Transfer,2024,3,Mar,Q1,-1.6293841480254072,31.041148853907764,2024-03
ORD-10379,2024-03-30,Felix Müller,Corporate,Japan,Asia Pacific,Office Supplies,Desk Calendar 2025,1,7.85,10,7.06,9.6,-6.07,Credit Card,2024,3,Mar,Q1,-85.9773371104816,135.97733711048159,2024-03
ORD-10754,2024-03-30,Chen Patel,Corporate,Germany,Europe,Furniture,Filing Cabinet 3-Drawer,6,203.47,10,1098.74,13.13,353.12,Credit Card,2024,3,Mar,Q1,32.13863152338133,1.1950051877605257,2024-03
ORD-10394,2024-03-31,Oscar Kim,Home Office,Argentina,South America,Clothing & Accessories,Silk Tie Collection,8,14.51,20,92.86,27.87,6.95,PayPal,2024,3,Mar,Q1,7.484385095843205,30.01292267930218,2024-03
ORD-10464,2024-03-31,Ivan Zhang,Home Office,Canada,North America,Office Supplies,Desk Calendar 2025,7,18.79,5,124.95,9.12,56.64,Cash on Delivery,2024,3,Mar,Q1,45.33013205282113,7.298919567827131,2024-03
ORD-11428,2024-03-31,Mary Weber,Consumer,France,Europe,Office Supplies,Tape Dispenser Heavy Duty,1,18.75,0,18.75,9.22,1.09,PayPal,2024,3,Mar,Q1,5.8133333333333335,49.17333333333333,2024-03
ORD-11969,2024-03-31,Nadia Laurent,Consumer,Australia,Asia Pacific,Technology,Noise Cancelling Earbuds,4,130.45,0,521.8,18.51,216.3,PayPal,2024,3,Mar,Q1,41.452663855883486,3.5473361441165205,2024-03
ORD-11981,2024-04-01,Fatima Fischer,Home Office,Spain,Europe,Technology,Wireless Bluetooth Headphones,1,231.11,10,208.0,8.87,72.02,PayPal,2024,4,Apr,Q2,34.625,4.264423076923077,2024-04
ORD-10660,2024-04-03,Sarah Moreau,Corporate,France,Europe,Clothing & Accessories,Travel Backpack 30L,2,35.17,25,52.76,10.97,6.62,Bank Transfer,2024,4,Apr,Q2,12.547384382107657,20.79226686884003,2024-04
ORD-10768,2024-04-03,Jessica Costa,Consumer,Japan,Asia Pacific,Technology,Wireless Bluetooth Headphones,13,73.44,15,811.51,34.33,252.08,Credit Card,2024,4,Apr,Q2,31.06307993740065,4.230385331049525,2024-04
ORD-11299,2024-04-03,Isabella Yamamoto,Corporate,Italy,Europe,Office Supplies,Sticky Notes Multicolor 6-Pack,2,9.1,0,18.2,9.66,0.35,PayPal,2024,4,Apr,Q2,1.9230769230769231,53.07692307692308,2024-04
ORD-10295,2024-04-04,Ayumi Miller,Corporate,South Korea,Asia Pacific,Office Supplies,Tape Dispenser Heavy Duty,3,14.61,15,37.26,14.68,2.86,PayPal,2024,4,Apr,Q2,7.675791733762748,39.39881910896404,2024-04
ORD-10832,2024-04-04,Karen Tanaka,Corporate,Japan,Asia Pacific,Office Supplies,Stapler Full-Size,5,15.19,10,68.36,12.71,21.47,Cash on Delivery,2024,4,Apr,Q2,31.407255705090698,18.592744294909306,2024-04
ORD-11250,2024-04-04,Emma Kim,Consumer,India,Asia Pacific,Technology,Portable External SSD 1TB,1,116.53,10,104.88,10.52,30.27,PayPal,2024,4,Apr,Q2,28.86155606407323,10.030511060259343,2024-04
ORD-11581,2024-04-04,Mia Smith,Consumer,France,Europe,Clothing & Accessories,Canvas Messenger Bag,5,45.28,25,169.8,12.55,44.05,Credit Card,2024,4,Apr,Q2,25.942285041224967,7.391048292108363,2024-04
ORD-10064,2024-04-05,Ahmed Clark,Corporate,Japan,Asia Pacific,Clothing & Accessories,Cotton Formal Shirt,1,43.07,20,34.46,10.5,2.43,Bank Transfer,2024,4,Apr,Q2,7.051654091700523,30.470110272780033,2024-04
ORD-10665,2024-04-05,Noah Martinez,Home Office,Mexico,North America,Office Supplies,Premium Notebook Set A5,5,23.69,15,100.68,14.77,32.61,Credit Card,2024,4,Apr,Q2,32.38974970202622,14.670242352006355,2024-04
ORD-10687,2024-04-05,Jennifer Ferrari,Consumer,Mexico,North America,Technology,Webcam HD 1080p,3,80.36,20,192.86,9.04,51.23,Credit Card,2024,4,Apr,Q2,26.563310173182614,4.687337965363475,2024-04
ORD-10806,2024-04-06,Sakura Thomas,Consumer,France,Europe,Technology,USB-C Hub Multiport Adapter,3,39.53,15,100.8,9.02,26.56,Credit Card,2024,4,Apr,Q2,26.34920634920635,8.948412698412698,2024-04
ORD-10813,2024-04-06,Raj Li,Consumer,Mexico,North America,Office Supplies,Binder Clips Assorted 48pc,5,10.25,15,43.56,9.78,10.72,Cash on Delivery,2024,4,Apr,Q2,24.609733700642792,22.451790633608812,2024-04
ORD-10956,2024-04-06,Sakura Rodriguez,Consumer,United States,North America,Office Supplies,Ballpoint Pen Pack 12,2,14.32,10,25.78,7.0,5.89,Credit Card,2024,4,Apr,Q2,22.84716834755624,27.152831652443755,2024-04
ORD-11558,2024-04-06,Chen Martin,Consumer,Germany,Europe,Office Supplies,Paper Clips Box 500pc,8,9.0,0,72.0,16.77,22.83,Credit Card,2024,4,Apr,Q2,31.708333333333332,23.291666666666664,2024-04
ORD-10078,2024-04-07,Olivia Nilsson,Consumer,Brazil,South America,Clothing & Accessories,Polarized Sunglasses,5,77.97,5,370.36,20.41,155.03,Credit Card,2024,4,Apr,Q2,41.859272059617666,5.510854303920509,2024-04
ORD-11634,2024-04-07,Olivia Robinson,Consumer,Japan,Asia Pacific,Clothing & Accessories,Travel Backpack 30L,3,70.34,10,189.92,14.67,69.74,Credit Card,2024,4,Apr,Q2,36.72072451558551,7.724304970513901,2024-04
ORD-10092,2024-04-08,Susan Hassan,Home Office,France,Europe,Clothing & Accessories,Sports Water Bottle 750ml,6,29.44,10,158.98,17.71,52.95,Credit Card,2024,4,Apr,Q2,33.306076236004536,11.139766008302933,2024-04
ORD-10964,2024-04-08,Richard Kumar,Consumer,South Korea,Asia Pacific,Clothing & Accessories,Leather Belt Classic,9,36.63,5,313.19,17.14,131.21,Credit Card,2024,4,Apr,Q2,41.89469651010569,5.47271624253648,2024-04
ORD-11344,2024-04-08,Amir Wang,Consumer,United States,North America,Office Supplies,Desk Calendar 2025,1,13.3,15,11.3,5.8,-0.48,Credit Card,2024,4,Apr,Q2,-4.2477876106194685,51.32743362831857,2024-04
ORD-10991,2024-04-09,Marco Weber,Consumer,United States,North America,Furniture,Standing Desk Converter,5,184.93,5,878.42,7.7,315.93,PayPal,2024,4,Apr,Q2,35.96571116322488,0.8765738485007172,2024-04
ORD-11785,2024-04-09,Michael Sharma,Home Office,United States,North America,Clothing & Accessories,Wool Blend Scarf,1,53.29,10,47.96,6.39,14.93,Credit Card,2024,4,Apr,Q2,31.130108423686405,13.323603002502086,2024-04
ORD-10250,2024-04-10,Richard Garcia,Corporate,Nigeria,Middle East & Africa,Office Supplies,Binder Clips Assorted 48pc,2,14.0,10,25.2,15.47,-2.87,PayPal,2024,4,Apr,Q2,-11.38888888888889,61.38888888888889,2024-04
ORD-11053,2024-04-10,Wei Müller,Consumer,India,Asia Pacific,Technology,Noise Cancelling Earbuds,4,43.88,10,157.97,14.83,46.6,Credit Card,2024,4,Apr,Q2,29.499272013673483,9.387858454136861,2024-04
ORD-11489,2024-04-10,Olga Anderson,Home Office,China,Asia Pacific,Technology,Noise Cancelling Earbuds,1,198.87,15,169.04,10.72,48.94,Credit Card,2024,4,Apr,Q2,28.951727401798387,6.341694273544723,2024-04
ORD-11767,2024-04-10,Robert Schmidt,Consumer,United Kingdom,Europe,Technology,Wireless Ergonomic Mouse,3,53.25,5,151.76,11.26,52.64,PayPal,2024,4,Apr,Q2,34.686346863468636,7.4196099103848185,2024-04
ORD-10305,2024-04-11,Michael Taylor,Corporate,South Korea,Asia Pacific,Clothing & Accessories,Polarized Sunglasses,4,42.06,10,151.42,11.14,56.16,PayPal,2024,4,Apr,Q2,37.08889182406551,7.357020208691059,2024-04
ORD-11106,2024-04-13,Sakura Oliveira,Consumer,United Kingdom,Europe,Technology,USB-C Hub Multiport Adapter,4,24.16,0,96.64,9.63,33.86,Cash on Delivery,2024,4,Apr,Q2,35.037251655629134,9.964817880794703,2024-04
ORD-10006,2024-04-14,Hans Kumar,Consumer,Japan,Asia Pacific,Clothing & Accessories,Wool Blend Scarf,1,33.05,20,26.44,10.63,-0.71,Bank Transfer,2024,4,Apr,Q2,-2.6853252647503782,40.20423600605144,2024-04
ORD-11141,2024-04-14,Hans Müller,Consumer,UAE,Middle East & Africa,Office Supplies,Stapler Full-Size,2,10.3,5,19.57,12.16,-1.86,Cash on Delivery,2024,4,Apr,Q2,-9.504343382728667,62.13592233009708,2024-04
ORD-11434,2024-04-14,Clara Singh,Consumer,Australia,Asia Pacific,Office Supplies,Highlighters Neon Pack 6,2,10.57,5,20.08,11.11,-0.54,PayPal,2024,4,Apr,Q2,-2.6892430278884465,55.32868525896415,2024-04
ORD-10463,2024-04-15,Ahmed Johansson,Corporate,Brazil,South America,Technology,Noise Cancelling Earbuds,14,118.27,10,1490.2,40.44,539.08,Credit Card,2024,4,Apr,Q2,36.17501006576298,2.7137297007113137,2024-04
ORD-11290,2024-04-15,Wei Johnson,Home Office,Australia,Asia Pacific,Technology,Smart LED Desk Lamp,9,38.81,5,331.83,21.13,118.59,Credit Card,2024,4,Apr,Q2,35.73817918813851,6.367718410029231,2024-04
ORD-10075,2024-04-16,Michael Ferrari,Corporate,South Africa,Middle East & Africa,Office Supplies,Whiteboard Markers Set 8,1,9.5,5,9.03,13.01,-8.26,Bank Transfer,2024,4,Apr,Q2,-91.47286821705427,144.07530454042083,2024-04
ORD-10460,2024-04-16,Kenji Romano,Corporate,France,Europe,Office Supplies,Whiteboard Markers Set 8,1,9.64,10,8.68,7.9,-3.56,Cash on Delivery,2024,4,Apr,Q2,-41.013824884792626,91.01382488479264,2024-04
ORD-11887,2024-04-16,Zara Chen,Corporate,Germany,Europe,Office Supplies,Tape Dispenser Heavy Duty,2,10.28,10,18.5,11.36,-2.11,Cash on Delivery,2024,4,Apr,Q2,-11.405405405405403,61.4054054054054,2024-04
ORD-10171,2024-04-18,Michael Kim,Consumer,Mexico,North America,Technology,USB-C Hub Multiport Adapter,3,20.41,5,58.17,10.21,14.28,PayPal,2024,4,Apr,Q2,24.548736462093864,17.55200275055871,2024-04
ORD-10354,2024-04-18,Amina Clark,Consumer,France,Europe,Office Supplies,Tape Dispenser Heavy Duty,2,14.35,10,25.83,9.58,3.33,Credit Card,2024,4,Apr,Q2,12.891986062717772,37.08865660085173,2024-04
ORD-11171,2024-04-18,Robert Chen,Consumer,China,Asia Pacific,Furniture,Ergonomic Office Chair,2,221.74,25,332.61,10.29,56.23,PayPal,2024,4,Apr,Q2,16.905685337181684,3.093713357986831,2024-04
ORD-10332,2024-04-19,Ali Thomas,Consumer,South Korea,Asia Pacific,Office Supplies,Premium Notebook Set A5,4,14.12,25,42.36,11.69,5.25,Credit Card,2024,4,Apr,Q2,12.393767705382436,27.59678942398489,2024-04
ORD-10420,2024-04-19,Layla Kumar,Corporate,Australia,Asia Pacific,Clothing & Accessories,Leather Belt Classic,4,49.44,25,148.32,14.14,35.3,PayPal,2024,4,Apr,Q2,23.799892125134843,9.533441208198491,2024-04
ORD-11259,2024-04-20,Karen Nilsson,Consumer,South Korea,Asia Pacific,Technology,Mechanical Gaming Keyboard,7,67.05,15,398.95,24.08,116.73,Bank Transfer,2024,4,Apr,Q2,29.259305677403187,6.035844090738188,2024-04
ORD-11678,2024-04-20,Mia Martin,Home Office,France,Europe,Office Supplies,Tape Dispenser Heavy Duty,2,20.62,15,35.05,11.25,5.24,PayPal,2024,4,Apr,Q2,14.950071326676179,32.09700427960057,2024-04
ORD-10236,2024-04-21,Priya Brown,Home Office,France,Europe,Clothing & Accessories,Cotton Formal Shirt,1,32.39,10,29.15,9.08,3.87,Bank Transfer,2024,4,Apr,Q2,13.276157804459693,31.149228130360207,2024-04
ORD-10407,2024-04-21,Isabella Laurent,Corporate,Germany,Europe,Office Supplies,Sticky Notes Multicolor 6-Pack,1,4.02,15,3.42,7.74,-6.13,Bank Transfer,2024,4,Apr,Q2,-179.23976608187135,226.3157894736842,2024-04
ORD-10575,2024-04-21,Barbara Nilsson,Corporate,Australia,Asia Pacific,Clothing & Accessories,Wool Blend Scarf,10,39.34,20,314.72,28.72,89.3,PayPal,2024,4,Apr,Q2,28.374428063040156,9.125571936959837,2024-04
ORD-11315,2024-04-21,Ahmed Santos,Home Office,Japan,Asia Pacific,Technology,Smart LED Desk Lamp,2,69.72,20,111.55,10.18,24.68,Credit Card,2024,4,Apr,Q2,22.12460779919319,9.125952487673688,2024-04
ORD-11548,2024-04-21,Fatima Williams,Home Office,United States,North America,Clothing & Accessories,Travel Backpack 30L,4,32.79,5,124.6,8.07,50.95,Credit Card,2024,4,Apr,Q2,40.8908507223114,6.4767255216693425,2024-04
ORD-11607,2024-04-21,Sophie White,Corporate,Argentina,South America,Furniture,Standing Desk Converter,2,123.37,20,197.39,14.52,34.83,Credit Card,2024,4,Apr,Q2,17.645270783727646,7.355995744465273,2024-04
ORD-11675,2024-04-22,Karen Sato,Corporate,Brazil,South America,Furniture,Corner L-Shaped Desk,8,363.39,10,2616.41,27.16,844.98,Credit Card,2024,4,Apr,Q2,32.29539712812595,1.0380636062390833,2024-04
ORD-10057,2024-04-23,Ali Wang,Consumer,UAE,Middle East & Africa,Clothing & Accessories,Travel Backpack 30L,8,82.89,5,629.96,23.71,274.69,PayPal,2024,4,Apr,Q2,43.60435583211632,3.763731030541621,2024-04
ORD-10438,2024-04-23,Omar Fischer,Corporate,South Korea,Asia Pacific,Furniture,Mesh Back Task Chair,1,189.66,20,151.73,9.52,28.41,Cash on Delivery,2024,4,Apr,Q2,18.724049298095302,6.274303038291702,2024-04
ORD-10616,2024-04-23,Felix White,Consumer,Australia,Asia Pacific,Furniture,Floating Wall Shelves Set,4,83.03,5,315.51,17.34,98.9,Credit Card,2024,4,Apr,Q2,31.346074609362624,5.495863839497956,2024-04
ORD-11373,2024-04-23,Layla Li,Consumer,Brazil,South America,Technology,Laptop Stand Adjustable,3,79.82,5,227.49,13.83,81.96,PayPal,2024,4,Apr,Q2,36.02795727284715,6.079388104971647,2024-04
ORD-11546,2024-04-24,Kenji Sharma,Corporate,Brazil,South America,Technology,Portable External SSD 1TB,2,128.49,20,205.58,11.38,52.86,Bank Transfer,2024,4,Apr,Q2,25.712617958945422,5.535557933651133,2024-04
ORD-11871,2024-04-24,Ethan Li,Home Office,Mexico,North America,Technology,Smart LED Desk Lamp,3,57.54,20,138.1,9.71,33.45,Credit Card,2024,4,Apr,Q2,24.221578566256337,7.031136857349747,2024-04
ORD-11999,2024-04-25,Linda Sato,Corporate,Mexico,North America,Furniture,Monitor Riser Wood,1,74.6,10,67.14,6.8,15.58,Credit Card,2024,4,Apr,Q2,23.205242776288355,10.128090557044981,2024-04
ORD-10034,2024-04-26,Ali Dubois,Corporate,Japan,Asia Pacific,Office Supplies,Sticky Notes Multicolor 6-Pack,1,12.87,0,12.87,11.47,-4.39,PayPal,2024,4,Apr,Q2,-34.110334110334115,89.12198912198913,2024-04
ORD-11583,2024-04-26,Wei Li,Consumer,South Africa,Middle East & Africa,Furniture,Mesh Back Task Chair,15,107.45,5,1531.16,23.4,540.71,Credit Card,2024,4,Apr,Q2,35.313749053005566,1.5282530891611588,2024-04
ORD-11734,2024-04-26,Clara Romano,Consumer,United Kingdom,Europe,Technology,Webcam HD 1080p,3,72.81,10,196.59,11.86,64.59,Credit Card,2024,4,Apr,Q2,32.85518083320616,6.03286026756193,2024-04
ORD-10082,2024-04-28,Priya Williams,Corporate,Canada,North America,Clothing & Accessories,Cotton Formal Shirt,2,69.05,25,103.57,8.58,25.94,Credit Card,2024,4,Apr,Q2,25.045862701554505,8.284252196582022,2024-04
ORD-10361,2024-04-28,Lucas Brown,Home Office,United States,North America,Office Supplies,Whiteboard Markers Set 8,5,6.24,10,28.08,11.46,2.58,Credit Card,2024,4,Apr,Q2,9.18803418803419,40.81196581196582,2024-04
ORD-10515,2024-04-28,Oscar Thompson,Home Office,India,Asia Pacific,Furniture,Standing Desk Converter,1,137.49,15,116.87,10.12,24.26,PayPal,2024,4,Apr,Q2,20.758107298707966,8.659193976212885,2024-04
ORD-10640,2024-04-28,Wei Rodriguez,Consumer,China,Asia Pacific,Furniture,Mesh Back Task Chair,2,242.25,10,436.05,10.98,134.37,Credit Card,2024,4,Apr,Q2,30.815273477812177,2.5180598555211557,2024-04
ORD-11108,2024-04-28,Carlos Robinson,Corporate,Brazil,South America,Technology,Mechanical Gaming Keyboard,1,128.34,15,109.09,11.04,27.46,Bank Transfer,2024,4,Apr,Q2,25.171876432303602,10.120084334036115,2024-04
ORD-11297,2024-04-28,Jessica Martin,Consumer,India,Asia Pacific,Furniture,Floating Wall Shelves Set,4,34.76,15,118.18,17.86,16.9,PayPal,2024,4,Apr,Q2,14.300220003384664,15.112540192926044,2024-04
ORD-10804,2024-04-29,Jamal Khan,Corporate,Colombia,South America,Technology,USB-C Hub Multiport Adapter,2,52.77,30,73.88,14.69,1.14,Credit Card,2024,4,Apr,Q2,1.5430427720628046,19.88359501894965,2024-04
ORD-10342,2024-04-30,Lucas Russo,Home Office,Canada,North America,Technology,Tablet Stand Holder,1,28.72,5,27.28,6.34,5.14,Bank Transfer,2024,4,Apr,Q2,18.841642228739,23.24046920821114,2024-04
ORD-10366,2024-05-04,Amir Li,Consumer,Canada,North America,Furniture,Standing Desk Converter,3,264.57,5,754.02,9.64,268.15,PayPal,2024,5,May,Q2,35.56271716930585,1.278480676905122,2024-05
ORD-10456,2024-05-04,Wei Martinez,Corporate,Italy,Europe,Clothing & Accessories,Travel Backpack 30L,3,85.33,15,217.59,12.17,77.42,Credit Card,2024,5,May,Q2,35.58067925915714,5.593087917643274,2024-05
ORD-10732,2024-05-04,Lucas Russo,Home Office,Italy,Europe,Technology,Tablet Stand Holder,10,39.28,10,353.52,31.89,105.59,Credit Card,2024,5,May,Q2,29.868182846797918,9.020706042090971,2024-05
ORD-11025,2024-05-04,Patricia Weber,Consumer,Mexico,North America,Office Supplies,Paper Clips Box 500pc,2,6.14,0,12.28,9.0,-2.25,Bank Transfer,2024,5,May,Q2,-18.322475570032573,73.28990228013029,2024-05
ORD-11198,2024-05-04,Olivia Williams,Consumer,India,Asia Pacific,Technology,Mechanical Gaming Keyboard,5,77.16,5,366.51,19.79,134.53,Credit Card,2024,5,May,Q2,36.705683337425995,5.3995798204687455,2024-05
ORD-10167,2024-05-05,Amina Harris,Corporate,Australia,Asia Pacific,Office Supplies,Paper Clips Box 500pc,3,5.66,10,15.28,12.07,-4.43,PayPal,2024,5,May,Q2,-28.992146596858635,78.99214659685865,2024-05
ORD-10355,2024-05-05,Nadia Costa,Consumer,Canada,North America,Furniture,Folding Table Portable,4,112.68,0,450.72,12.94,167.35,Bank Transfer,2024,5,May,Q2,37.129481718139864,2.870962016329428,2024-05
ORD-11414,2024-05-05,Amir Yamamoto,Consumer,United Kingdom,Europe,Technology,Portable External SSD 1TB,2,72.3,10,130.14,11.95,38.66,Credit Card,2024,5,May,Q2,29.706469955432613,9.182418933456278,2024-05
ORD-10056,2024-05-06,Wei Patel,Consumer,China,Asia Pacific,Technology,Laptop Stand Adjustable,2,33.61,10,60.5,11.88,11.65,Credit Card,2024,5,May,Q2,19.25619834710744,19.636363636363637,2024-05
ORD-10373,2024-05-07,Oscar Kim,Corporate,South Africa,Middle East & Africa,Office Supplies,Sticky Notes Multicolor 6-Pack,3,8.13,15,20.73,14.66,-4.91,PayPal,2024,5,May,Q2,-23.685479980704294,70.71876507477086,2024-05
ORD-10728,2024-05-07,Layla Thomas,Corporate,Japan,Asia Pacific,Technology,Tablet Stand Holder,3,37.59,15,95.85,10.77,23.06,Credit Card,2024,5,May,Q2,24.058424621804903,11.236306729264477,2024-05
ORD-10072,2024-05-08,Maria Anderson,Consumer,Australia,Asia Pacific,Furniture,Folding Table Portable,3,52.88,0,158.64,12.03,51.43,Credit Card,2024,5,May,Q2,32.419314170448814,7.58320726172466,2024-05
ORD-10049,2024-05-09,Priya Leroy,Consumer,Brazil,South America,Office Supplies,Highlighters Neon Pack 6,1,9.55,5,9.07,11.92,-7.15,PayPal,2024,5,May,Q2,-78.83131201764057,131.4222712238148,2024-05
ORD-11626,2024-05-09,Kenji Anderson,Corporate,Australia,Asia Pacific,Clothing & Accessories,Business Casual Blazer,10,99.39,0,993.9,21.95,475.0,Cash on Delivery,2024,5,May,Q2,47.79152832276889,2.2084716772311097,2024-05
ORD-10147,2024-05-11,Raj Rodriguez,Consumer,China,Asia Pacific,Technology,Noise Cancelling Earbuds,1,76.11,0,76.11,10.16,24.09,PayPal,2024,5,May,Q2,31.65155695703587,13.349099986861122,2024-05
ORD-10721,2024-05-11,Sarah Robinson,Consumer,Nigeria,Middle East & Africa,Technology,Mechanical Gaming Keyboard,1,57.26,20,45.81,12.91,1.41,Credit Card,2024,5,May,Q2,3.077930582842174,28.1816197336826,2024-05
ORD-11448,2024-05-11,Jessica Yamamoto,Corporate,China,Asia Pacific,Clothing & Accessories,Canvas Messenger Bag,2,42.93,5,81.57,13.52,25.12,Cash on Delivery,2024,5,May,Q2,30.795635650361657,16.574721098443057,2024-05
ORD-11817,2024-05-11,Ava Harris,Consumer,Italy,Europe,Technology,Tablet Stand Holder,4,37.01,0,148.04,12.78,53.84,Credit Card,2024,5,May,Q2,36.368549040799785,8.632801945420157,2024-05
ORD-11735,2024-05-12,James Ahmed,Corporate,United States,North America,Clothing & Accessories,Leather Wallet Minimalist,5,57.38,0,286.9,10.15,133.3,Cash on Delivery,2024,5,May,Q2,46.46218194492855,3.5378180550714537,2024-05
ORD-10900,2024-05-14,Olga Thompson,Consumer,Spain,Europe,Clothing & Accessories,Sports Water Bottle 750ml,1,20.52,5,19.49,7.58,1.65,PayPal,2024,5,May,Q2,8.465879938429964,38.89173935351462,2024-05
ORD-11104,2024-05-14,Zara White,Consumer,UAE,Middle East & Africa,Office Supplies,Ballpoint Pen Pack 12,5,10.88,5,51.68,16.95,10.25,Credit Card,2024,5,May,Q2,19.83359133126935,32.79798761609907,2024-05
ORD-11572,2024-05-15,Priya Kumar,Consumer,United Kingdom,Europe,Clothing & Accessories,Cotton Formal Shirt,3,66.48,0,199.44,9.05,90.67,PayPal,2024,5,May,Q2,45.46229442438829,4.537705575611714,2024-05
ORD-11924,2024-05-15,Ethan Kumar,Corporate,Mexico,North America,Technology,Tablet Stand Holder,8,32.31,15,219.71,18.9,58.65,Credit Card,2024,5,May,Q2,26.694278822083657,8.602248418369667,2024-05
ORD-10835,2024-05-16,Ingrid Müller,Corporate,United States,North America,Office Supplies,Binder Clips Assorted 48pc,4,12.42,15,42.23,13.37,6.5,Credit Card,2024,5,May,Q2,15.391901491830454,31.65995737627279,2024-05
ORD-11432,2024-05-16,Mia Sharma,Consumer,Italy,Europe,Technology,Laptop Stand Adjustable,2,54.24,10,97.63,9.97,28.0,Credit Card,2024,5,May,Q2,28.679709105807643,10.212024992317936,2024-05
ORD-11877,2024-05-16,Karen Ferrari,Consumer,United States,North America,Furniture,Desk Organizer Set,1,49.78,15,42.31,6.63,5.81,PayPal,2024,5,May,Q2,13.731978255731503,15.670054360671234,2024-05
ORD-10224,2024-05-17,Sophie Schmidt,Consumer,Brazil,South America,Technology,Smart LED Desk Lamp,3,26.2,10,70.74,15.66,11.85,Credit Card,2024,5,May,Q2,16.751484308736217,22.137404580152673,2024-05
ORD-11144,2024-05-17,Sakura Smith,Corporate,Mexico,North America,Clothing & Accessories,Business Casual Blazer,8,50.94,15,346.39,11.7,130.93,Credit Card,2024,5,May,Q2,37.79843528970236,3.3776956609601894,2024-05
ORD-10169,2024-05-18,Hanna Robinson,Consumer,Italy,Europe,Furniture,Desk Organizer Set,6,26.58,20,127.58,17.7,14.19,PayPal,2024,5,May,Q2,11.12243298322621,13.873647907195485,2024-05
ORD-10396,2024-05-18,John Laurent,Consumer,United Kingdom,Europe,Furniture,Mesh Back Task Chair,1,296.6,5,281.77,9.03,94.78,Cash on Delivery,2024,5,May,Q2,33.637363807360614,3.2047414557972815,2024-05
ORD-11152,2024-05-18,Jessica Russo,Home Office,India,Asia Pacific,Furniture,Mesh Back Task Chair,6,151.62,0,909.72,15.6,348.29,Cash on Delivery,2024,5,May,Q2,38.2854064987029,1.7148133491623796,2024-05
ORD-11650,2024-05-18,Mary Garcia,Home Office,United States,North America,Clothing & Accessories,Cotton Formal Shirt,3,34.37,10,92.8,11.23,30.02,PayPal,2024,5,May,Q2,32.349137931034484,12.101293103448278,2024-05
ORD-10582,2024-05-19,Robert Thompson,Corporate,Japan,Asia Pacific,Office Supplies,Desk Calendar 2025,2,10.26,0,20.52,12.54,-1.25,Credit Card,2024,5,May,Q2,-6.091617933723197,61.11111111111111,2024-05
ORD-11696,2024-05-20,Sophie Martin,Corporate,Canada,North America,Technology,Mechanical Gaming Keyboard,5,128.41,30,449.43,13.49,82.81,Credit Card,2024,5,May,Q2,18.425561266493116,3.0015797788309637,2024-05
ORD-10796,2024-05-21,David Smith,Consumer,UAE,Middle East & Africa,Technology,Wireless Ergonomic Mouse,3,21.23,5,60.51,18.06,7.42,Credit Card,2024,5,May,Q2,12.262435960998182,29.846306395637086,2024-05
ORD-11791,2024-05-21,Mia Jones,Corporate,India,Asia Pacific,Office Supplies,Binder Clips Assorted 48pc,3,5.26,5,14.99,12.25,-4.36,Credit Card,2024,5,May,Q2,-29.086057371581052,81.72114743162108,2024-05
ORD-10104,2024-05-22,Olivia Wang,Consumer,Japan,Asia Pacific,Office Supplies,Highlighters Neon Pack 6,4,9.24,5,35.11,18.34,0.14,Credit Card,2024,5,May,Q2,0.39874679578467676,52.23583024779265,2024-05
ORD-10291,2024-05-23,Emma Dubois,Home Office,Spain,Europe,Technology,Webcam HD 1080p,2,88.23,0,176.46,9.65,69.76,Bank Transfer,2024,5,May,Q2,39.53303864898561,5.468661453020514,2024-05
ORD-10016,2024-05-24,Richard Brown,Consumer,United Kingdom,Europe,Technology,Noise Cancelling Earbuds,2,111.78,0,223.56,9.0,91.6,Cash on Delivery,2024,5,May,Q2,40.9733404902487,4.025764895330113,2024-05
ORD-10359,2024-05-24,Marco Santos,Consumer,Mexico,North America,Furniture,Corner L-Shaped Desk,13,201.56,0,2620.28,30.62,1017.49,Credit Card,2024,5,May,Q2,38.83134626833773,1.1685774039415635,2024-05
ORD-10989,2024-05-24,David Laurent,Consumer,United States,North America,Clothing & Accessories,Leather Belt Classic,1,48.43,20,38.74,6.96,7.57,Credit Card,2024,5,May,Q2,19.540526587506456,17.965926690758906,2024-05
ORD-11568,2024-05-24,James Brown,Consumer,Italy,Europe,Office Supplies,Binder Clips Assorted 48pc,3,9.99,10,26.97,8.52,4.96,PayPal,2024,5,May,Q2,18.39080459770115,31.590656284760843,2024-05
ORD-11021,2024-05-25,Oscar Anderson,Corporate,India,Asia Pacific,Clothing & Accessories,Leather Belt Classic,1,51.37,0,51.37,11.26,14.42,PayPal,2024,5,May,Q2,28.070858477710726,21.919408214911428,2024-05
ORD-11160,2024-05-25,Clara Romano,Consumer,India,Asia Pacific,Office Supplies,Ballpoint Pen Pack 12,2,14.19,10,25.54,10.01,2.76,Credit Card,2024,5,May,Q2,10.806577916992952,39.19342208300704,2024-05
ORD-11462,2024-05-25,Amina Russo,Corporate,India,Asia Pacific,Clothing & Accessories,Business Casual Blazer,4,59.09,5,224.54,11.63,94.73,Cash on Delivery,2024,5,May,Q2,42.18847421394852,5.179478044001069,2024-05
ORD-10631,2024-05-26,Michael Ferrari,Consumer,China,Asia Pacific,Furniture,Filing Cabinet 3-Drawer,1,114.0,0,114.0,9.53,36.07,Bank Transfer,2024,5,May,Q2,31.640350877192986,8.359649122807017,2024-05
ORD-10936,2024-05-26,Jamal Williams,Corporate,Italy,Europe,Technology,Tablet Stand Holder,1,38.44,0,38.44,8.19,9.11,PayPal,2024,5,May,Q2,23.699271592091574,21.30593132154006,2024-05
ORD-11287,2024-05-26,James White,Corporate,UAE,Middle East & Africa,Technology,Wireless Bluetooth Headphones,8,171.31,10,1233.43,22.94,456.73,Cash on Delivery,2024,5,May,Q2,37.02925986882109,1.8598542276416175,2024-05
ORD-10059,2024-05-27,William Ferrari,Consumer,France,Europe,Technology,Mechanical Gaming Keyboard,6,175.05,10,945.27,21.41,346.19,Cash on Delivery,2024,5,May,Q2,36.62339860568938,2.2649613337988086,2024-05
ORD-10335,2024-05-27,Olivia Davis,Home Office,Colombia,South America,Office Supplies,Binder Clips Assorted 48pc,5,11.19,15,47.56,22.11,0.27,PayPal,2024,5,May,Q2,0.5677039529015979,46.48864592094196,2024-05
ORD-10595,2024-05-27,Richard Johnson,Consumer,South Africa,Middle East & Africa,Technology,Wireless Ergonomic Mouse,2,31.92,0,63.84,13.33,15.4,Bank Transfer,2024,5,May,Q2,24.12280701754386,20.88032581453634,2024-05
ORD-10614,2024-05-27,Lucas Williams,Corporate,France,Europe,Furniture,Monitor Riser Wood,3,35.49,0,106.47,13.63,28.96,Bank Transfer,2024,5,May,Q2,27.200150277073355,12.801728186343572,2024-05
ORD-10790,2024-05-27,Emma Nilsson,Corporate,China,Asia Pacific,Technology,Noise Cancelling Earbuds,2,71.92,5,136.65,13.71,43.83,PayPal,2024,5,May,Q2,32.074643249176724,10.032930845225026,2024-05
ORD-11173,2024-05-27,Barbara Ali,Home Office,Japan,Asia Pacific,Office Supplies,Tape Dispenser Heavy Duty,9,20.69,0,186.21,22.07,80.35,Credit Card,2024,5,May,Q2,43.15020675581332,11.85220987057623,2024-05
ORD-11324,2024-05-27,Omar Nilsson,Consumer,Spain,Europe,Technology,Portable External SSD 1TB,15,142.85,10,1928.48,22.72,727.25,Cash on Delivery,2024,5,May,Q2,37.71104704223015,1.1781299261594622,2024-05
ORD-10364,2024-05-28,Yuki Johnson,Corporate,Germany,Europe,Clothing & Accessories,Leather Wallet Minimalist,3,50.33,10,135.89,11.44,48.95,PayPal,2024,5,May,Q2,36.02178232393848,8.418573846493487,2024-05
ORD-10445,2024-05-28,Giulia Miller,Consumer,Mexico,North America,Office Supplies,Premium Notebook Set A5,1,23.24,10,20.92,7.37,3.09,PayPal,2024,5,May,Q2,14.770554493307838,35.22944550669216,2024-05
ORD-10584,2024-05-28,Fatima Smith,Consumer,Argentina,South America,Clothing & Accessories,Polarized Sunglasses,6,79.95,0,479.7,23.09,216.76,Credit Card,2024,5,May,Q2,45.1865749426725,4.813425057327496,2024-05
ORD-11658,2024-05-29,Hanna Kim,Consumer,Saudi Arabia,Middle East & Africa,Office Supplies,Desk Calendar 2025,1,14.73,0,14.73,12.36,-4.26,Credit Card,2024,5,May,Q2,-28.920570264765782,83.91038696537677,2024-05
ORD-11765,2024-05-29,Emma Weber,Corporate,Colombia,South America,Office Supplies,Whiteboard Markers Set 8,4,15.35,10,55.26,13.12,14.51,Cash on Delivery,2024,5,May,Q2,26.257690915671372,23.742309084328628,2024-05
ORD-10441,2024-05-30,Susan Kumar,Consumer,Canada,North America,Technology,Wireless Bluetooth Headphones,1,171.98,10,154.78,7.29,52.9,Credit Card,2024,5,May,Q2,34.17754231812896,4.7099108411939525,2024-05
ORD-10898,2024-05-31,Diego Schmidt,Consumer,South Africa,Middle East & Africa,Furniture,Monitor Riser Wood,1,67.18,0,67.18,12.09,14.78,PayPal,2024,5,May,Q2,22.000595415302172,17.996427508186958,2024-05
ORD-11164,2024-05-31,Sophie Weber,Consumer,United States,North America,Technology,Wireless Ergonomic Mouse,5,27.93,15,118.7,14.98,26.91,PayPal,2024,5,May,Q2,22.670598146588038,12.620050547598991,2024-05
ORD-11588,2024-06-01,Joseph Martinez,Consumer,Australia,Asia Pacific,Office Supplies,Whiteboard Markers Set 8,2,8.62,15,14.65,10.07,-3.18,Credit Card,2024,6,Jun,Q2,-21.706484641638227,68.73720136518772,2024-06
ORD-11686,2024-06-02,Li Khan,Home Office,Germany,Europe,Furniture,Floating Wall Shelves Set,7,77.63,15,461.9,11.64,124.21,Credit Card,2024,6,Jun,Q2,26.891101970123405,2.520025979649275,2024-06
ORD-10117,2024-06-03,Nadia Pereira,Consumer,India,Asia Pacific,Office Supplies,Whiteboard Markers Set 8,2,18.62,10,33.52,12.51,4.25,Bank Transfer,2024,6,Jun,Q2,12.678997613365153,37.32100238663484,2024-06
ORD-11074,2024-06-03,Wei Taylor,Home Office,Japan,Asia Pacific,Furniture,Standing Desk Converter,2,205.48,5,390.41,12.79,131.04,Credit Card,2024,6,Jun,Q2,33.56471401859583,3.2760431341410308,2024-06
ORD-10345,2024-06-04,Michael Yamamoto,Consumer,United States,North America,Furniture,Standing Desk Converter,2,212.46,5,403.67,8.24,140.48,Cash on Delivery,2024,6,Jun,Q2,34.80070354497485,2.041271335496817,2024-06
ORD-11815,2024-06-04,Joseph Johansson,Consumer,Mexico,North America,Furniture,Mesh Back Task Chair,2,232.65,0,465.3,6.74,179.38,Credit Card,2024,6,Jun,Q2,38.55147216849345,1.4485278315065548,2024-06
ORD-10157,2024-06-05,Xiao Kumar,Home Office,Australia,Asia Pacific,Clothing & Accessories,Silk Tie Collection,1,33.98,5,32.28,9.63,5.66,Cash on Delivery,2024,6,Jun,Q2,17.534076827757126,29.83271375464684,2024-06
ORD-11803,2024-06-07,Wei Costa,Home Office,Argentina,South America,Clothing & Accessories,Polarized Sunglasses,1,47.83,20,38.26,10.96,3.38,Credit Card,2024,6,Jun,Q2,8.834291688447465,28.646105593308942,2024-06
ORD-10734,2024-06-08,Elizabeth Taylor,Corporate,Italy,Europe,Office Supplies,Highlighters Neon Pack 6,1,10.5,0,10.5,8.64,-2.87,Credit Card,2024,6,Jun,Q2,-27.333333333333332,82.28571428571429,2024-06
ORD-10302,2024-06-09,Emma Tanaka,Home Office,Argentina,South America,Furniture,Monitor Riser Wood,3,26.36,15,67.22,14.59,5.18,PayPal,2024,6,Jun,Q2,7.706039869086581,21.70484974709908,2024-06
ORD-11365,2024-06-09,Olga Romano,Consumer,Canada,North America,Clothing & Accessories,Cotton Formal Shirt,3,63.86,5,182.0,10.77,75.44,PayPal,2024,6,Jun,Q2,41.45054945054945,5.917582417582418,2024-06
ORD-11759,2024-06-09,Amir Hassan,Consumer,United States,North America,Clothing & Accessories,Canvas Messenger Bag,3,29.47,10,79.57,12.1,23.26,Credit Card,2024,6,Jun,Q2,29.232122659293708,15.206736207113233,2024-06
ORD-11750,2024-06-10,Olga Robinson,Consumer,United States,North America,Clothing & Accessories,Cotton Formal Shirt,1,26.54,5,25.21,6.91,5.03,Cash on Delivery,2024,6,Jun,Q2,19.952399841332806,27.409758032526778,2024-06
ORD-10557,2024-06-12,Joseph Russo,Consumer,Australia,Asia Pacific,Clothing & Accessories,Wool Blend Scarf,5,49.62,10,223.29,20.46,78.78,Cash on Delivery,2024,6,Jun,Q2,35.281472524519685,9.162971919924761,2024-06
ORD-10897,2024-06-12,Karen Smith,Consumer,Colombia,South America,Technology,Tablet Stand Holder,3,44.11,0,132.33,13.19,46.36,Credit Card,2024,6,Jun,Q2,35.033628051084406,9.967505478727423,2024-06
ORD-11738,2024-06-12,Chen Tanaka,Corporate,China,Asia Pacific,Technology,Wireless Ergonomic Mouse,4,65.92,15,224.13,12.79,66.32,PayPal,2024,6,Jun,Q2,29.58997010663454,5.706509614955606,2024-06
ORD-11737,2024-06-14,Sarah Jackson,Corporate,South Africa,Middle East & Africa,Technology,Noise Cancelling Earbuds,2,187.45,15,318.66,15.26,97.21,Cash on Delivery,2024,6,Jun,Q2,30.50586832360509,4.788803113035837,2024-06
ORD-10547,2024-06-15,Olivia Pereira,Home Office,United States,North America,Clothing & Accessories,Cotton Formal Shirt,1,41.69,5,39.61,5.53,13.23,PayPal,2024,6,Jun,Q2,33.40065639989901,13.961120929058318,2024-06
ORD-10882,2024-06-15,Yuki Thompson,Home Office,Canada,North America,Office Supplies,Paper Clips Box 500pc,2,3.65,5,6.93,9.09,-5.45,PayPal,2024,6,Jun,Q2,-78.64357864357865,131.1688311688312,2024-06
ORD-11303,2024-06-15,Ahmed Singh,Corporate,Mexico,North America,Technology,Noise Cancelling Earbuds,5,190.99,5,907.2,14.34,367.64,Bank Transfer,2024,6,Jun,Q2,40.52469135802469,1.5806878306878307,2024-06
ORD-11882,2024-06-16,Liam Kim,Consumer,Italy,Europe,Furniture,Floating Wall Shelves Set,2,50.55,0,101.1,11.26,29.18,PayPal,2024,6,Jun,Q2,28.862512363996046,11.137487636003957,2024-06
ORD-10227,2024-06-18,Linda Suzuki,Corporate,Canada,North America,Clothing & Accessories,Polarized Sunglasses,5,61.44,5,291.84,10.22,128.02,Credit Card,2024,6,Jun,Q2,43.866502192982466,3.5019188596491233,2024-06
ORD-10556,2024-06-18,Pierre Jackson,Corporate,Argentina,South America,Furniture,Bookshelf 5-Tier,6,84.46,10,456.08,22.68,129.34,Credit Card,2024,6,Jun,Q2,28.35905981406771,4.9728117874057185,2024-06
ORD-10884,2024-06-18,Barbara Dubois,Corporate,Canada,North America,Technology,Laptop Stand Adjustable,4,53.44,10,192.38,10.74,64.07,Credit Card,2024,6,Jun,Q2,33.30387774196902,5.582700904459923,2024-06
ORD-11188,2024-06-19,Xiao Johnson,Consumer,Mexico,North America,Clothing & Accessories,Polarized Sunglasses,2,39.41,5,74.88,8.06,27.41,PayPal,2024,6,Jun,Q2,36.605235042735046,10.763888888888891,2024-06
ORD-11340,2024-06-19,Carlos Thompson,Consumer,Argentina,South America,Technology,Wireless Bluetooth Headphones,1,214.3,5,203.59,11.22,74.5,Credit Card,2024,6,Jun,Q2,36.59315290534899,5.5110761825237,2024-06
ORD-11325,2024-06-20,Olga Suzuki,Consumer,Canada,North America,Technology,Portable External SSD 1TB,6,88.33,5,503.48,13.32,198.67,PayPal,2024,6,Jun,Q2,39.459362834670685,2.645586716453484,2024-06
ORD-11447,2024-06-20,Ali Sato,Corporate,Canada,North America,Clothing & Accessories,Canvas Messenger Bag,2,73.45,5,139.56,6.29,59.82,Cash on Delivery,2024,6,Jun,Q2,42.86328460877042,4.507022069360849,2024-06
ORD-10822,2024-06-21,Ethan Johnson,Home Office,India,Asia Pacific,Clothing & Accessories,Travel Backpack 30L,1,47.32,10,42.59,10.74,8.19,Cash on Delivery,2024,6,Jun,Q2,19.22986616576661,25.217187133129844,2024-06
ORD-11747,2024-06-21,Ava Patel,Home Office,Nigeria,Middle East & Africa,Clothing & Accessories,Cotton Formal Shirt,2,34.14,5,64.87,13.94,16.79,PayPal,2024,6,Jun,Q2,25.882534299367965,21.48913211037459,2024-06
ORD-11084,2024-06-22,Sakura Müller,Corporate,Spain,Europe,Furniture,Bookshelf 5-Tier,1,141.5,0,141.5,7.9,48.7,Credit Card,2024,6,Jun,Q2,34.41696113074205,5.583038869257951,2024-06
ORD-10983,2024-06-23,Nadia Zhang,Consumer,India,Asia Pacific,Furniture,Desk Organizer Set,9,55.5,5,474.52,19.93,154.89,Cash on Delivery,2024,6,Jun,Q2,32.64140605243193,4.2000337182837395,2024-06
ORD-11777,2024-06-23,Nadia Anderson,Consumer,Spain,Europe,Office Supplies,Highlighters Neon Pack 6,3,8.11,15,20.68,14.26,-4.53,PayPal,2024,6,Jun,Q2,-21.905222437137333,68.95551257253385,2024-06
ORD-10278,2024-06-24,Marco Sharma,Consumer,Argentina,South America,Furniture,Standing Desk Converter,7,303.29,15,1804.58,18.54,512.22,PayPal,2024,6,Jun,Q2,28.38444402575669,1.027385873721309,2024-06
ORD-11466,2024-06-24,Oscar Miller,Corporate,Saudi Arabia,Middle East & Africa,Technology,Webcam HD 1080p,1,68.39,20,54.71,12.38,4.72,Bank Transfer,2024,6,Jun,Q2,8.627307622006946,22.628404313653814,2024-06
ORD-11816,2024-06-24,Omar Russo,Consumer,China,Asia Pacific,Office Supplies,Binder Clips Assorted 48pc,2,9.72,10,17.5,12.92,-4.17,PayPal,2024,6,Jun,Q2,-23.82857142857143,73.82857142857144,2024-06
ORD-10144,2024-06-25,Carlos Schmidt,Home Office,France,Europe,Office Supplies,Sticky Notes Multicolor 6-Pack,2,14.53,5,27.61,11.77,2.76,Cash on Delivery,2024,6,Jun,Q2,9.996378123868164,42.62948207171315,2024-06
ORD-10012,2024-06-26,Thomas Rodriguez,Corporate,Brazil,South America,Furniture,Folding Table Portable,1,78.08,10,70.27,11.96,11.46,Credit Card,2024,6,Jun,Q2,16.30852426355486,17.02006546179024,2024-06
ORD-11415,2024-06-26,Nadia Davis,Home Office,Mexico,North America,Office Supplies,Stapler Full-Size,5,9.54,0,47.7,11.65,14.59,Credit Card,2024,6,Jun,Q2,30.587002096436056,24.42348008385744,2024-06
ORD-11265,2024-06-28,Maria Hassan,Consumer,France,Europe,Furniture,Mesh Back Task Chair,3,122.5,0,367.5,9.35,137.65,Credit Card,2024,6,Jun,Q2,37.45578231292517,2.5442176870748296,2024-06
ORD-11311,2024-06-28,Sophie Li,Consumer,Japan,Asia Pacific,Furniture,Monitor Riser Wood,2,33.34,0,66.68,11.35,15.32,Credit Card,2024,6,Jun,Q2,22.975404919016196,17.021595680863825,2024-06
ORD-11688,2024-06-29,Hans Schmidt,Consumer,Mexico,North America,Office Supplies,Binder Clips Assorted 48pc,8,14.05,0,112.4,18.76,43.06,PayPal,2024,6,Jun,Q2,38.30960854092527,16.690391459074732,2024-06
ORD-10121,2024-06-30,Maria Weber,Corporate,Spain,Europe,Clothing & Accessories,Polarized Sunglasses,3,22.89,20,54.94,11.77,8.83,Credit Card,2024,6,Jun,Q2,16.072078631234074,21.423370950127413,2024-06
ORD-11099,2024-06-30,Priya Robinson,Consumer,Mexico,North America,Clothing & Accessories,Wool Blend Scarf,1,52.83,10,47.55,6.13,15.0,Credit Card,2024,6,Jun,Q2,31.54574132492114,12.891692954784437,2024-06
ORD-11660,2024-07-01,Fatima Robinson,Corporate,France,Europe,Technology,Wireless Ergonomic Mouse,2,28.41,10,51.14,9.34,10.55,Credit Card,2024,7,Jul,Q3,20.629644114196324,18.26359014470082,2024-07
ORD-11768,2024-07-01,Joseph Singh,Consumer,Italy,Europe,Clothing & Accessories,Sports Water Bottle 750ml,1,23.88,5,22.69,9.01,1.74,Credit Card,2024,7,Jul,Q3,7.668576465403261,39.70912296165711,2024-07
ORD-10513,2024-07-02,Maria Rossi,Consumer,Australia,Asia Pacific,Clothing & Accessories,Sports Water Bottle 750ml,6,25.8,20,123.84,23.22,23.22,Bank Transfer,2024,7,Jul,Q3,18.749999999999996,18.749999999999996,2024-07
ORD-11850,2024-07-02,Omar Williams,Consumer,Mexico,North America,Furniture,Standing Desk Converter,7,157.04,0,1099.28,10.12,429.59,Credit Card,2024,7,Jul,Q3,39.07921548650025,0.9206025762317152,2024-07
ORD-11411,2024-07-03,Raj Weber,Consumer,Spain,Europe,Office Supplies,Whiteboard Markers Set 8,2,21.15,0,42.3,9.48,13.78,PayPal,2024,7,Jul,Q3,32.57683215130024,22.411347517730498,2024-07
ORD-11498,2024-07-03,Omar Rodriguez,Corporate,Australia,Asia Pacific,Office Supplies,Desk Calendar 2025,2,16.71,10,30.08,13.99,1.05,Credit Card,2024,7,Jul,Q3,3.4906914893617023,46.509308510638306,2024-07
ORD-11352,2024-07-04,Ayumi Moreau,Consumer,Spain,Europe,Office Supplies,Highlighters Neon Pack 6,4,4.42,5,16.8,13.49,-4.65,Credit Card,2024,7,Jul,Q3,-27.67857142857143,80.29761904761905,2024-07
ORD-10257,2024-07-05,Sarah Clark,Home Office,France,Europe,Office Supplies,Stapler Full-Size,1,15.39,0,15.39,9.15,-0.69,Bank Transfer,2024,7,Jul,Q3,-4.483430799220272,59.4541910331384,2024-07
ORD-10261,2024-07-05,Li Oliveira,Consumer,United States,North America,Office Supplies,Tape Dispenser Heavy Duty,5,8.34,15,35.45,7.59,9.1,Cash on Delivery,2024,7,Jul,Q3,25.66995768688293,21.410437235543018,2024-07
ORD-10581,2024-07-05,Pierre Weber,Corporate,United Kingdom,Europe,Technology,Wireless Ergonomic Mouse,1,47.66,0,47.66,8.77,12.68,Cash on Delivery,2024,7,Jul,Q3,26.605119597146455,18.401174989509023,2024-07
ORD-10691,2024-07-05,Felix Ahmed,Consumer,Germany,Europe,Technology,Wireless Ergonomic Mouse,2,52.81,0,105.62,10.99,36.54,Credit Card,2024,7,Jul,Q3,34.59572050747964,10.405226282900966,2024-07
ORD-11189,2024-07-05,Clara Tanaka,Corporate,United States,North America,Furniture,Desk Organizer Set,1,31.63,5,30.05,5.84,5.23,PayPal,2024,7,Jul,Q3,17.404326123128122,19.434276206322796,2024-07
ORD-10275,2024-07-06,Mary Clark,Consumer,Mexico,North America,Office Supplies,Desk Calendar 2025,7,11.86,5,78.87,17.15,24.36,Credit Card,2024,7,Jul,Q3,30.886268543172307,21.744643083555214,2024-07
ORD-11450,2024-07-06,Li Rossi,Corporate,Spain,Europe,Technology,USB-C Hub Multiport Adapter,1,24.66,20,19.73,8.64,-2.47,Credit Card,2024,7,Jul,Q3,-12.519006588950838,43.79118094272682,2024-07
ORD-11559,2024-07-06,Felix Smith,Consumer,Mexico,North America,Office Supplies,Desk Calendar 2025,8,19.36,10,139.39,9.27,60.42,Credit Card,2024,7,Jul,Q3,43.34600760456274,6.650405337542148,2024-07
ORD-11225,2024-07-07,Christopher Brown,Corporate,Canada,North America,Technology,Wireless Ergonomic Mouse,3,42.03,10,113.48,6.85,37.28,Cash on Delivery,2024,7,Jul,Q3,32.851603806838206,6.036305956996827,2024-07
ORD-11636,2024-07-07,Ingrid Davis,Consumer,Argentina,South America,Technology,Tablet Stand Holder,5,17.3,15,73.52,16.43,9.51,Cash on Delivery,2024,7,Jul,Q3,12.93525571273123,22.34766050054407,2024-07
ORD-11706,2024-07-08,Priya Oliveira,Consumer,United Kingdom,Europe,Furniture,Ergonomic Office Chair,10,305.38,5,2901.11,14.57,1054.26,Credit Card,2024,7,Jul,Q3,36.339883699687356,0.5022215634705337,2024-07
ORD-10222,2024-07-09,Hanna White,Consumer,France,Europe,Clothing & Accessories,Travel Backpack 30L,3,59.82,20,143.57,9.58,44.26,Bank Transfer,2024,7,Jul,Q3,30.82816744445218,6.6727032109772235,2024-07
ORD-10385,2024-07-09,Michael Schmidt,Corporate,Canada,North America,Office Supplies,Whiteboard Markers Set 8,1,19.83,20,15.86,6.8,0.14,Credit Card,2024,7,Jul,Q3,0.8827238335435058,42.87515762925599,2024-07
ORD-11508,2024-07-09,Ivan Ahmed,Home Office,United States,North America,Clothing & Accessories,Canvas Messenger Bag,2,86.73,10,156.11,9.75,59.63,Credit Card,2024,7,Jul,Q3,38.197424892703864,6.245596054064441,2024-07
ORD-10641,2024-07-10,Sophie Clark,Consumer,Germany,Europe,Clothing & Accessories,Leather Wallet Minimalist,11,19.0,5,198.55,16.19,77.86,PayPal,2024,7,Jul,Q3,39.214303701838325,8.154117350793252,2024-07
ORD-11587,2024-07-10,Amina Clark,Home Office,Canada,North America,Clothing & Accessories,Canvas Messenger Bag,5,28.49,15,121.08,15.04,34.82,PayPal,2024,7,Jul,Q3,28.757846052196896,12.421539478031054,2024-07
ORD-10095,2024-07-11,Karen Anderson,Corporate,United States,North America,Furniture,Mesh Back Task Chair,2,191.99,5,364.78,9.02,125.37,Credit Card,2024,7,Jul,Q3,34.36866056253084,2.4727232852678327,2024-07
ORD-11444,2024-07-11,Hans Fischer,Consumer,Australia,Asia Pacific,Office Supplies,Stapler Full-Size,3,9.42,0,28.26,15.8,-0.26,PayPal,2024,7,Jul,Q3,-0.9200283085633403,55.909412597310684,2024-07
ORD-11549,2024-07-11,Priya Jones,Consumer,Australia,Asia Pacific,Technology,Mechanical Gaming Keyboard,2,70.74,15,120.26,13.36,29.09,PayPal,2024,7,Jul,Q3,24.189256610676864,11.109263262930316,2024-07
ORD-10516,2024-07-12,Olga Suzuki,Corporate,United States,North America,Technology,Portable External SSD 1TB,2,131.07,10,235.93,8.58,83.17,Credit Card,2024,7,Jul,Q3,35.251981519942355,3.636671894205908,2024-07
ORD-10586,2024-07-13,Olivia Patel,Consumer,Australia,Asia Pacific,Technology,Webcam HD 1080p,3,50.5,10,136.35,10.6,42.42,PayPal,2024,7,Jul,Q3,31.11111111111111,7.774110744407774,2024-07
ORD-10664,2024-07-14,John Ferrari,Consumer,United Kingdom,Europe,Clothing & Accessories,Travel Backpack 30L,6,68.26,5,389.08,18.45,165.85,Credit Card,2024,7,Jul,Q3,42.626195126966174,4.741955381926596,2024-07
ORD-11142,2024-07-14,Ayumi Harris,Consumer,United Kingdom,Europe,Furniture,Floating Wall Shelves Set,1,95.79,15,81.42,8.97,14.98,Bank Transfer,2024,7,Jul,Q3,18.398427904691722,11.016949152542374,2024-07
ORD-10824,2024-07-15,Pierre Rodriguez,Home Office,Mexico,North America,Technology,Mechanical Gaming Keyboard,2,150.27,10,270.49,6.15,99.04,Credit Card,2024,7,Jul,Q3,36.615031979001074,2.2736515213131723,2024-07
ORD-11343,2024-07-15,Amina Romano,Corporate,UAE,Middle East & Africa,Clothing & Accessories,Leather Belt Classic,1,25.15,20,20.12,13.22,-5.67,Cash on Delivery,2024,7,Jul,Q3,-28.180914512922463,65.70576540755468,2024-07
ORD-11639,2024-07-15,Mia White,Corporate,Canada,North America,Furniture,Bookshelf 5-Tier,3,153.49,25,345.35,8.01,61.06,Credit Card,2024,7,Jul,Q3,17.68061386998697,2.31938613001303,2024-07
ORD-10131,2024-07-16,Ali Oliveira,Consumer,Mexico,North America,Technology,Portable External SSD 1TB,1,115.3,10,103.77,6.68,33.67,PayPal,2024,7,Jul,Q3,32.44675725161415,6.437313289004528,2024-07
ORD-10253,2024-07-19,David Garcia,Consumer,France,Europe,Furniture,Ergonomic Office Chair,4,425.29,5,1616.1,12.36,583.04,PayPal,2024,7,Jul,Q3,36.07697543468845,0.7648041581585298,2024-07
ORD-11402,2024-07-19,Li Davis,Home Office,United States,North America,Technology,Smart LED Desk Lamp,1,44.59,0,44.59,7.24,12.83,Cash on Delivery,2024,7,Jul,Q3,28.773267548777753,16.236824400089706,2024-07
ORD-11398,2024-07-21,Mary Rodriguez,Consumer,United States,North America,Clothing & Accessories,Leather Belt Classic,1,23.76,10,21.38,6.5,3.0,Cash on Delivery,2024,7,Jul,Q3,14.031805425631433,30.402245088868103,2024-07
ORD-11857,2024-07-23,Mia Romano,Corporate,Japan,Asia Pacific,Technology,Wireless Bluetooth Headphones,3,215.99,10,583.17,14.33,212.46,PayPal,2024,7,Jul,Q3,36.43191522197644,2.4572594612205707,2024-07
ORD-11690,2024-07-24,William Chen,Corporate,France,Europe,Office Supplies,Sticky Notes Multicolor 6-Pack,6,13.61,5,77.58,20.53,20.3,PayPal,2024,7,Jul,Q3,26.16653776746584,26.46300592936324,2024-07
ORD-10909,2024-07-25,Clara Leroy,Consumer,Australia,Asia Pacific,Furniture,Desk Organizer Set,4,43.36,10,156.1,16.06,35.98,PayPal,2024,7,Jul,Q3,23.04932735426009,10.288276745675848,2024-07
ORD-10138,2024-07-26,Ali Jones,Consumer,Spain,Europe,Clothing & Accessories,Travel Backpack 30L,1,84.43,25,63.32,8.29,12.81,Bank Transfer,2024,7,Jul,Q3,20.230574857864813,13.092229943145925,2024-07
ORD-11165,2024-07-26,Wei Sato,Consumer,Canada,North America,Technology,Wireless Bluetooth Headphones,5,142.01,0,710.05,12.04,307.48,Credit Card,2024,7,Jul,Q3,43.30399267657208,1.6956552355467926,2024-07
ORD-10340,2024-07-27,Priya Weber,Consumer,South Korea,Asia Pacific,Furniture,Folding Table Portable,3,51.54,5,146.89,16.14,37.98,Credit Card,2024,7,Jul,Q3,25.85608278303492,10.987814010484037,2024-07
ORD-10388,2024-07-27,Linda Patel,Consumer,United Kingdom,Europe,Technology,Webcam HD 1080p,4,83.83,0,335.32,12.06,138.83,Cash on Delivery,2024,7,Jul,Q3,41.40224263390195,3.5965644757246813,2024-07
ORD-10868,2024-07-27,Sakura Jones,Corporate,United States,North America,Technology,Tablet Stand Holder,5,19.09,10,85.91,15.16,18.25,Credit Card,2024,7,Jul,Q3,21.243161448027006,17.646374112443254,2024-07
ORD-11918,2024-07-27,Robert Khan,Consumer,Canada,North America,Technology,USB-C Hub Multiport Adapter,1,42.3,20,33.84,5.91,4.67,Credit Card,2024,7,Jul,Q3,13.800236406619385,17.4645390070922,2024-07
ORD-10590,2024-07-28,Hans White,Home Office,Brazil,South America,Furniture,Folding Table Portable,1,58.82,15,50.0,11.29,3.42,Cash on Delivery,2024,7,Jul,Q3,6.84,22.58,2024-07
ORD-11153,2024-07-28,Sarah Chen,Consumer,Germany,Europe,Furniture,Mesh Back Task Chair,11,296.08,5,3094.04,23.46,1116.45,Bank Transfer,2024,7,Jul,Q3,36.08389031816008,0.7582319556308258,2024-07
ORD-11654,2024-07-29,Christopher Schmidt,Consumer,Canada,North America,Furniture,Mesh Back Task Chair,1,264.5,25,198.38,7.24,32.44,Credit Card,2024,7,Jul,Q3,16.352454884564978,3.6495614477265854,2024-07
ORD-11982,2024-07-29,William Moreau,Consumer,United States,North America,Furniture,Floating Wall Shelves Set,1,43.48,0,43.48,6.89,10.5,Bank Transfer,2024,7,Jul,Q3,24.149034038638455,15.846366145354185,2024-07
ORD-10263,2024-08-01,Felix Romano,Consumer,France,Europe,Technology,Laptop Stand Adjustable,2,51.5,0,103.0,9.3,37.05,Credit Card,2024,8,Aug,Q3,35.970873786407765,9.029126213592233,2024-08
ORD-10066,2024-08-02,Hanna Ali,Home Office,United Kingdom,Europe,Office Supplies,Stapler Full-Size,4,14.54,15,49.44,12.57,10.7,PayPal,2024,8,Aug,Q3,21.642394822006473,25.4247572815534,2024-08
ORD-10799,2024-08-03,Susan Schmidt,Consumer,United Kingdom,Europe,Furniture,Folding Table Portable,3,75.05,0,225.15,12.4,77.66,PayPal,2024,8,Aug,Q3,34.49256051521208,5.507439484787919,2024-08
ORD-11203,2024-08-03,Amir Ali,Consumer,India,Asia Pacific,Clothing & Accessories,Travel Backpack 30L,4,39.58,5,150.4,11.02,60.22,PayPal,2024,8,Aug,Q3,40.03989361702127,7.327127659574467,2024-08
ORD-11849,2024-08-04,Christopher Leroy,Consumer,United States,North America,Technology,Portable External SSD 1TB,7,102.39,5,680.89,13.51,273.18,PayPal,2024,8,Aug,Q3,40.12101807927859,1.9841677804050581,2024-08
ORD-10867,2024-08-05,Hans Hassan,Corporate,Argentina,South America,Clothing & Accessories,Polarized Sunglasses,2,54.24,15,92.21,12.61,25.36,Credit Card,2024,8,Aug,Q3,27.502440082420566,13.675306365903916,2024-08
ORD-11698,2024-08-05,Layla Zhang,Corporate,United States,North America,Office Supplies,Stapler Full-Size,2,7.92,0,15.84,8.07,0.64,PayPal,2024,8,Aug,Q3,4.040404040404041,50.9469696969697,2024-08
ORD-10213,2024-08-06,Sarah Harris,Consumer,Mexico,North America,Office Supplies,Premium Notebook Set A5,4,22.41,5,85.16,11.14,33.68,PayPal,2024,8,Aug,Q3,39.54908407703147,13.08125880695162,2024-08
ORD-10311,2024-08-06,Noah Hassan,Consumer,Japan,Asia Pacific,Office Supplies,Sticky Notes Multicolor 6-Pack,2,7.5,10,13.5,11.22,-4.47,PayPal,2024,8,Aug,Q3,-33.11111111111111,83.11111111111111,2024-08
ORD-11049,2024-08-06,Priya Schmidt,Consumer,Australia,Asia Pacific,Technology,USB-C Hub Multiport Adapter,1,34.53,0,34.53,10.15,5.39,PayPal,2024,8,Aug,Q3,15.60961482768607,29.394729220967275,2024-08
ORD-10018,2024-08-07,Amir Smith,Home Office,Canada,North America,Furniture,Floating Wall Shelves Set,3,76.33,0,228.99,7.81,83.79,Credit Card,2024,8,Aug,Q3,36.59111751604874,3.4106292851216207,2024-08
ORD-10475,2024-08-07,Chen Anderson,Corporate,Mexico,North America,Technology,USB-C Hub Multiport Adapter,4,57.77,15,196.42,8.23,61.1,Credit Card,2024,8,Aug,Q3,31.10681193361165,4.19000101822625,2024-08
ORD-11726,2024-08-08,Raj Patel,Corporate,Canada,North America,Office Supplies,Stapler Full-Size,2,10.66,5,20.25,8.06,2.6,Credit Card,2024,8,Aug,Q3,12.839506172839506,39.80246913580247,2024-08
ORD-11892,2024-08-08,Mary Oliveira,Consumer,South Korea,Asia Pacific,Clothing & Accessories,Travel Backpack 30L,3,40.65,5,115.85,13.02,41.86,PayPal,2024,8,Aug,Q3,36.13293051359517,11.238670694864048,2024-08
ORD-10294,2024-08-09,Christopher Brown,Corporate,United States,North America,Office Supplies,Desk Calendar 2025,4,17.75,5,67.45,13.03,22.47,Credit Card,2024,8,Aug,Q3,33.31356560415122,19.318013343217196,2024-08
ORD-10910,2024-08-09,Felix White,Home Office,Italy,Europe,Clothing & Accessories,Leather Wallet Minimalist,7,22.85,5,151.95,10.55,61.42,Bank Transfer,2024,8,Aug,Q3,40.421191181309645,6.9430733794011195,2024-08
ORD-10714,2024-08-10,Hans Johnson,Consumer,France,Europe,Technology,Smart LED Desk Lamp,4,59.34,20,189.89,12.93,46.41,Cash on Delivery,2024,8,Aug,Q3,24.440465532676814,6.809205329401233,2024-08
ORD-10716,2024-08-10,Ivan Martinez,Home Office,South Korea,Asia Pacific,Furniture,Standing Desk Converter,3,167.77,5,478.14,12.09,164.06,Cash on Delivery,2024,8,Aug,Q3,34.31212615551931,2.528548123980424,2024-08
ORD-10810,2024-08-12,Nadia Wang,Consumer,Saudi Arabia,Middle East & Africa,Technology,Tablet Stand Holder,3,24.66,10,66.58,14.37,11.52,PayPal,2024,8,Aug,Q3,17.302493241213575,21.58305797536798,2024-08
ORD-10786,2024-08-13,Jessica Suzuki,Corporate,India,Asia Pacific,Technology,Wireless Bluetooth Headphones,4,147.28,10,530.21,12.2,193.99,Cash on Delivery,2024,8,Aug,Q3,36.58738990211425,2.300975085343543,2024-08
ORD-10919,2024-08-13,Priya Ferrari,Consumer,Mexico,North America,Technology,Webcam HD 1080p,4,63.81,5,242.48,12.73,89.37,PayPal,2024,8,Aug,Q3,36.856647970966684,5.249917518970637,2024-08
ORD-11751,2024-08-13,Elizabeth Singh,Home Office,Mexico,North America,Office Supplies,Whiteboard Markers Set 8,1,9.65,10,8.69,5.86,-1.51,PayPal,2024,8,Aug,Q3,-17.376294591484466,67.43383199079402,2024-08
ORD-10058,2024-08-14,Raj Santos,Consumer,Canada,North America,Furniture,Corner L-Shaped Desk,4,347.26,20,1111.23,11.0,266.81,PayPal,2024,8,Aug,Q3,24.01033089459428,0.9898940813332974,2024-08
ORD-11383,2024-08-14,Thomas Wang,Home Office,United States,North America,Furniture,Desk Organizer Set,1,53.78,5,51.09,6.42,12.4,Bank Transfer,2024,8,Aug,Q3,24.27089449990213,12.566059894304168,2024-08
ORD-11622,2024-08-14,Zara Anderson,Corporate,United Kingdom,Europe,Technology,Noise Cancelling Earbuds,3,104.66,0,313.98,9.55,131.74,Credit Card,2024,8,Aug,Q3,41.95808650232499,3.041595006051341,2024-08
ORD-11976,2024-08-14,Jennifer Anderson,Corporate,Mexico,North America,Office Supplies,Ballpoint Pen Pack 12,5,8.93,20,35.72,9.26,6.37,PayPal,2024,8,Aug,Q3,17.83314669652856,25.923852183650613,2024-08
ORD-11301,2024-08-15,Emma Suzuki,Consumer,South Korea,Asia Pacific,Office Supplies,Ballpoint Pen Pack 12,2,17.94,0,35.88,12.85,6.88,Cash on Delivery,2024,8,Aug,Q3,19.175027870680044,35.81382385730211,2024-08
ORD-11719,2024-08-15,Sarah Patel,Home Office,United States,North America,Furniture,Standing Desk Converter,3,305.72,10,825.44,9.96,265.18,PayPal,2024,8,Aug,Q3,32.125896491568135,1.2066291917038185,2024-08
ORD-10448,2024-08-16,Lucas Moreau,Home Office,Italy,Europe,Office Supplies,Desk Calendar 2025,10,13.76,10,123.84,17.98,43.94,Credit Card,2024,8,Aug,Q3,35.4812661498708,14.518733850129198,2024-08
ORD-10748,2024-08-16,Richard Patel,Consumer,Japan,Asia Pacific,Clothing & Accessories,Silk Tie Collection,3,20.47,5,58.34,11.67,15.97,PayPal,2024,8,Aug,Q3,27.374014398354475,20.00342817963661,2024-08
ORD-11186,2024-08-16,Karen Hassan,Consumer,South Korea,Asia Pacific,Office Supplies,Paper Clips Box 500pc,3,4.11,0,12.33,14.51,-7.73,PayPal,2024,8,Aug,Q3,-62.6926196269262,117.68045417680455,2024-08
ORD-11446,2024-08-16,Wei Suzuki,Consumer,Argentina,South America,Clothing & Accessories,Travel Backpack 30L,6,98.0,15,499.8,20.34,185.46,Credit Card,2024,8,Aug,Q3,37.10684273709484,4.069627851140456,2024-08
ORD-11697,2024-08-16,Thomas Yamamoto,Consumer,United States,North America,Technology,Wireless Ergonomic Mouse,1,66.5,10,59.85,6.99,16.28,Credit Card,2024,8,Aug,Q3,27.201336675020887,11.679197994987469,2024-08
ORD-10315,2024-08-18,Jamal Sharma,Corporate,Germany,Europe,Technology,Noise Cancelling Earbuds,2,121.67,10,219.01,10.65,74.52,Bank Transfer,2024,8,Aug,Q3,34.02584356878681,4.862791653349163,2024-08
ORD-11942,2024-08-18,Lucas Laurent,Consumer,Colombia,South America,Technology,Smart LED Desk Lamp,4,63.57,0,254.28,18.63,95.8,Credit Card,2024,8,Aug,Q3,37.67500393267264,7.326569136385087,2024-08
ORD-11094,2024-08-19,Xiao Romano,Corporate,Mexico,North America,Office Supplies,Sticky Notes Multicolor 6-Pack,4,10.58,5,40.2,14.1,7.06,Bank Transfer,2024,8,Aug,Q3,17.562189054726364,35.07462686567164,2024-08
ORD-10248,2024-08-20,Amina Thomas,Consumer,Mexico,North America,Clothing & Accessories,Leather Wallet Minimalist,2,57.19,5,108.66,7.96,43.51,PayPal,2024,8,Aug,Q3,40.042333885514445,7.325602797717652,2024-08
ORD-11240,2024-08-20,Olga Li,Corporate,South Korea,Asia Pacific,Office Supplies,Paper Clips Box 500pc,2,9.18,15,15.61,12.05,-4.7,PayPal,2024,8,Aug,Q3,-30.108904548366432,77.1941063420884,2024-08
ORD-10818,2024-08-22,Kenji Wang,Consumer,Spain,Europe,Clothing & Accessories,Silk Tie Collection,2,32.02,10,57.64,10.01,15.61,Credit Card,2024,8,Aug,Q3,27.081887578070784,17.366412213740457,2024-08
ORD-11132,2024-08-24,Jamal Nilsson,Consumer,Argentina,South America,Office Supplies,Binder Clips Assorted 48pc,8,9.6,15,65.28,27.55,3.17,PayPal,2024,8,Aug,Q3,4.856004901960785,42.20281862745098,2024-08
ORD-10608,2024-08-25,Sophie Williams,Corporate,South Korea,Asia Pacific,Office Supplies,Whiteboard Markers Set 8,4,9.95,5,37.81,12.01,7.89,PayPal,2024,8,Aug,Q3,20.867495371594813,31.764083575773604,2024-08
ORD-10629,2024-08-25,Ahmed Anderson,Home Office,China,Asia Pacific,Technology,Smart LED Desk Lamp,4,33.42,0,133.68,13.19,46.97,PayPal,2024,8,Aug,Q3,35.1361460203471,9.86684619988031,2024-08
ORD-11246,2024-08-25,Felix Schmidt,Corporate,Canada,North America,Technology,Mechanical Gaming Keyboard,1,132.41,10,119.17,6.65,39.69,Credit Card,2024,8,Aug,Q3,33.305362087773766,5.580263489133172,2024-08
ORD-10245,2024-08-26,Hans Anderson,Consumer,Japan,Asia Pacific,Technology,Portable External SSD 1TB,1,145.65,0,145.65,10.25,55.29,Bank Transfer,2024,8,Aug,Q3,37.96086508753862,7.037418468932372,2024-08
ORD-10613,2024-08-26,Ingrid Martin,Corporate,United Kingdom,Europe,Clothing & Accessories,Sports Water Bottle 750ml,1,20.03,5,19.03,7.96,1.06,Credit Card,2024,8,Aug,Q3,5.570152390961639,41.828691539674196,2024-08
ORD-11635,2024-08-26,Yuki Kim,Corporate,United States,North America,Clothing & Accessories,Polarized Sunglasses,3,74.99,0,224.97,11.37,101.12,Credit Card,2024,8,Aug,Q3,44.94821531759791,5.054007200960128,2024-08
ORD-10108,2024-08-28,Diego Thomas,Consumer,United States,North America,Clothing & Accessories,Cotton Formal Shirt,3,45.38,10,122.53,9.66,44.8,PayPal,2024,8,Aug,Q3,36.56247449604179,7.883783563209009,2024-08
ORD-10563,2024-08-28,Karen Rossi,Consumer,South Korea,Asia Pacific,Furniture,Floating Wall Shelves Set,4,91.15,5,346.37,13.75,113.86,Bank Transfer,2024,8,Aug,Q3,32.87236192510899,3.9697433380489073,2024-08
ORD-11347,2024-08-28,Amina Wang,Consumer,United States,North America,Technology,Smart LED Desk Lamp,2,64.84,20,103.74,6.94,25.48,PayPal,2024,8,Aug,Q3,24.56140350877193,6.689801426643532,2024-08
ORD-11480,2024-08-29,Richard Costa,Consumer,Mexico,North America,Furniture,Standing Desk Converter,3,277.81,15,708.42,9.76,198.6,PayPal,2024,8,Aug,Q3,28.034216989921234,1.3777137856074082,2024-08
ORD-11823,2024-08-29,Oscar Johansson,Consumer,China,Asia Pacific,Office Supplies,Stapler Full-Size,4,15.31,15,52.05,17.07,7.42,Bank Transfer,2024,8,Aug,Q3,14.255523535062439,32.79538904899136,2024-08
ORD-11613,2024-08-30,Ingrid Laurent,Consumer,Canada,North America,Clothing & Accessories,Canvas Messenger Bag,2,57.71,5,109.65,6.72,45.22,Credit Card,2024,8,Aug,Q3,41.240310077519375,6.128590971272229,2024-08
ORD-10055,2024-08-31,Hans Park,Corporate,Italy,Europe,Clothing & Accessories,Polarized Sunglasses,4,36.93,15,125.56,14.92,36.78,Cash on Delivery,2024,8,Aug,Q3,29.292768397578843,11.882765211850908,2024-08
ORD-11966,2024-09-01,Wei Thompson,Consumer,India,Asia Pacific,Office Supplies,Tape Dispenser Heavy Duty,1,20.09,15,17.08,10.58,-2.54,Credit Card,2024,9,Sep,Q3,-14.871194379391103,61.94379391100703,2024-09
ORD-10403,2024-09-03,Ethan Williams,Consumer,Mexico,North America,Furniture,Standing Desk Converter,2,112.26,0,224.52,8.69,81.12,PayPal,2024,9,Sep,Q3,36.130411544628544,3.870479244610725,2024-09
ORD-10140,2024-09-04,Sarah Khan,Home Office,Italy,Europe,Office Supplies,Tape Dispenser Heavy Duty,3,22.08,10,59.62,10.3,19.51,Bank Transfer,2024,9,Sep,Q3,32.723918148272396,17.27608185172761,2024-09
ORD-11959,2024-09-04,Ali Patel,Consumer,Saudi Arabia,Middle East & Africa,Technology,Tablet Stand Holder,8,29.9,0,239.2,15.61,92.03,PayPal,2024,9,Sep,Q3,38.47408026755853,6.525919732441472,2024-09
ORD-10929,2024-09-05,Noah Dubois,Consumer,Mexico,North America,Technology,Noise Cancelling Earbuds,2,79.84,10,143.71,7.24,48.65,PayPal,2024,9,Sep,Q3,33.85289819775937,5.037923596131097,2024-09
ORD-11370,2024-09-05,Ivan Müller,Consumer,France,Europe,Clothing & Accessories,Sports Water Bottle 750ml,2,12.3,0,24.6,11.2,1.1,Credit Card,2024,9,Sep,Q3,4.471544715447155,45.52845528455284,2024-09
ORD-11534,2024-09-05,Jessica Williams,Consumer,United States,North America,Technology,Wireless Ergonomic Mouse,1,30.33,5,28.81,6.89,5.24,Bank Transfer,2024,9,Sep,Q3,18.1881291218327,23.915307185005204,2024-09
ORD-10174,2024-09-06,Clara Schmidt,Corporate,Brazil,South America,Office Supplies,Ballpoint Pen Pack 12,6,13.5,15,68.85,14.12,18.28,Credit Card,2024,9,Sep,Q3,26.550472040668122,20.508351488743646,2024-09
ORD-10848,2024-09-06,Pierre Patel,Consumer,Germany,Europe,Clothing & Accessories,Canvas Messenger Bag,3,68.42,10,184.73,12.09,70.01,PayPal,2024,9,Sep,Q3,37.898554647323124,6.544686840253343,2024-09
ORD-11023,2024-09-06,Olivia Garcia,Home Office,United States,North America,Office Supplies,Desk Calendar 2025,8,7.55,20,48.32,12.15,8.99,PayPal,2024,9,Sep,Q3,18.605132450331126,25.144867549668877,2024-09
ORD-11314,2024-09-06,David Suzuki,Consumer,UAE,Middle East & Africa,Technology,Laptop Stand Adjustable,5,57.26,10,257.67,17.08,83.12,Bank Transfer,2024,9,Sep,Q3,32.258314898901695,6.628633523499048,2024-09
ORD-11582,2024-09-06,Christopher Müller,Consumer,Mexico,North America,Furniture,Ergonomic Office Chair,1,187.47,0,187.47,6.23,68.76,Bank Transfer,2024,9,Sep,Q3,36.677868458953434,3.323198378407212,2024-09
ORD-10544,2024-09-07,William Robinson,Consumer,Canada,North America,Technology,USB-C Hub Multiport Adapter,2,50.79,0,101.58,7.71,38.0,PayPal,2024,9,Sep,Q3,37.40893876747391,7.59007678676905,2024-09
ORD-11124,2024-09-07,Omar Weber,Home Office,Brazil,South America,Clothing & Accessories,Canvas Messenger Bag,1,31.92,0,31.92,12.07,3.89,Cash on Delivery,2024,9,Sep,Q3,12.18671679197995,37.813283208020046,2024-09
ORD-10493,2024-09-09,Linda Fischer,Consumer,United States,North America,Office Supplies,Ballpoint Pen Pack 12,8,15.17,0,121.36,23.42,43.33,Credit Card,2024,9,Sep,Q3,35.703691496374425,19.29795649307845,2024-09
ORD-10208,2024-09-10,Ivan Thomas,Home Office,Colombia,South America,Technology,Portable External SSD 1TB,2,68.4,0,136.8,13.66,47.9,PayPal,2024,9,Sep,Q3,35.01461988304093,9.985380116959064,2024-09
ORD-10484,2024-09-10,Maria Costa,Consumer,Japan,Asia Pacific,Clothing & Accessories,Canvas Messenger Bag,5,57.12,0,285.6,19.41,123.39,Credit Card,2024,9,Sep,Q3,43.20378151260504,6.796218487394958,2024-09
ORD-10857,2024-09-10,Layla Johansson,Consumer,United Kingdom,Europe,Technology,Mechanical Gaming Keyboard,10,62.96,10,566.64,19.53,200.83,PayPal,2024,9,Sep,Q3,35.44225610616971,3.446632782719187,2024-09
ORD-10901,2024-09-10,Richard Tanaka,Corporate,India,Asia Pacific,Furniture,Ergonomic Office Chair,5,214.38,15,911.12,18.93,249.05,Credit Card,2024,9,Sep,Q3,27.33448941961542,2.077662656949688,2024-09
ORD-11644,2024-09-11,Joseph Romano,Consumer,Brazil,South America,Office Supplies,Highlighters Neon Pack 6,2,8.93,10,16.07,14.32,-6.29,Credit Card,2024,9,Sep,Q3,-39.141257000622275,89.11014312383323,2024-09
ORD-11672,2024-09-11,Liam Nilsson,Home Office,United Kingdom,Europe,Office Supplies,Desk Calendar 2025,4,17.6,0,70.4,14.18,24.54,PayPal,2024,9,Sep,Q3,34.85795454545454,20.14204545454545,2024-09
ORD-11073,2024-09-12,Elizabeth Chen,Home Office,Canada,North America,Clothing & Accessories,Sports Water Bottle 750ml,9,22.04,0,198.36,9.79,89.39,Credit Card,2024,9,Sep,Q3,45.0645291389393,4.935470861060697,2024-09
ORD-11058,2024-09-13,Omar Costa,Corporate,Mexico,North America,Furniture,Ergonomic Office Chair,1,376.74,20,301.39,7.19,68.16,Credit Card,2024,9,Sep,Q3,22.615216165101696,2.3856133249278346,2024-09
ORD-10370,2024-09-14,Linda Santos,Corporate,United Kingdom,Europe,Technology,Mechanical Gaming Keyboard,1,174.88,15,148.65,8.56,43.91,Credit Card,2024,9,Sep,Q3,29.53918600739993,5.7584931046081405,2024-09
ORD-11781,2024-09-14,Ingrid White,Consumer,Australia,Asia Pacific,Office Supplies,Highlighters Neon Pack 6,1,13.21,5,12.55,10.34,-3.73,Credit Card,2024,9,Sep,Q3,-29.721115537848604,82.39043824701194,2024-09
ORD-11939,2024-09-14,Amir Moreau,Home Office,India,Asia Pacific,Technology,Webcam HD 1080p,2,43.13,0,86.26,11.52,27.3,PayPal,2024,9,Sep,Q3,31.64850452121493,13.354973336424761,2024-09
ORD-10184,2024-09-15,Isabella Ferrari,Corporate,Germany,Europe,Technology,Smart LED Desk Lamp,4,41.61,20,133.15,11.64,29.97,Credit Card,2024,9,Sep,Q3,22.50844911753661,8.742020277882089,2024-09
ORD-10229,2024-09-15,Xiao Martin,Home Office,Mexico,North America,Clothing & Accessories,Travel Backpack 30L,6,33.23,5,189.41,9.09,80.63,Credit Card,2024,9,Sep,Q3,42.5690301462436,4.799113035214614,2024-09
ORD-10286,2024-09-15,Oscar Williams,Corporate,United States,North America,Clothing & Accessories,Sports Water Bottle 750ml,4,12.55,25,37.65,9.91,2.64,Credit Card,2024,9,Sep,Q3,7.011952191235061,26.321381142098275,2024-09
ORD-10426,2024-09-15,Ayumi Thomas,Consumer,South Africa,Middle East & Africa,Clothing & Accessories,Polarized Sunglasses,8,62.5,25,375.0,24.32,100.68,PayPal,2024,9,Sep,Q3,26.848,6.485333333333333,2024-09
ORD-11799,2024-09-15,Jamal Pereira,Consumer,United States,North America,Technology,Smart LED Desk Lamp,2,31.01,10,55.82,6.85,14.86,Bank Transfer,2024,9,Sep,Q3,26.621282694374777,12.271587244715155,2024-09
ORD-11951,2024-09-15,William Romano,Consumer,Canada,North America,Furniture,Desk Organizer Set,4,29.07,10,104.65,12.59,22.29,Cash on Delivery,2024,9,Sep,Q3,21.299569995222168,12.030578117534638,2024-09
ORD-10466,2024-09-16,Zara Harris,Corporate,Canada,North America,Technology,Wireless Ergonomic Mouse,5,62.9,0,314.5,12.05,129.47,Bank Transfer,2024,9,Sep,Q3,41.16693163751987,3.8314785373608906,2024-09
ORD-11433,2024-09-16,Pierre Smith,Consumer,Spain,Europe,Office Supplies,Tape Dispenser Heavy Duty,1,13.51,10,12.16,7.94,-1.86,Credit Card,2024,9,Sep,Q3,-15.296052631578949,65.29605263157895,2024-09
ORD-11473,2024-09-16,Zara Clark,Consumer,Brazil,South America,Furniture,Floating Wall Shelves Set,3,64.94,20,155.86,11.57,27.4,PayPal,2024,9,Sep,Q3,17.579879378929807,7.423328628256126,2024-09
ORD-11491,2024-09-16,Carlos Yamamoto,Consumer,Mexico,North America,Clothing & Accessories,Cotton Formal Shirt,1,20.04,0,20.04,6.51,3.51,Credit Card,2024,9,Sep,Q3,17.514970059880238,32.48502994011976,2024-09
ORD-11504,2024-09-16,Yuki Pereira,Corporate,Canada,North America,Office Supplies,Tape Dispenser Heavy Duty,4,17.37,15,59.06,9.1,18.69,Cash on Delivery,2024,9,Sep,Q3,31.645783948526923,15.408059600406364,2024-09
ORD-11938,2024-09-16,Isabella Johansson,Corporate,South Africa,Middle East & Africa,Furniture,Folding Table Portable,2,73.07,15,124.22,13.98,22.56,Credit Card,2024,9,Sep,Q3,18.161326678473674,11.254226372564805,2024-09
ORD-10262,2024-09-17,Carlos Ferrari,Home Office,Mexico,North America,Office Supplies,Paper Clips Box 500pc,2,5.97,5,11.34,7.01,-1.04,PayPal,2024,9,Sep,Q3,-9.171075837742505,61.816578483245145,2024-09
ORD-10998,2024-09-18,Diego Miller,Consumer,Italy,Europe,Furniture,Monitor Riser Wood,4,67.4,5,256.12,9.33,85.03,Cash on Delivery,2024,9,Sep,Q3,33.19928158675621,3.6428236764016866,2024-09
ORD-10050,2024-09-19,Robert Garcia,Consumer,Germany,Europe,Office Supplies,Whiteboard Markers Set 8,3,13.57,5,38.67,12.98,7.37,Credit Card,2024,9,Sep,Q3,19.058701836048616,33.56607189035428,2024-09
ORD-10697,2024-09-19,Sakura Garcia,Home Office,Spain,Europe,Office Supplies,Sticky Notes Multicolor 6-Pack,2,6.44,0,12.88,9.71,-2.63,Credit Card,2024,9,Sep,Q3,-20.419254658385093,75.38819875776397,2024-09
ORD-10329,2024-09-20,Amina Taylor,Consumer,India,Asia Pacific,Office Supplies,Binder Clips Assorted 48pc,6,13.09,10,70.69,20.97,14.38,PayPal,2024,9,Sep,Q3,20.342339793464422,29.664733342764183,2024-09
ORD-10011,2024-09-21,James Ferrari,Consumer,Canada,North America,Technology,Mechanical Gaming Keyboard,9,164.14,0,1477.26,18.25,646.52,Credit Card,2024,9,Sep,Q3,43.764807819882755,1.235395258789922,2024-09
ORD-10931,2024-09-21,Maria Thomas,Corporate,China,Asia Pacific,Furniture,Desk Organizer Set,3,49.49,15,126.2,16.07,21.05,Credit Card,2024,9,Sep,Q3,16.67987321711569,12.733755942947703,2024-09
ORD-10141,2024-09-22,Mia Ali,Corporate,Colombia,South America,Office Supplies,Premium Notebook Set A5,2,18.15,15,30.85,14.89,-0.38,PayPal,2024,9,Sep,Q3,-1.2317666126418152,48.26580226904376,2024-09
ORD-10648,2024-09-22,Omar Dubois,Home Office,Australia,Asia Pacific,Office Supplies,Ballpoint Pen Pack 12,3,6.42,15,16.37,15.39,-7.69,Credit Card,2024,9,Sep,Q3,-46.97617593158216,94.01343921808186,2024-09
ORD-11925,2024-09-23,Sarah Miller,Corporate,Colombia,South America,Technology,Smart LED Desk Lamp,3,55.32,10,149.36,16.68,41.4,PayPal,2024,9,Sep,Q3,27.718264595607923,11.167648634172469,2024-09
ORD-10076,2024-09-24,Sarah Patel,Consumer,Japan,Asia Pacific,Office Supplies,Premium Notebook Set A5,5,17.85,0,89.25,14.45,34.64,Bank Transfer,2024,9,Sep,Q3,38.81232492997199,16.19047619047619,2024-09
ORD-11440,2024-09-24,Wei Patel,Corporate,Colombia,South America,Technology,Tablet Stand Holder,5,18.67,5,88.68,14.38,22.96,Cash on Delivery,2024,9,Sep,Q3,25.89084348218313,16.215606675687866,2024-09
ORD-11573,2024-09-24,Mia Chen,Consumer,Spain,Europe,Technology,Wireless Bluetooth Headphones,2,83.77,15,142.41,8.05,42.21,Credit Card,2024,9,Sep,Q3,29.63977248788709,5.6526929288673555,2024-09
ORD-11870,2024-09-25,Isabella Jones,Corporate,Spain,Europe,Technology,Wireless Ergonomic Mouse,4,48.97,20,156.7,10.82,38.15,Credit Card,2024,9,Sep,Q3,24.345883854499043,6.904913848117422,2024-09
ORD-11920,2024-09-26,Pierre Jones,Corporate,United Kingdom,Europe,Clothing & Accessories,Sports Water Bottle 750ml,1,29.28,15,24.89,9.4,0.85,Credit Card,2024,9,Sep,Q3,3.4150261149055847,37.76617115307352,2024-09
ORD-10106,2024-09-27,Karen Ali,Consumer,India,Asia Pacific,Clothing & Accessories,Polarized Sunglasses,4,26.0,0,104.0,15.47,36.53,PayPal,2024,9,Sep,Q3,35.125,14.875,2024-09
ORD-11522,2024-09-27,Amir Anderson,Corporate,United Kingdom,Europe,Technology,Smart LED Desk Lamp,4,31.83,5,120.95,12.01,38.91,Bank Transfer,2024,9,Sep,Q3,32.17031831335262,9.92972302604382,2024-09
ORD-10223,2024-09-28,Jennifer Yamamoto,Consumer,France,Europe,Furniture,Floating Wall Shelves Set,2,61.97,0,123.94,11.14,38.44,Bank Transfer,2024,9,Sep,Q3,31.01500726157818,8.988220106503148,2024-09
ORD-11955,2024-09-28,Olivia Jones,Consumer,United Kingdom,Europe,Furniture,Desk Organizer Set,6,47.45,5,270.47,21.01,78.64,Credit Card,2024,9,Sep,Q3,29.075313343439195,7.767959477945798,2024-09
ORD-10258,2024-09-29,Mia Santos,Consumer,Japan,Asia Pacific,Office Supplies,Binder Clips Assorted 48pc,6,6.49,15,33.1,12.35,3.23,Credit Card,2024,9,Sep,Q3,9.758308157099698,37.311178247734134,2024-09
ORD-10879,2024-09-29,Carlos Patel,Corporate,UAE,Middle East & Africa,Technology,Webcam HD 1080p,3,37.06,20,88.94,13.02,14.77,Cash on Delivery,2024,9,Sep,Q3,16.606701146840567,14.639082527546659,2024-09
ORD-11947,2024-09-30,Olivia Johnson,Corporate,Brazil,South America,Technology,Mechanical Gaming Keyboard,1,165.01,10,148.51,11.03,46.72,PayPal,2024,9,Sep,Q3,31.45916099925931,7.427109285569995,2024-09
ORD-11826,2024-10-01,Robert Leroy,Home Office,France,Europe,Clothing & Accessories,Polarized Sunglasses,3,66.59,5,189.78,13.14,76.75,Credit Card,2024,10,Oct,Q4,40.441563916113395,6.923806512804299,2024-10
ORD-10296,2024-10-02,Michael Tanaka,Consumer,Colombia,South America,Clothing & Accessories,Business Casual Blazer,1,41.43,10,37.29,12.06,4.51,Cash on Delivery,2024,10,Oct,Q4,12.094395280235988,32.34111021721641,2024-10
ORD-11399,2024-10-02,Thomas Chen,Home Office,Mexico,North America,Furniture,Mesh Back Task Chair,1,160.45,5,152.43,5.89,50.27,PayPal,2024,10,Oct,Q4,32.97907236108378,3.8640687528701694,2024-10
ORD-10312,2024-10-03,Lucas Nilsson,Consumer,United Kingdom,Europe,Technology,Mechanical Gaming Keyboard,4,142.59,0,570.36,11.88,244.78,PayPal,2024,10,Oct,Q4,42.916754330598216,2.0828950136755733,2024-10
ORD-10512,2024-10-03,Omar Dubois,Home Office,Spain,Europe,Technology,Smart LED Desk Lamp,3,37.56,10,101.41,11.79,27.65,Cash on Delivery,2024,10,Oct,Q4,27.26555566512178,11.626072379449758,2024-10
ORD-10767,2024-10-03,Omar Thompson,Consumer,United Kingdom,Europe,Furniture,Ergonomic Office Chair,4,287.66,5,1093.11,15.79,386.94,Cash on Delivery,2024,10,Oct,Q4,35.39808436479403,1.444502383108745,2024-10
ORD-11092,2024-10-03,Raj Thompson,Home Office,China,Asia Pacific,Clothing & Accessories,Wool Blend Scarf,3,55.82,5,159.09,12.34,63.02,Bank Transfer,2024,10,Oct,Q4,39.61279778741593,7.756615752090011,2024-10
ORD-11797,2024-10-03,Hanna Sato,Consumer,United States,North America,Office Supplies,Sticky Notes Multicolor 6-Pack,6,7.06,20,33.89,9.61,5.22,Bank Transfer,2024,10,Oct,Q4,15.40277367955149,28.356447329595746,2024-10
ORD-10517,2024-10-04,Diego Johansson,Consumer,UAE,Middle East & Africa,Office Supplies,Ballpoint Pen Pack 12,2,16.71,5,31.75,14.63,2.08,Credit Card,2024,10,Oct,Q4,6.5511811023622055,46.07874015748032,2024-10
ORD-10999,2024-10-04,Layla Romano,Corporate,China,Asia Pacific,Office Supplies,Tape Dispenser Heavy Duty,10,8.48,10,76.32,21.04,17.12,PayPal,2024,10,Oct,Q4,22.431865828092246,27.56813417190776,2024-10
ORD-11749,2024-10-04,Ivan Williams,Corporate,India,Asia Pacific,Technology,Portable External SSD 1TB,5,113.75,5,540.31,19.74,207.76,Bank Transfer,2024,10,Oct,Q4,38.45199977790528,3.653458199922267,2024-10
ORD-11228,2024-10-05,Sakura Thomas,Consumer,United States,North America,Furniture,Bookshelf 5-Tier,8,88.37,5,671.61,16.48,230.95,Cash on Delivery,2024,10,Oct,Q4,34.38751656467295,2.4538050356605767,2024-10
ORD-10412,2024-10-06,Nadia Taylor,Corporate,South Africa,Middle East & Africa,Office Supplies,Paper Clips Box 500pc,3,5.9,5,16.82,15.21,-6.36,Cash on Delivery,2024,10,Oct,Q4,-37.81212841854934,90.4280618311534,2024-10
ORD-10504,2024-10-06,John Suzuki,Home Office,Canada,North America,Clothing & Accessories,Leather Wallet Minimalist,1,37.98,10,34.18,7.22,7.97,Credit Card,2024,10,Oct,Q4,23.31772966647162,21.1234640140433,2024-10
ORD-10988,2024-10-06,Oscar Martinez,Corporate,Colombia,South America,Clothing & Accessories,Travel Backpack 30L,5,34.24,10,154.08,20.25,48.23,Credit Card,2024,10,Oct,Q4,31.30192107995846,13.142523364485982,2024-10
ORD-11136,2024-10-06,Emma Müller,Consumer,Italy,Europe,Clothing & Accessories,Travel Backpack 30L,1,99.45,15,84.53,7.83,26.98,Credit Card,2024,10,Oct,Q4,31.91766236838992,9.262983556133916,2024-10
ORD-11883,2024-10-06,Mia Costa,Consumer,Germany,Europe,Technology,Smart LED Desk Lamp,10,53.93,5,512.33,19.66,196.06,Cash on Delivery,2024,10,Oct,Q4,38.26830363242441,3.83737044483048,2024-10
ORD-10119,2024-10-08,Zara Thomas,Consumer,United States,North America,Clothing & Accessories,Sports Water Bottle 750ml,6,16.76,5,95.53,8.44,36.81,PayPal,2024,10,Oct,Q4,38.53239819951848,8.834920967235423,2024-10
ORD-10021,2024-10-09,Giulia Yamamoto,Consumer,Australia,Asia Pacific,Clothing & Accessories,Cotton Formal Shirt,4,20.47,10,73.69,11.8,20.95,PayPal,2024,10,Oct,Q4,28.429909078572397,16.013027547835527,2024-10
ORD-10663,2024-10-09,Hans Miller,Consumer,Italy,Europe,Technology,Portable External SSD 1TB,3,135.35,5,385.75,12.11,150.31,Credit Card,2024,10,Oct,Q4,38.965651328580684,3.1393389500972133,2024-10
ORD-11018,2024-10-09,Liam Schmidt,Consumer,Australia,Asia Pacific,Office Supplies,Stapler Full-Size,4,13.9,0,55.6,11.78,18.8,Credit Card,2024,10,Oct,Q4,33.81294964028777,21.187050359712227,2024-10
ORD-11739,2024-10-09,Olivia Sharma,Consumer,Mexico,North America,Technology,Wireless Bluetooth Headphones,4,58.38,0,233.52,13.39,91.69,PayPal,2024,10,Oct,Q4,39.26430284343953,5.733984241178486,2024-10
ORD-11774,2024-10-09,John Wang,Home Office,Australia,Asia Pacific,Clothing & Accessories,Sports Water Bottle 750ml,2,21.81,10,39.26,12.21,5.24,Bank Transfer,2024,10,Oct,Q4,13.346917982679575,31.10035659704534,2024-10
ORD-11881,2024-10-09,Mia Jones,Home Office,France,Europe,Clothing & Accessories,Silk Tie Collection,8,48.56,5,369.06,24.35,150.47,PayPal,2024,10,Oct,Q4,40.771148322765946,6.597843169132391,2024-10
ORD-11965,2024-10-09,Layla Patel,Consumer,Mexico,North America,Furniture,Corner L-Shaped Desk,1,371.21,10,334.09,5.6,105.76,Credit Card,2024,10,Oct,Q4,31.656140560926698,1.6761950372654075,2024-10
ORD-10520,2024-10-10,Linda Weber,Corporate,Japan,Asia Pacific,Furniture,Corner L-Shaped Desk,10,345.3,20,2762.4,32.74,657.86,Credit Card,2024,10,Oct,Q4,23.814798725745728,1.1852012742542717,2024-10
ORD-10877,2024-10-10,Yuki Sharma,Corporate,Mexico,North America,Clothing & Accessories,Leather Belt Classic,3,51.23,25,115.27,9.6,28.82,Cash on Delivery,2024,10,Oct,Q4,25.002168821028892,8.328272750932593,2024-10
ORD-11475,2024-10-10,Maria Yamamoto,Consumer,China,Asia Pacific,Furniture,Monitor Riser Wood,8,35.17,5,267.29,25.72,72.75,Credit Card,2024,10,Oct,Q4,27.21762879269707,9.622507388978262,2024-10
ORD-10523,2024-10-11,Omar Jackson,Home Office,Canada,North America,Clothing & Accessories,Polarized Sunglasses,2,66.94,0,133.88,9.12,57.82,PayPal,2024,10,Oct,Q4,43.187929489094714,6.812070510905288,2024-10
ORD-10833,2024-10-11,Michael Ferrari,Consumer,Italy,Europe,Technology,Tablet Stand Holder,1,26.72,0,26.72,9.04,2.98,Credit Card,2024,10,Oct,Q4,11.152694610778443,33.83233532934132,2024-10
ORD-10871,2024-10-11,Nadia Wang,Consumer,Spain,Europe,Furniture,Folding Table Portable,9,115.8,20,833.76,26.5,181.94,Bank Transfer,2024,10,Oct,Q4,21.821627326808674,3.1783726731913258,2024-10
ORD-11209,2024-10-11,Nadia Martinez,Corporate,Mexico,North America,Office Supplies,Paper Clips Box 500pc,2,9.28,20,14.85,8.04,-1.54,Credit Card,2024,10,Oct,Q4,-10.370370370370372,54.14141414141413,2024-10
ORD-11542,2024-10-11,Raj Schmidt,Consumer,China,Asia Pacific,Office Supplies,Premium Notebook Set A5,3,17.78,0,53.34,13.47,15.87,Credit Card,2024,10,Oct,Q4,29.75253093363329,25.253093363329583,2024-10
ORD-11783,2024-10-13,Li Miller,Consumer,United Kingdom,Europe,Furniture,Ergonomic Office Chair,4,275.12,5,1045.46,13.94,371.23,PayPal,2024,10,Oct,Q4,35.50877125858474,1.3333843475599259,2024-10
ORD-11994,2024-10-13,Richard Santos,Consumer,India,Asia Pacific,Technology,Webcam HD 1080p,5,53.38,10,240.21,11.59,81.82,Bank Transfer,2024,10,Oct,Q4,34.06186253694683,4.824944839931726,2024-10
ORD-10391,2024-10-14,Jessica Taylor,Consumer,UAE,Middle East & Africa,Clothing & Accessories,Polarized Sunglasses,2,77.59,10,139.66,15.29,46.78,PayPal,2024,10,Oct,Q4,33.49563224974939,10.948016611771443,2024-10
ORD-11714,2024-10-14,Wei Li,Consumer,China,Asia Pacific,Office Supplies,Highlighters Neon Pack 6,6,7.0,5,39.9,18.09,2.91,Credit Card,2024,10,Oct,Q4,7.293233082706768,45.338345864661655,2024-10
ORD-11851,2024-10-14,Patricia Santos,Home Office,China,Asia Pacific,Clothing & Accessories,Leather Wallet Minimalist,1,61.38,10,55.24,10.68,13.87,Cash on Delivery,2024,10,Oct,Q4,25.108616944243302,19.333816075307748,2024-10
ORD-10162,2024-10-15,Linda Rodriguez,Corporate,Mexico,North America,Office Supplies,Whiteboard Markers Set 8,7,9.79,30,47.97,15.8,1.33,PayPal,2024,10,Oct,Q4,2.7725661872003338,32.93725244944758,2024-10
ORD-10416,2024-10-15,Wei Khan,Consumer,Mexico,North America,Office Supplies,Ballpoint Pen Pack 12,1,8.54,0,8.54,7.42,-2.72,PayPal,2024,10,Oct,Q4,-31.850117096018742,86.88524590163935,2024-10
ORD-10038,2024-10-16,Kenji Jones,Corporate,Canada,North America,Clothing & Accessories,Cotton Formal Shirt,1,26.92,15,22.88,6.91,2.51,Credit Card,2024,10,Oct,Q4,10.97027972027972,30.201048951048953,2024-10
ORD-10168,2024-10-17,Isabella Schmidt,Consumer,Argentina,South America,Clothing & Accessories,Wool Blend Scarf,1,29.08,15,24.72,11.98,-1.8,Credit Card,2024,10,Oct,Q4,-7.281553398058254,48.46278317152104,2024-10
ORD-10580,2024-10-17,Maria Johnson,Corporate,United States,North America,Technology,Webcam HD 1080p,9,45.48,20,327.46,10.43,91.9,Credit Card,2024,10,Oct,Q4,28.064496427044528,3.1851218469431384,2024-10
ORD-11269,2024-10-17,Sophie Johansson,Corporate,Saudi Arabia,Middle East & Africa,Office Supplies,Paper Clips Box 500pc,1,4.87,15,4.14,12.43,-10.48,Bank Transfer,2024,10,Oct,Q4,-253.1400966183575,300.24154589371983,2024-10
ORD-11341,2024-10-18,Li Müller,Corporate,Japan,Asia Pacific,Technology,Tablet Stand Holder,3,19.93,25,44.84,13.57,-1.61,Credit Card,2024,10,Oct,Q4,-3.5905441570026757,30.263157894736842,2024-10
ORD-10939,2024-10-19,Lucas Park,Consumer,Saudi Arabia,Middle East & Africa,Furniture,Corner L-Shaped Desk,1,239.53,25,179.65,12.02,23.91,PayPal,2024,10,Oct,Q4,13.309212357361536,6.690787642638463,2024-10
ORD-11623,2024-10-19,Ivan Romano,Consumer,China,Asia Pacific,Office Supplies,Stapler Full-Size,1,17.33,25,13.0,11.28,-6.08,Credit Card,2024,10,Oct,Q4,-46.76923076923077,86.76923076923076,2024-10
ORD-11874,2024-10-19,Thomas Johnson,Corporate,United States,North America,Furniture,Ergonomic Office Chair,1,292.37,15,248.51,5.62,67.47,Credit Card,2024,10,Oct,Q4,27.149812884793366,2.261478411331536,2024-10
ORD-11864,2024-10-21,Zara Hassan,Consumer,United States,North America,Office Supplies,Desk Calendar 2025,1,13.36,0,13.36,7.32,0.03,Credit Card,2024,10,Oct,Q4,0.2245508982035928,54.79041916167665,2024-10
ORD-10540,2024-10-23,Thomas Jackson,Home Office,South Africa,Middle East & Africa,Office Supplies,Ballpoint Pen Pack 12,3,12.11,0,36.33,14.03,5.95,Credit Card,2024,10,Oct,Q4,16.377649325626205,38.61822185521607,2024-10
ORD-11054,2024-10-23,Ingrid Martinez,Home Office,Canada,North America,Furniture,Mesh Back Task Chair,5,94.04,5,446.69,14.2,150.37,PayPal,2024,10,Oct,Q4,33.66316684949294,3.178938413664958,2024-10
ORD-10443,2024-10-24,Elizabeth Patel,Consumer,Argentina,South America,Technology,Laptop Stand Adjustable,1,40.25,5,38.24,12.49,3.61,Credit Card,2024,10,Oct,Q4,9.440376569037657,32.662133891213394,2024-10
ORD-10449,2024-10-24,Susan Patel,Corporate,Italy,Europe,Technology,Tablet Stand Holder,2,24.54,15,41.72,10.57,4.16,PayPal,2024,10,Oct,Q4,9.971236816874402,25.335570469798657,2024-10
ORD-11822,2024-10-25,Hanna Thomas,Corporate,Germany,Europe,Technology,Portable External SSD 1TB,2,96.97,15,164.85,8.99,49.19,PayPal,2024,10,Oct,Q4,29.839247801031238,5.453442523506218,2024-10
ORD-11836,2024-10-25,Richard Jackson,Home Office,United Kingdom,Europe,Office Supplies,Ballpoint Pen Pack 12,7,16.12,15,95.91,12.12,33.01,Cash on Delivery,2024,10,Oct,Q4,34.41768324470858,12.636847044103847,2024-10
ORD-10453,2024-10-26,Olivia Nilsson,Home Office,Australia,Asia Pacific,Technology,Tablet Stand Holder,2,36.84,20,58.94,10.85,7.57,Credit Card,2024,10,Oct,Q4,12.84356973193078,18.40855106888361,2024-10
ORD-10707,2024-10-26,Giulia Li,Consumer,South Africa,Middle East & Africa,Clothing & Accessories,Business Casual Blazer,1,130.63,20,104.5,11.85,27.34,Cash on Delivery,2024,10,Oct,Q4,26.16267942583732,11.339712918660288,2024-10
ORD-11037,2024-10-26,Fatima Williams,Corporate,Italy,Europe,Clothing & Accessories,Polarized Sunglasses,7,46.74,10,294.46,12.49,118.38,Bank Transfer,2024,10,Oct,Q4,40.202404401276915,4.241662704611833,2024-10
ORD-11807,2024-10-26,Amina Harris,Consumer,United States,North America,Technology,Laptop Stand Adjustable,2,38.76,5,73.64,6.68,24.32,Credit Card,2024,10,Oct,Q4,33.02552960347637,9.071156979902227,2024-10
ORD-10088,2024-10-27,David Rodriguez,Consumer,South Korea,Asia Pacific,Furniture,Folding Table Portable,3,87.75,10,236.93,11.1,67.88,Bank Transfer,2024,10,Oct,Q4,28.649812180812894,4.684928037817077,2024-10
ORD-10693,2024-10-27,Hanna Weber,Corporate,China,Asia Pacific,Office Supplies,Binder Clips Assorted 48pc,8,10.52,20,67.33,19.22,10.24,Credit Card,2024,10,Oct,Q4,15.208673696717659,28.545967622159512,2024-10
ORD-10912,2024-10-27,William Ferrari,Corporate,United Kingdom,Europe,Office Supplies,Desk Calendar 2025,3,13.97,0,41.91,10.72,12.33,Bank Transfer,2024,10,Oct,Q4,29.4201861130995,25.578620854211408,2024-10
ORD-11170,2024-10-27,Ava Miller,Consumer,China,Asia Pacific,Technology,Webcam HD 1080p,5,51.41,5,244.2,16.43,86.39,PayPal,2024,10,Oct,Q4,35.37674037674038,6.728091728091728,2024-10
ORD-11627,2024-10-27,Giulia Brown,Consumer,Spain,Europe,Technology,Tablet Stand Holder,4,23.76,0,95.04,14.61,28.16,Cash on Delivery,2024,10,Oct,Q4,29.629629629629626,15.372474747474746,2024-10
ORD-11615,2024-10-28,Marco Rodriguez,Consumer,Australia,Asia Pacific,Clothing & Accessories,Silk Tie Collection,1,47.84,5,45.45,11.34,10.19,PayPal,2024,10,Oct,Q4,22.420242024202416,24.950495049504948,2024-10
ORD-11267,2024-10-29,Li Rossi,Corporate,Brazil,South America,Technology,USB-C Hub Multiport Adapter,3,45.95,15,117.17,15.95,25.4,Cash on Delivery,2024,10,Oct,Q4,21.67790390031578,13.612699496458136,2024-10
ORD-11455,2024-10-29,Omar Thomas,Consumer,Italy,Europe,Clothing & Accessories,Sports Water Bottle 750ml,7,16.16,0,113.12,13.07,43.49,Bank Transfer,2024,10,Oct,Q4,38.4458981612447,11.554101838755304,2024-10
ORD-10659,2024-10-30,Barbara Miller,Consumer,China,Asia Pacific,Clothing & Accessories,Canvas Messenger Bag,2,39.32,5,74.71,13.59,21.8,Credit Card,2024,10,Oct,Q4,29.179494043635394,18.19033596573417,2024-10
ORD-10944,2024-10-30,Mary White,Consumer,United States,North America,Furniture,Filing Cabinet 3-Drawer,3,210.89,5,601.04,11.78,209.66,Cash on Delivery,2024,10,Oct,Q4,34.88286969253294,1.9599361107413817,2024-10
ORD-11319,2024-10-30,Raj Sato,Corporate,Brazil,South America,Office Supplies,Binder Clips Assorted 48pc,9,11.89,10,96.31,25.6,22.56,PayPal,2024,10,Oct,Q4,23.424358841241823,26.580832727650293,2024-10
ORD-10217,2024-10-31,Layla Garcia,Corporate,United States,North America,Furniture,Standing Desk Converter,2,177.54,25,266.31,6.95,46.31,Credit Card,2024,10,Oct,Q4,17.389508467575382,2.6097405279561414,2024-10
ORD-10621,2024-10-31,David Schmidt,Consumer,Germany,Europe,Clothing & Accessories,Polarized Sunglasses,12,42.25,0,507.0,23.04,230.46,Bank Transfer,2024,10,Oct,Q4,45.45562130177515,4.544378698224852,2024-10
ORD-10765,2024-10-31,Priya Sato,Consumer,Spain,Europe,Office Supplies,Sticky Notes Multicolor 6-Pack,2,10.34,10,18.61,11.42,-2.12,Cash on Delivery,2024,10,Oct,Q4,-11.39172487909726,61.36485760343901,2024-10
ORD-11451,2024-10-31,Carlos Davis,Home Office,Australia,Asia Pacific,Furniture,Floating Wall Shelves Set,2,54.34,10,97.81,11.65,20.95,Credit Card,2024,10,Oct,Q4,21.41907780390553,11.910847561599018,2024-10
ORD-11502,2024-10-31,Fatima Singh,Corporate,UAE,Middle East & Africa,Clothing & Accessories,Cotton Formal Shirt,12,61.78,5,704.29,20.35,313.26,PayPal,2024,10,Oct,Q4,44.47883684277784,2.8894347498899604,2024-10
ORD-11716,2024-10-31,Barbara Moreau,Home Office,South Africa,Middle East & Africa,Office Supplies,Desk Calendar 2025,2,17.35,0,34.7,14.15,4.94,PayPal,2024,10,Oct,Q4,14.236311239193084,40.778097982708935,2024-10
ORD-11618,2024-11-01,Christopher Fischer,Consumer,United Kingdom,Europe,Office Supplies,Highlighters Neon Pack 6,2,8.29,0,16.58,8.77,0.35,PayPal,2024,11,Nov,Q4,2.1109770808202653,52.89505428226779,2024-11
ORD-11146,2024-11-02,James Harris,Consumer,India,Asia Pacific,Furniture,Floating Wall Shelves Set,5,83.62,5,397.19,12.72,133.61,PayPal,2024,11,Nov,Q4,33.63881265892898,3.202497545255419,2024-11
ORD-11252,2024-11-02,Layla Garcia,Consumer,France,Europe,Technology,Mechanical Gaming Keyboard,2,144.76,15,246.09,11.27,75.58,PayPal,2024,11,Nov,Q4,30.712341013450363,4.579625340322647,2024-11
ORD-10389,2024-11-05,Ingrid Sato,Consumer,Canada,North America,Furniture,Bookshelf 5-Tier,1,88.95,5,84.5,7.1,24.03,Cash on Delivery,2024,11,Nov,Q4,28.437869822485208,8.402366863905325,2024-11
ORD-10405,2024-11-05,Zara Fischer,Consumer,India,Asia Pacific,Furniture,Floating Wall Shelves Set,1,44.69,0,44.69,10.64,7.24,Cash on Delivery,2024,11,Nov,Q4,16.200492280152158,23.80845826806892,2024-11
ORD-10539,2024-11-05,Chen Patel,Home Office,Japan,Asia Pacific,Clothing & Accessories,Travel Backpack 30L,2,106.07,10,190.93,12.94,71.92,Cash on Delivery,2024,11,Nov,Q4,37.66825538155345,6.777352956580946,2024-11
ORD-10924,2024-11-05,Sakura Ahmed,Corporate,United Kingdom,Europe,Furniture,Monitor Riser Wood,3,55.43,15,141.35,13.74,27.84,Cash on Delivery,2024,11,Nov,Q4,19.695790590732226,9.720551821719138,2024-11
ORD-11853,2024-11-05,Elizabeth Johnson,Home Office,Canada,North America,Technology,Laptop Stand Adjustable,7,58.73,0,411.11,19.17,165.83,Bank Transfer,2024,11,Nov,Q4,40.337136046313645,4.662985575636691,2024-11
ORD-10061,2024-11-06,Ethan Sato,Consumer,China,Asia Pacific,Furniture,Corner L-Shaped Desk,9,215.11,15,1645.59,23.4,460.6,PayPal,2024,11,Nov,Q4,27.989961047405494,1.4219823892950247,2024-11
ORD-10014,2024-11-07,Elizabeth Wang,Corporate,United States,North America,Technology,Mechanical Gaming Keyboard,3,86.2,10,232.74,10.84,79.67,Cash on Delivery,2024,11,Nov,Q4,34.23133109908052,4.6575577898083695,2024-11
ORD-10865,2024-11-07,Mia Laurent,Corporate,Germany,Europe,Clothing & Accessories,Leather Belt Classic,4,21.57,10,77.65,11.54,22.97,Credit Card,2024,11,Nov,Q4,29.58145524790727,14.86155827430779,2024-11
ORD-11296,2024-11-07,Linda Thompson,Consumer,France,Europe,Office Supplies,Premium Notebook Set A5,5,20.84,0,104.2,15.39,41.92,PayPal,2024,11,Nov,Q4,40.230326295585414,14.769673704414588,2024-11
ORD-10193,2024-11-08,Fatima Zhang,Consumer,United States,North America,Office Supplies,Highlighters Neon Pack 6,2,6.32,0,12.64,8.56,-1.61,PayPal,2024,11,Nov,Q4,-12.7373417721519,67.72151898734178,2024-11
ORD-10433,2024-11-09,Mary Fischer,Consumer,Colombia,South America,Furniture,Monitor Riser Wood,1,40.91,20,32.73,12.0,-3.82,Bank Transfer,2024,11,Nov,Q4,-11.671249618087383,36.663611365719525,2024-11
ORD-10638,2024-11-09,Hanna Sharma,Home Office,China,Asia Pacific,Furniture,Filing Cabinet 3-Drawer,8,171.68,10,1236.1,16.97,395.07,PayPal,2024,11,Nov,Q4,31.961006391068686,1.3728662729552625,2024-11
ORD-10785,2024-11-09,Ayumi Laurent,Consumer,Argentina,South America,Furniture,Mesh Back Task Chair,2,288.51,0,577.02,13.32,217.49,Bank Transfer,2024,11,Nov,Q4,37.691934421683825,2.308412186752626,2024-11
ORD-10794,2024-11-09,Noah Ferrari,Consumer,Canada,North America,Clothing & Accessories,Cotton Formal Shirt,4,57.02,10,205.27,7.42,83.81,Credit Card,2024,11,Nov,Q4,40.82915184878453,3.6147513031616896,2024-11
ORD-11629,2024-11-09,Thomas Costa,Consumer,Italy,Europe,Clothing & Accessories,Leather Wallet Minimalist,3,58.15,5,165.73,14.36,64.14,PayPal,2024,11,Nov,Q4,38.70150244373379,8.66469558921137,2024-11
ORD-11790,2024-11-09,Wei Wang,Consumer,Japan,Asia Pacific,Office Supplies,Paper Clips Box 500pc,14,7.5,0,105.0,20.9,36.85,Credit Card,2024,11,Nov,Q4,35.095238095238095,19.9047619047619,2024-11
ORD-10120,2024-11-10,Ali Hassan,Home Office,Mexico,North America,Technology,Webcam HD 1080p,2,56.22,5,106.82,9.83,35.15,Credit Card,2024,11,Nov,Q4,32.90582287961056,9.202396554952257,2024-11
ORD-10415,2024-11-13,Layla Williams,Corporate,Japan,Asia Pacific,Furniture,Ergonomic Office Chair,5,186.09,15,790.88,11.72,220.89,Bank Transfer,2024,11,Nov,Q4,27.929647987052398,1.4818935868905525,2024-11
ORD-10633,2024-11-13,Wei Moreau,Consumer,Germany,Europe,Technology,Smart LED Desk Lamp,1,57.7,0,57.7,7.94,18.02,PayPal,2024,11,Nov,Q4,31.230502599653377,13.760831889081457,2024-11
ORD-10715,2024-11-14,Hans Miller,Home Office,United States,North America,Technology,Laptop Stand Adjustable,4,74.26,0,297.04,11.24,122.43,PayPal,2024,11,Nov,Q4,41.21667115539995,3.784002154591974,2024-11
ORD-11371,2024-11-15,Omar Yamamoto,Home Office,France,Europe,Technology,Wireless Ergonomic Mouse,4,66.35,5,252.13,12.59,93.57,Credit Card,2024,11,Nov,Q4,37.11180740094396,4.993455756950779,2024-11
ORD-11223,2024-11-16,Nadia Dubois,Consumer,United States,North America,Clothing & Accessories,Business Casual Blazer,1,45.27,5,43.01,6.72,13.65,Credit Card,2024,11,Nov,Q4,31.736805394094397,15.624273424784935,2024-11
ORD-11617,2024-11-16,Felix Romano,Corporate,Mexico,North America,Office Supplies,Sticky Notes Multicolor 6-Pack,2,6.86,0,13.72,8.1,-0.55,Bank Transfer,2024,11,Nov,Q4,-4.0087463556851315,59.03790087463556,2024-11
ORD-10150,2024-11-17,Zara Williams,Consumer,Japan,Asia Pacific,Technology,Noise Cancelling Earbuds,7,123.89,0,867.23,19.56,370.69,Credit Card,2024,11,Nov,Q4,42.74413938632197,2.255457029853672,2024-11
ORD-10151,2024-11-17,Joseph Ali,Consumer,France,Europe,Office Supplies,Stapler Full-Size,1,15.77,10,14.19,8.78,-1.69,PayPal,2024,11,Nov,Q4,-11.909795630725863,61.87455954897815,2024-11
ORD-10400,2024-11-17,Ahmed Tanaka,Corporate,United States,North America,Office Supplies,Desk Calendar 2025,1,8.27,15,7.03,5.6,-2.29,Credit Card,2024,11,Nov,Q4,-32.57467994310099,79.65860597439544,2024-11
ORD-10830,2024-11-17,Ivan Robinson,Consumer,France,Europe,Clothing & Accessories,Wool Blend Scarf,11,36.18,10,358.18,16.03,143.16,Credit Card,2024,11,Nov,Q4,39.96873080574013,4.4754034284438,2024-11
ORD-11902,2024-11-17,Christopher Miller,Consumer,Australia,Asia Pacific,Office Supplies,Ballpoint Pen Pack 12,3,13.86,0,41.58,13.05,9.82,PayPal,2024,11,Nov,Q4,23.61712361712362,31.385281385281388,2024-11
ORD-10243,2024-11-18,Pierre Hassan,Home Office,United States,North America,Furniture,Monitor Riser Wood,4,36.53,5,138.81,13.3,37.84,Bank Transfer,2024,11,Nov,Q4,27.260283841221817,9.581442259203229,2024-11
ORD-10048,2024-11-19,Sophie Kim,Consumer,Australia,Asia Pacific,Technology,Webcam HD 1080p,1,40.91,15,34.77,10.18,2.09,Cash on Delivery,2024,11,Nov,Q4,6.010928961748633,29.278113316077075,2024-11
ORD-10401,2024-11-20,Ayumi Robinson,Corporate,United States,North America,Technology,Wireless Ergonomic Mouse,3,62.77,0,188.31,11.8,72.94,Credit Card,2024,11,Nov,Q4,38.73400244278052,6.266263076841379,2024-11
ORD-11327,2024-11-20,Amir Johansson,Consumer,Australia,Asia Pacific,Office Supplies,Premium Notebook Set A5,4,9.84,10,35.42,13.78,3.93,Cash on Delivery,2024,11,Nov,Q4,11.095426312817617,38.90457368718238,2024-11
ORD-11039,2024-11-21,Li Miller,Consumer,France,Europe,Technology,Wireless Ergonomic Mouse,2,39.61,20,63.38,10.2,9.61,Credit Card,2024,11,Nov,Q4,15.162511833385924,16.093404859577152,2024-11
ORD-11369,2024-11-21,Lucas Müller,Consumer,China,Asia Pacific,Clothing & Accessories,Leather Belt Classic,1,31.83,15,27.06,11.46,-0.32,PayPal,2024,11,Nov,Q4,-1.1825572801182558,42.35033259423504,2024-11
ORD-11506,2024-11-21,Clara Miller,Corporate,South Africa,Middle East & Africa,Furniture,Standing Desk Converter,5,239.49,5,1137.58,17.88,401.23,PayPal,2024,11,Nov,Q4,35.270486471281146,1.5717575906749417,2024-11
ORD-11590,2024-11-21,James Oliveira,Corporate,United States,North America,Office Supplies,Paper Clips Box 500pc,6,6.5,20,31.2,16.69,-3.04,PayPal,2024,11,Nov,Q4,-9.743589743589745,53.49358974358975,2024-11
ORD-11943,2024-11-21,Sophie Pereira,Home Office,Spain,Europe,Clothing & Accessories,Business Casual Blazer,5,79.16,15,336.43,12.69,125.84,Credit Card,2024,11,Nov,Q4,37.40451208275124,3.771958505484053,2024-11
ORD-11207,2024-11-22,Oscar Zhang,Consumer,United Kingdom,Europe,Technology,Smart LED Desk Lamp,10,46.43,10,417.87,22.39,140.11,Credit Card,2024,11,Nov,Q4,33.529566611625626,5.358125732883432,2024-11
ORD-11758,2024-11-22,Priya Smith,Consumer,Italy,Europe,Furniture,Mesh Back Task Chair,6,259.75,0,1558.5,10.69,612.71,Credit Card,2024,11,Nov,Q4,39.31408405518126,0.685915944818736,2024-11
ORD-10469,2024-11-24,Carlos Sharma,Corporate,Mexico,North America,Technology,Laptop Stand Adjustable,5,60.7,15,257.97,16.21,74.84,Bank Transfer,2024,11,Nov,Q4,29.01112532465015,6.28367639648021,2024-11
ORD-10669,2024-11-24,Ava Fischer,Consumer,Mexico,North America,Office Supplies,Desk Calendar 2025,2,14.78,0,29.56,6.96,9.3,PayPal,2024,11,Nov,Q4,31.461434370771318,23.545331529093367,2024-11
ORD-11335,2024-11-24,Ivan Martin,Consumer,Italy,Europe,Office Supplies,Sticky Notes Multicolor 6-Pack,1,13.3,0,13.3,7.89,-0.57,Cash on Delivery,2024,11,Nov,Q4,-4.285714285714285,59.32330827067669,2024-11
ORD-10533,2024-11-25,Jennifer Romano,Consumer,Canada,North America,Clothing & Accessories,Leather Belt Classic,4,18.59,5,70.64,9.08,24.38,Credit Card,2024,11,Nov,Q4,34.51302378255946,12.853907134767836,2024-11
ORD-10567,2024-11-25,Jessica Müller,Consumer,Australia,Asia Pacific,Clothing & Accessories,Travel Backpack 30L,7,75.25,10,474.07,19.97,190.72,PayPal,2024,11,Nov,Q4,40.23034572953361,4.212458075811589,2024-11
ORD-10093,2024-11-26,Raj Johnson,Consumer,India,Asia Pacific,Furniture,Bookshelf 5-Tier,3,181.78,5,518.07,11.35,179.52,PayPal,2024,11,Nov,Q4,34.65168799583068,2.1908236338718705,2024-11
ORD-11257,2024-11-26,Olivia Zhang,Home Office,Mexico,North America,Office Supplies,Binder Clips Assorted 48pc,5,15.61,5,74.15,14.63,24.4,PayPal,2024,11,Nov,Q4,32.906271072151036,19.730276466621714,2024-11
ORD-11445,2024-11-26,Ava Rodriguez,Corporate,France,Europe,Office Supplies,Premium Notebook Set A5,2,11.05,5,21.0,8.64,2.41,PayPal,2024,11,Nov,Q4,11.476190476190478,41.142857142857146,2024-11
ORD-10239,2024-11-28,James Ali,Home Office,United States,North America,Office Supplies,Whiteboard Markers Set 8,1,6.95,10,6.25,5.78,-2.66,Credit Card,2024,11,Nov,Q4,-42.56,92.48,2024-11
ORD-11043,2024-11-28,Liam Patel,Home Office,Argentina,South America,Office Supplies,Whiteboard Markers Set 8,7,17.17,20,96.15,24.44,17.62,PayPal,2024,11,Nov,Q4,18.325533021320854,25.418616744669787,2024-11
ORD-11113,2024-11-28,Oscar Anderson,Corporate,United Kingdom,Europe,Clothing & Accessories,Cotton Formal Shirt,2,50.22,10,90.4,9.49,30.69,Credit Card,2024,11,Nov,Q4,33.94911504424778,10.497787610619469,2024-11
ORD-10046,2024-11-29,Ethan Moreau,Consumer,Spain,Europe,Technology,Smart LED Desk Lamp,1,66.12,20,52.9,8.77,7.76,Bank Transfer,2024,11,Nov,Q4,14.669187145557656,16.57844990548204,2024-11
ORD-10543,2024-11-30,Maria Suzuki,Corporate,Mexico,North America,Clothing & Accessories,Silk Tie Collection,4,36.61,25,109.83,11.22,25.39,PayPal,2024,11,Nov,Q4,23.117545297277612,10.215788036055724,2024-11
ORD-10602,2024-11-30,Sakura Thomas,Corporate,United States,North America,Technology,Wireless Ergonomic Mouse,12,54.74,10,591.19,18.95,210.96,PayPal,2024,11,Nov,Q4,35.683959471574276,3.2053992794194754,2024-11
ORD-10969,2024-11-30,Jessica Moreau,Corporate,United Kingdom,Europe,Clothing & Accessories,Business Casual Blazer,7,81.97,0,573.79,17.03,269.87,PayPal,2024,11,Nov,Q4,47.03288659614145,2.967984802802419,2024-11
ORD-11869,2024-11-30,Linda Smith,Consumer,Mexico,North America,Furniture,Mesh Back Task Chair,6,120.71,5,688.05,16.62,236.87,Credit Card,2024,11,Nov,Q4,34.426277160090116,2.415522127752344,2024-11
ORD-10491,2024-12-01,Sarah Santos,Consumer,Colombia,South America,Technology,Portable External SSD 1TB,6,62.59,0,375.54,23.28,145.71,Credit Card,2024,12,Dec,Q4,38.80012781594504,6.199073334398466,2024-12
ORD-11211,2024-12-02,James Johansson,Corporate,Germany,Europe,Technology,Wireless Ergonomic Mouse,8,63.14,15,429.35,19.46,132.07,PayPal,2024,12,Dec,Q4,30.760451845813435,4.532432747175964,2024-12
ORD-10436,2024-12-03,Pierre Weber,Consumer,United Kingdom,Europe,Clothing & Accessories,Leather Belt Classic,6,38.82,15,197.98,19.03,62.49,PayPal,2024,12,Dec,Q4,31.563794322658858,9.612082028487727,2024-12
ORD-10701,2024-12-03,Yuki Thomas,Corporate,Brazil,South America,Furniture,Corner L-Shaped Desk,1,446.58,15,379.59,10.59,101.05,Credit Card,2024,12,Dec,Q4,26.62082773518797,2.7898522089623015,2024-12
ORD-11338,2024-12-03,Nadia Harris,Home Office,Mexico,North America,Clothing & Accessories,Silk Tie Collection,3,24.35,15,62.09,8.1,17.46,Cash on Delivery,2024,12,Dec,Q4,28.12047028507006,13.045578998228377,2024-12
ORD-11778,2024-12-05,Clara Garcia,Consumer,Japan,Asia Pacific,Office Supplies,Stapler Full-Size,6,7.36,10,39.74,18.57,1.3,Bank Transfer,2024,12,Dec,Q4,3.271263210870659,46.728736789129336,2024-12
ORD-11973,2024-12-05,Lucas Sato,Corporate,Canada,North America,Furniture,Standing Desk Converter,3,250.01,10,675.03,7.92,217.09,PayPal,2024,12,Dec,Q4,32.16005214583056,1.1732811875027778,2024-12
ORD-11980,2024-12-06,Ingrid Yamamoto,Corporate,Japan,Asia Pacific,Office Supplies,Desk Calendar 2025,1,16.46,25,12.35,11.48,-6.54,PayPal,2024,12,Dec,Q4,-52.955465587044536,92.95546558704454,2024-12
ORD-10073,2024-12-08,Xiao Robinson,Corporate,Canada,North America,Clothing & Accessories,Canvas Messenger Bag,2,66.53,5,126.41,9.38,50.5,Credit Card,2024,12,Dec,Q4,39.94937109405902,7.420299026975714,2024-12
ORD-10134,2024-12-08,Wei Ali,Corporate,France,Europe,Clothing & Accessories,Leather Belt Classic,3,45.43,0,136.29,9.95,58.19,Credit Card,2024,12,Dec,Q4,42.69572235673931,7.300608995524249,2024-12
ORD-11792,2024-12-08,Jamal Wang,Consumer,United States,North America,Office Supplies,Stapler Full-Size,2,11.64,0,23.28,8.51,4.29,Credit Card,2024,12,Dec,Q4,18.42783505154639,36.554982817869416,2024-12
ORD-10160,2024-12-09,Ivan Moreau,Consumer,Canada,North America,Technology,Mechanical Gaming Keyboard,4,171.86,0,687.44,13.48,295.87,PayPal,2024,12,Dec,Q4,43.03939252880251,1.9608984056790408,2024-12
ORD-10178,2024-12-09,Sarah Johansson,Home Office,South Korea,Asia Pacific,Technology,Smart LED Desk Lamp,1,36.61,10,32.95,10.73,2.08,PayPal,2024,12,Dec,Q4,6.3125948406676775,32.564491654021246,2024-12
ORD-10690,2024-12-09,Maria Yamamoto,Consumer,Canada,North America,Clothing & Accessories,Polarized Sunglasses,3,25.68,0,77.04,10.44,28.08,Credit Card,2024,12,Dec,Q4,36.44859813084111,13.551401869158877,2024-12
ORD-10812,2024-12-09,Linda Harris,Consumer,UAE,Middle East & Africa,Clothing & Accessories,Polarized Sunglasses,4,55.09,0,220.36,17.41,92.77,Cash on Delivery,2024,12,Dec,Q4,42.09929206752586,7.900707932474132,2024-12
ORD-11514,2024-12-10,Ivan Park,Consumer,China,Asia Pacific,Office Supplies,Whiteboard Markers Set 8,1,14.87,10,13.38,10.11,-3.42,PayPal,2024,12,Dec,Q4,-25.560538116591925,75.56053811659193,2024-12
ORD-11709,2024-12-10,Elizabeth Leroy,Corporate,France,Europe,Furniture,Standing Desk Converter,6,282.23,5,1608.71,20.02,572.66,Credit Card,2024,12,Dec,Q4,35.5974662928682,1.244475387111412,2024-12
ORD-10624,2024-12-11,Jennifer Zhang,Consumer,Australia,Asia Pacific,Office Supplies,Paper Clips Box 500pc,6,5.74,15,29.27,16.98,-3.21,Credit Card,2024,12,Dec,Q4,-10.966860266484455,58.01161598906731,2024-12
ORD-10742,2024-12-11,Nadia Santos,Consumer,South Korea,Asia Pacific,Office Supplies,Desk Calendar 2025,12,10.53,20,101.09,32.83,11.4,Bank Transfer,2024,12,Dec,Q4,11.277079829854584,32.47601147492333,2024-12
ORD-11067,2024-12-11,Mia Li,Corporate,Mexico,North America,Furniture,Folding Table Portable,3,76.16,5,217.06,8.25,71.72,Bank Transfer,2024,12,Dec,Q4,33.04155533032341,3.8007924076292268,2024-12
ORD-10494,2024-12-13,Ethan Johnson,Consumer,South Africa,Middle East & Africa,Furniture,Floating Wall Shelves Set,4,84.66,5,321.71,13.55,104.98,Bank Transfer,2024,12,Dec,Q4,32.631873426377794,4.211867831276616,2024-12
ORD-11384,2024-12-13,Ahmed Ali,Consumer,Mexico,North America,Clothing & Accessories,Cotton Formal Shirt,12,44.66,5,509.12,14.12,227.04,Credit Card,2024,12,Dec,Q4,44.5945945945946,2.7734129478315523,2024-12
ORD-10645,2024-12-14,Ahmed Thomas,Corporate,Colombia,South America,Furniture,Corner L-Shaped Desk,2,329.54,0,659.08,12.54,251.09,PayPal,2024,12,Dec,Q4,38.09704436487225,1.9026521818292161,2024-12
ORD-10666,2024-12-14,Ahmed Johnson,Corporate,Italy,Europe,Office Supplies,Binder Clips Assorted 48pc,5,5.79,5,27.5,18.73,-4.26,Bank Transfer,2024,12,Dec,Q4,-15.490909090909092,68.10909090909091,2024-12
ORD-10759,2024-12-14,Thomas Thompson,Consumer,United States,North America,Office Supplies,Paper Clips Box 500pc,6,6.27,5,35.74,19.36,-0.55,Cash on Delivery,2024,12,Dec,Q4,-1.5388919977616118,54.168998321208726,2024-12
ORD-11276,2024-12-14,Barbara Johnson,Corporate,China,Asia Pacific,Office Supplies,Ballpoint Pen Pack 12,3,8.94,15,22.8,14.91,-4.18,Credit Card,2024,12,Dec,Q4,-18.333333333333332,65.39473684210526,2024-12
ORD-11950,2024-12-14,Isabella White,Corporate,India,Asia Pacific,Technology,Laptop Stand Adjustable,5,39.27,30,137.44,19.48,9.97,Bank Transfer,2024,12,Dec,Q4,7.25407450523865,14.173457508731083,2024-12
ORD-10994,2024-12-15,Jessica Nilsson,Home Office,Brazil,South America,Office Supplies,Stapler Full-Size,7,13.74,5,91.37,21.95,26.14,Cash on Delivery,2024,12,Dec,Q4,28.608952610265952,24.023202364014445,2024-12
ORD-11908,2024-12-15,Zara Weber,Consumer,Japan,Asia Pacific,Office Supplies,Highlighters Neon Pack 6,4,12.49,5,47.46,14.76,10.22,Bank Transfer,2024,12,Dec,Q4,21.533923303834808,31.099873577749683,2024-12
ORD-10741,2024-12-16,Ivan Ali,Home Office,United States,North America,Clothing & Accessories,Leather Wallet Minimalist,4,38.77,0,155.08,12.57,64.97,Credit Card,2024,12,Dec,Q4,41.894506061387666,8.10549393861233,2024-12
ORD-11476,2024-12-16,Ava Rossi,Consumer,Italy,Europe,Furniture,Bookshelf 5-Tier,1,173.33,10,156.0,8.65,43.35,Cash on Delivery,2024,12,Dec,Q4,27.78846153846154,5.544871794871796,2024-12
ORD-10260,2024-12-17,Ayumi Taylor,Home Office,Spain,Europe,Furniture,Monitor Riser Wood,4,66.19,5,251.52,12.09,80.57,Credit Card,2024,12,Dec,Q4,32.033237913486005,4.806774809160305,2024-12
ORD-10967,2024-12-18,Ahmed Sharma,Consumer,China,Asia Pacific,Technology,Portable External SSD 1TB,2,72.64,10,130.75,12.34,38.51,PayPal,2024,12,Dec,Q4,29.453154875717015,9.437858508604206,2024-12
ORD-11242,2024-12-18,Clara Müller,Consumer,Mexico,North America,Furniture,Mesh Back Task Chair,10,253.85,0,2538.5,22.56,992.84,Cash on Delivery,2024,12,Dec,Q4,39.11128619263345,0.888713807366555,2024-12
ORD-10029,2024-12-20,Clara Ali,Consumer,Canada,North America,Office Supplies,Binder Clips Assorted 48pc,6,12.47,5,71.08,8.33,29.08,Cash on Delivery,2024,12,Dec,Q4,40.911648846370284,11.719189645469893,2024-12
ORD-10815,2024-12-21,Sarah Davis,Consumer,South Africa,Middle East & Africa,Technology,Smart LED Desk Lamp,1,70.9,0,70.9,11.52,20.39,PayPal,2024,12,Dec,Q4,28.75881523272214,16.24823695345557,2024-12
ORD-11948,2024-12-21,Ingrid Santos,Consumer,France,Europe,Office Supplies,Ballpoint Pen Pack 12,1,6.45,5,6.13,7.56,-4.33,Cash on Delivery,2024,12,Dec,Q4,-70.63621533442088,123.3278955954323,2024-12
ORD-10588,2024-12-23,Patricia Costa,Home Office,United Kingdom,Europe,Clothing & Accessories,Polarized Sunglasses,2,69.3,0,138.6,11.07,58.23,PayPal,2024,12,Dec,Q4,42.01298701298701,7.987012987012987,2024-12
ORD-10761,2024-12-23,Liam Russo,Consumer,Germany,Europe,Furniture,Standing Desk Converter,7,212.35,20,1189.16,14.04,283.25,PayPal,2024,12,Dec,Q4,23.81933465639611,1.1806653436038883,2024-12
ORD-11477,2024-12-23,Karen Romano,Consumer,Canada,North America,Furniture,Folding Table Portable,2,76.2,5,144.78,8.88,44.46,Credit Card,2024,12,Dec,Q4,30.708661417322837,6.13344384583506,2024-12
ORD-11880,2024-12-24,Richard Park,Consumer,Nigeria,Middle East & Africa,Technology,Smart LED Desk Lamp,1,44.65,5,42.42,13.09,4.77,Credit Card,2024,12,Dec,Q4,11.244695898161243,30.858085808580853,2024-12
ORD-11764,2024-12-25,Mary Clark,Consumer,United States,North America,Office Supplies,Binder Clips Assorted 48pc,3,13.27,25,29.86,12.34,-0.39,Credit Card,2024,12,Dec,Q4,-1.3060951105157401,41.326188881446754,2024-12
ORD-11426,2024-12-26,Jamal Chen,Corporate,Saudi Arabia,Middle East & Africa,Technology,Mechanical Gaming Keyboard,1,105.02,10,94.52,11.57,25.19,Credit Card,2024,12,Dec,Q4,26.650444350402037,12.240795598815065,2024-12
ORD-11195,2024-12-27,Nadia Robinson,Home Office,China,Asia Pacific,Clothing & Accessories,Wool Blend Scarf,7,49.09,0,343.63,18.15,153.66,Credit Card,2024,12,Dec,Q4,44.71670110293048,5.281843843669062,2024-12
ORD-11309,2024-12-27,Giulia Johansson,Consumer,Japan,Asia Pacific,Furniture,Corner L-Shaped Desk,4,416.86,0,1667.44,13.27,653.71,Cash on Delivery,2024,12,Dec,Q4,39.20440915415247,0.7958307345391737,2024-12
ORD-10654,2024-12-30,Pierre Ahmed,Corporate,United Kingdom,Europe,Clothing & Accessories,Cotton Formal Shirt,7,20.15,10,126.94,22.2,34.22,Cash on Delivery,2024,12,Dec,Q4,26.95761777217583,17.48857728060501,2024-12
ORD-11517,2024-12-30,Zara Davis,Home Office,UAE,Middle East & Africa,Office Supplies,Stapler Full-Size,2,12.97,15,22.05,14.41,-4.03,Credit Card,2024,12,Dec,Q4,-18.276643990929706,65.35147392290249,2024-12
ORD-10241,2024-12-31,Liam Taylor,Corporate,South Korea,Asia Pacific,Technology,Tablet Stand Holder,2,47.58,15,80.89,11.18,17.37,Credit Card,2024,12,Dec,Q4,21.473606131783903,13.82123871924836,2024-12
ORD-10808,2024-12-31,Yuki Costa,Consumer,South Africa,Middle East & Africa,Office Supplies,Tape Dispenser Heavy Duty,5,22.51,5,106.92,19.75,36.52,Cash on Delivery,2024,12,Dec,Q4,34.15637860082305,18.471754582865692,2024-12
ORD-10899,2025-01-01,Ayumi Khan,Consumer,United States,North America,Furniture,Mesh Back Task Chair,1,142.21,0,142.21,6.95,49.93,PayPal,2025,1,Jan,Q1,35.11004851979467,4.887138738485339,2025-01
ORD-11129,2025-01-01,Jamal Taylor,Consumer,Canada,North America,Technology,USB-C Hub Multiport Adapter,2,60.18,0,120.36,8.33,45.83,Cash on Delivery,2025,1,Jan,Q1,38.07743436357593,6.9209039548022595,2025-01
ORD-10026,2025-01-02,Layla Ahmed,Home Office,Japan,Asia Pacific,Technology,Laptop Stand Adjustable,3,44.45,15,113.35,16.34,23.67,Bank Transfer,2025,1,Jan,Q1,20.882223202470225,14.415527128363475,2025-01
ORD-11083,2025-01-02,Ivan Jones,Consumer,Mexico,North America,Furniture,Filing Cabinet 3-Drawer,7,234.12,0,1638.84,10.77,644.77,PayPal,2025,1,Jan,Q1,39.34307192892534,0.6571721461521564,2025-01
ORD-10948,2025-01-03,Jessica Anderson,Corporate,Canada,North America,Furniture,Filing Cabinet 3-Drawer,1,115.76,10,104.18,6.46,28.26,PayPal,2025,1,Jan,Q1,27.12612785563448,6.20080629679401,2025-01
ORD-11036,2025-01-03,David Rossi,Consumer,Nigeria,Middle East & Africa,Furniture,Corner L-Shaped Desk,3,219.08,5,624.38,16.97,213.07,Credit Card,2025,1,Jan,Q1,34.12505205163522,2.71789615298376,2025-01
ORD-11331,2025-01-03,Thomas Thomas,Home Office,Mexico,North America,Office Supplies,Premium Notebook Set A5,2,23.83,0,47.66,8.87,17.34,Bank Transfer,2025,1,Jan,Q1,36.382710868652964,18.610994544691565,2025-01
ORD-10975,2025-01-04,Oscar Nilsson,Consumer,France,Europe,Furniture,Filing Cabinet 3-Drawer,5,127.03,5,603.39,16.49,205.81,PayPal,2025,1,Jan,Q1,34.10895109299127,2.732892490760536,2025-01
ORD-10074,2025-01-05,Nadia Oliveira,Consumer,Mexico,North America,Clothing & Accessories,Canvas Messenger Bag,6,26.43,5,150.65,8.1,63.26,Cash on Delivery,2025,1,Jan,Q1,41.99137072685031,5.376700962495851,2025-01
ORD-11866,2025-01-05,Oscar Schmidt,Corporate,Japan,Asia Pacific,Office Supplies,Binder Clips Assorted 48pc,1,9.21,20,7.37,11.17,-7.94,Credit Card,2025,1,Jan,Q1,-107.73405698778834,151.56037991858886,2025-01
ORD-10807,2025-01-06,Richard Jackson,Consumer,United States,North America,Office Supplies,Ballpoint Pen Pack 12,4,9.43,20,30.18,12.83,0.38,PayPal,2025,1,Jan,Q1,1.2591119946984757,42.51159708416169,2025-01
ORD-11852,2025-01-06,James Johansson,Home Office,Mexico,North America,Office Supplies,Premium Notebook Set A5,3,18.18,0,54.54,7.27,22.73,PayPal,2025,1,Jan,Q1,41.675834250091675,13.32966629996333,2025-01
ORD-10259,2025-01-08,Sakura Costa,Consumer,United States,North America,Technology,Wireless Ergonomic Mouse,4,45.26,0,181.04,7.24,74.23,Credit Card,2025,1,Jan,Q1,41.001988510826344,3.999116217410517,2025-01
ORD-10973,2025-01-08,Richard Rossi,Consumer,Brazil,South America,Office Supplies,Stapler Full-Size,2,12.48,10,22.46,12.39,-1.16,Bank Transfer,2025,1,Jan,Q1,-5.16473731077471,55.16473731077471,2025-01
ORD-10497,2025-01-09,Liam Davis,Consumer,Italy,Europe,Office Supplies,Premium Notebook Set A5,3,9.4,5,26.79,11.24,2.86,Bank Transfer,2025,1,Jan,Q1,10.675625233296007,41.95595371407242,2025-01
ORD-11804,2025-01-09,Jamal Kim,Consumer,Canada,North America,Office Supplies,Ballpoint Pen Pack 12,3,9.86,10,26.62,7.69,5.62,Credit Card,2025,1,Jan,Q1,21.111945905334334,28.888054094665666,2025-01
ORD-11381,2025-01-10,Sophie Ahmed,Corporate,United Kingdom,Europe,Technology,Smart LED Desk Lamp,3,73.19,10,197.61,12.36,64.49,Credit Card,2025,1,Jan,Q1,32.63498810788927,6.254744193107635,2025-01
ORD-10668,2025-01-11,Christopher Jackson,Consumer,Japan,Asia Pacific,Office Supplies,Desk Calendar 2025,12,11.27,10,121.72,19.04,41.82,Credit Card,2025,1,Jan,Q1,34.357541899441344,15.64245810055866,2025-01
ORD-10970,2025-01-12,Diego Kim,Consumer,United Kingdom,Europe,Clothing & Accessories,Leather Wallet Minimalist,10,56.84,5,539.98,24.76,231.02,Cash on Delivery,2025,1,Jan,Q1,42.78306603948294,4.585355013148635,2025-01
ORD-11364,2025-01-12,Barbara Khan,Consumer,United States,North America,Clothing & Accessories,Leather Wallet Minimalist,3,17.66,0,52.98,6.7,19.79,Credit Card,2025,1,Jan,Q1,37.35371838429596,12.64628161570404,2025-01
ORD-10699,2025-01-14,Priya Ferrari,Consumer,Canada,North America,Technology,Wireless Bluetooth Headphones,5,185.01,0,925.05,11.11,405.16,Bank Transfer,2025,1,Jan,Q1,43.79871358304957,1.201016161288579,2025-01
ORD-11901,2025-01-16,Emma Müller,Corporate,Germany,Europe,Clothing & Accessories,Travel Backpack 30L,5,82.49,10,371.2,12.32,152.66,Credit Card,2025,1,Jan,Q1,41.1260775862069,3.31896551724138,2025-01
ORD-11236,2025-01-17,Clara Laurent,Corporate,United States,North America,Furniture,Bookshelf 5-Tier,6,71.81,5,409.32,15.55,135.25,Credit Card,2025,1,Jan,Q1,33.04260725105052,3.798983680250171,2025-01
ORD-10215,2025-01-18,Liam Rodriguez,Consumer,Nigeria,Middle East & Africa,Technology,Wireless Ergonomic Mouse,5,67.72,0,338.6,14.18,138.19,Credit Card,2025,1,Jan,Q1,40.81216774955699,4.187832250443,2025-01
ORD-10702,2025-01-19,Marco Kim,Home Office,Argentina,South America,Office Supplies,Binder Clips Assorted 48pc,2,5.74,20,9.18,13.02,-9.01,Credit Card,2025,1,Jan,Q1,-98.14814814814815,141.83006535947712,2025-01
ORD-11730,2025-01-19,Robert Rodriguez,Consumer,Japan,Asia Pacific,Technology,Webcam HD 1080p,4,87.29,0,349.16,12.84,144.28,Bank Transfer,2025,1,Jan,Q1,41.32203001489289,3.677397181807767,2025-01
ORD-11359,2025-01-20,Michael Nilsson,Corporate,Argentina,South America,Technology,Noise Cancelling Earbuds,2,95.46,10,171.83,14.34,52.48,Credit Card,2025,1,Jan,Q1,30.541814584182035,8.345457719839375,2025-01
ORD-11600,2025-01-20,Ali Leroy,Consumer,South Korea,Asia Pacific,Furniture,Floating Wall Shelves Set,1,32.2,0,32.2,11.24,1.64,Credit Card,2025,1,Jan,Q1,5.093167701863353,34.90683229813664,2025-01
ORD-11282,2025-01-21,Amir Rodriguez,Consumer,Saudi Arabia,Middle East & Africa,Furniture,Mesh Back Task Chair,1,266.33,10,239.7,12.81,67.09,Bank Transfer,2025,1,Jan,Q1,27.989153108051735,5.344180225281602,2025-01
ORD-11421,2025-01-22,Karen Santos,Consumer,United Kingdom,Europe,Furniture,Ergonomic Office Chair,8,162.73,5,1236.75,21.92,433.73,Bank Transfer,2025,1,Jan,Q1,35.07014352132606,1.772387305437639,2025-01
ORD-10655,2025-01-24,Patricia Ferrari,Consumer,Germany,Europe,Office Supplies,Highlighters Neon Pack 6,4,9.15,0,36.6,14.1,6.03,Cash on Delivery,2025,1,Jan,Q1,16.475409836065573,38.52459016393443,2025-01
ORD-11194,2025-01-24,Robert Harris,Home Office,China,Asia Pacific,Clothing & Accessories,Polarized Sunglasses,2,31.26,15,53.14,10.33,11.55,Cash on Delivery,2025,1,Jan,Q1,21.73503951825367,19.439217162213023,2025-01
ORD-11403,2025-01-24,Hanna Weber,Consumer,Canada,North America,Furniture,Mesh Back Task Chair,5,186.71,15,793.52,11.33,222.06,Bank Transfer,2025,1,Jan,Q1,27.98417179151124,1.4278153039620929,2025-01
ORD-11606,2025-01-24,Mary Khan,Home Office,United States,North America,Furniture,Desk Organizer Set,4,49.36,20,157.95,12.59,26.9,PayPal,2025,1,Jan,Q1,17.03070591959481,7.970876859765749,2025-01
ORD-10601,2025-01-25,Christopher Martinez,Consumer,India,Asia Pacific,Furniture,Bookshelf 5-Tier,3,68.02,15,173.45,15.65,35.36,PayPal,2025,1,Jan,Q1,20.386278466416837,9.02277313346786,2025-01
ORD-10022,2025-01-26,Giulia Rodriguez,Home Office,Saudi Arabia,Middle East & Africa,Furniture,Floating Wall Shelves Set,4,79.25,20,253.6,18.23,45.17,Credit Card,2025,1,Jan,Q1,17.811514195583598,7.188485804416405,2025-01
ORD-10249,2025-01-26,Barbara Sharma,Corporate,Canada,North America,Technology,Wireless Ergonomic Mouse,1,43.25,5,41.09,5.62,11.68,Bank Transfer,2025,1,Jan,Q1,28.425407641761986,13.677293745436844,2025-01
ORD-11042,2025-01-26,Thomas Laurent,Consumer,China,Asia Pacific,Furniture,Ergonomic Office Chair,2,306.48,0,612.96,11.3,233.88,Credit Card,2025,1,Jan,Q1,38.15583398590446,1.8435134429652833,2025-01
ORD-11893,2025-01-26,Michael Davis,Home Office,Mexico,North America,Technology,Tablet Stand Holder,2,52.22,15,88.77,9.88,21.45,Cash on Delivery,2025,1,Jan,Q1,24.1635687732342,11.129886222823027,2025-01
ORD-11930,2025-01-26,Isabella Tanaka,Consumer,Germany,Europe,Furniture,Desk Organizer Set,1,16.32,10,14.69,9.37,-4.47,Credit Card,2025,1,Jan,Q1,-30.428863172226006,63.78488767869298,2025-01
ORD-11957,2025-01-26,Barbara Singh,Consumer,United States,North America,Technology,Portable External SSD 1TB,6,92.96,0,557.76,10.11,240.88,Bank Transfer,2025,1,Jan,Q1,43.187033849684454,1.8126075731497417,2025-01
ORD-11351,2025-01-29,Raj Garcia,Consumer,Argentina,South America,Technology,Laptop Stand Adjustable,7,63.72,20,356.83,27.31,84.2,Credit Card,2025,1,Jan,Q1,23.596670683518763,7.653504469915647,2025-01
ORD-11115,2025-01-30,Kenji Martin,Consumer,Italy,Europe,Furniture,Mesh Back Task Chair,1,291.52,0,291.52,8.78,107.83,Credit Card,2025,1,Jan,Q1,36.988885839736554,3.0118002195389684,2025-01
ORD-11122,2025-02-01,Isabella Davis,Consumer,France,Europe,Clothing & Accessories,Canvas Messenger Bag,3,62.51,20,150.02,12.95,43.31,PayPal,2025,2,Feb,Q1,28.86948406879083,8.632182375683241,2025-02
ORD-11138,2025-02-02,Mary Patel,Consumer,Spain,Europe,Technology,Noise Cancelling Earbuds,1,72.27,10,65.04,9.22,16.07,Bank Transfer,2025,2,Feb,Q1,24.707872078720786,14.175891758917588,2025-02
ORD-10308,2025-02-03,Christopher Clark,Corporate,Colombia,South America,Technology,Noise Cancelling Earbuds,1,62.62,10,56.36,11.29,10.63,PayPal,2025,2,Feb,Q1,18.860894251242016,20.0319375443577,2025-02
ORD-10644,2025-02-03,Mia Weber,Consumer,Italy,Europe,Furniture,Folding Table Portable,7,46.41,25,243.65,12.24,36.49,Cash on Delivery,2025,2,Feb,Q1,14.976400574594706,5.023599425405294,2025-02
ORD-10805,2025-02-05,Marco Davis,Consumer,Australia,Asia Pacific,Clothing & Accessories,Leather Belt Classic,4,27.85,5,105.83,18.91,31.22,PayPal,2025,2,Feb,Q1,29.500141736747615,17.868279315883964,2025-02
ORD-10993,2025-02-05,Maria Moreau,Consumer,Germany,Europe,Clothing & Accessories,Leather Belt Classic,6,35.29,5,201.15,17.46,77.82,Cash on Delivery,2025,2,Feb,Q1,38.687546607009686,8.680089485458613,2025-02
ORD-11056,2025-02-05,James Patel,Corporate,Mexico,North America,Technology,Mechanical Gaming Keyboard,2,148.04,5,281.28,9.59,108.85,Credit Card,2025,2,Feb,Q1,38.698094425483504,3.4094141069397046,2025-02
ORD-11509,2025-02-05,Priya Singh,Consumer,Italy,Europe,Clothing & Accessories,Polarized Sunglasses,5,26.79,0,133.95,18.6,48.37,PayPal,2025,2,Feb,Q1,36.11048898842852,13.885778275475927,2025-02
ORD-11689,2025-02-07,Ayumi Smith,Consumer,China,Asia Pacific,Clothing & Accessories,Canvas Messenger Bag,2,27.73,10,49.91,11.7,10.48,PayPal,2025,2,Feb,Q1,20.99779603285915,23.442195952714886,2025-02
ORD-11732,2025-02-07,Emma Clark,Consumer,Mexico,North America,Office Supplies,Whiteboard Markers Set 8,4,9.42,5,35.8,14.51,4.33,Cash on Delivery,2025,2,Feb,Q1,12.094972067039107,40.53072625698324,2025-02
ORD-10604,2025-02-08,Li Harris,Consumer,India,Asia Pacific,Technology,Wireless Bluetooth Headphones,1,119.38,0,119.38,9.73,43.99,Credit Card,2025,2,Feb,Q1,36.84871837828783,8.15044396046239,2025-02
ORD-11436,2025-02-08,Noah Suzuki,Consumer,Japan,Asia Pacific,Technology,Webcam HD 1080p,3,57.05,15,145.48,10.86,40.49,Bank Transfer,2025,2,Feb,Q1,27.832004399230136,7.464943634863899,2025-02
ORD-10802,2025-02-10,Omar Yamamoto,Consumer,Nigeria,Middle East & Africa,Office Supplies,Desk Calendar 2025,8,14.06,15,95.61,23.41,21.58,Credit Card,2025,2,Feb,Q1,22.570860788620436,24.484886518146638,2025-02
ORD-11496,2025-02-10,Robert Wang,Home Office,Canada,North America,Clothing & Accessories,Polarized Sunglasses,5,51.1,10,229.95,11.04,91.16,Bank Transfer,2025,2,Feb,Q1,39.64340073929115,4.801043705153294,2025-02
ORD-10611,2025-02-11,Ayumi Pereira,Consumer,Canada,North America,Clothing & Accessories,Wool Blend Scarf,1,26.45,15,22.48,6.09,3.17,PayPal,2025,2,Feb,Q1,14.101423487544483,27.090747330960852,2025-02
ORD-11694,2025-02-11,Chen Rossi,Corporate,Canada,North America,Office Supplies,Stapler Full-Size,1,15.54,25,11.65,6.71,-2.05,Cash on Delivery,2025,2,Feb,Q1,-17.596566523605148,57.596566523605155,2025-02
ORD-10506,2025-02-12,Ahmed Dubois,Consumer,Mexico,North America,Furniture,Monitor Riser Wood,1,42.63,0,42.63,7.17,9.88,Credit Card,2025,2,Feb,Q1,23.17616701853155,16.81914144968332,2025-02
ORD-10509,2025-02-12,Robert Chen,Consumer,Canada,North America,Furniture,Standing Desk Converter,1,302.08,10,271.87,6.17,84.45,PayPal,2025,2,Feb,Q1,31.062640232464044,2.2694670246809134,2025-02
ORD-11744,2025-02-14,Kenji Smith,Consumer,Germany,Europe,Furniture,Desk Organizer Set,3,22.63,5,64.5,12.28,11.49,Credit Card,2025,2,Feb,Q1,17.813953488372096,19.03875968992248,2025-02
ORD-11876,2025-02-14,Jessica Moreau,Consumer,United States,North America,Furniture,Monitor Riser Wood,2,60.59,0,121.18,7.99,40.48,Credit Card,2025,2,Feb,Q1,33.404852285855746,6.593497276778345,2025-02
ORD-10814,2025-02-15,Patricia Park,Corporate,Mexico,North America,Office Supplies,Tape Dispenser Heavy Duty,2,16.2,10,29.16,6.5,8.08,Bank Transfer,2025,2,Feb,Q1,27.709190672153632,22.290809327846365,2025-02
ORD-11350,2025-02-15,James Ahmed,Home Office,Canada,North America,Technology,Wireless Bluetooth Headphones,1,230.1,5,218.59,7.29,84.74,Credit Card,2025,2,Feb,Q1,38.76664074294341,3.3350107507205267,2025-02
ORD-11408,2025-02-17,Oscar Martinez,Corporate,Japan,Asia Pacific,Technology,Webcam HD 1080p,7,78.3,15,465.88,25.97,138.45,Credit Card,2025,2,Feb,Q1,29.717953120975356,5.574396840388082,2025-02
ORD-11839,2025-02-18,Li Suzuki,Consumer,Italy,Europe,Furniture,Folding Table Portable,3,46.46,20,111.5,8.73,19.14,PayPal,2025,2,Feb,Q1,17.16591928251121,7.829596412556055,2025-02
ORD-10079,2025-02-19,Jessica Schmidt,Consumer,India,Asia Pacific,Clothing & Accessories,Cotton Formal Shirt,3,53.74,10,145.1,16.16,48.33,Credit Card,2025,2,Feb,Q1,33.30806340454859,11.137146795313578,2025-02
ORD-11001,2025-02-20,Isabella Jackson,Corporate,Japan,Asia Pacific,Office Supplies,Paper Clips Box 500pc,1,3.03,20,2.42,11.16,-10.1,Cash on Delivery,2025,2,Feb,Q1,-417.35537190082647,461.1570247933885,2025-02
ORD-11801,2025-02-20,Thomas Tanaka,Consumer,India,Asia Pacific,Office Supplies,Whiteboard Markers Set 8,1,15.32,0,15.32,10.87,-2.44,Credit Card,2025,2,Feb,Q1,-15.926892950391643,70.95300261096605,2025-02
ORD-11897,2025-02-20,Mary Miller,Home Office,France,Europe,Technology,Wireless Ergonomic Mouse,1,47.45,20,37.96,8.72,3.14,Credit Card,2025,2,Feb,Q1,8.27186512118019,22.971548998946258,2025-02
ORD-11919,2025-02-20,Sakura Harris,Consumer,Germany,Europe,Office Supplies,Sticky Notes Multicolor 6-Pack,1,12.93,0,12.93,8.94,-1.83,PayPal,2025,2,Feb,Q1,-14.153132250580047,69.1415313225058,2025-02
ORD-10730,2025-02-21,Richard Dubois,Home Office,Mexico,North America,Clothing & Accessories,Business Casual Blazer,1,71.91,5,68.31,7.27,25.09,Credit Card,2025,2,Feb,Q1,36.729614990484556,10.642658468745424,2025-02
ORD-11412,2025-02-21,Raj Yamamoto,Consumer,South Korea,Asia Pacific,Technology,Mechanical Gaming Keyboard,1,167.77,0,167.77,10.07,65.43,Credit Card,2025,2,Feb,Q1,38.99982118376349,6.0022650056625135,2025-02
ORD-10873,2025-02-22,Ethan Li,Consumer,China,Asia Pacific,Clothing & Accessories,Business Casual Blazer,2,61.54,0,123.08,12.34,49.2,Credit Card,2025,2,Feb,Q1,39.97400064998375,10.02599935001625,2025-02
ORD-11472,2025-02-22,Amir Taylor,Consumer,France,Europe,Technology,Mechanical Gaming Keyboard,1,146.2,5,138.89,7.89,50.59,Cash on Delivery,2025,2,Feb,Q1,36.42450860393118,5.680754553963569,2025-02
ORD-11818,2025-02-24,Clara Costa,Corporate,Germany,Europe,Furniture,Desk Organizer Set,1,40.32,10,36.29,9.29,2.81,Cash on Delivery,2025,2,Feb,Q1,7.74317993937724,25.599338660788096,2025-02
ORD-10035,2025-02-25,Elizabeth Schmidt,Consumer,China,Asia Pacific,Technology,Wireless Bluetooth Headphones,6,228.0,15,1162.8,21.34,389.06,Credit Card,2025,2,Feb,Q1,33.458892328861374,1.8352253181974545,2025-02
ORD-11120,2025-02-25,Raj Martinez,Consumer,Brazil,South America,Technology,Wireless Bluetooth Headphones,9,107.1,0,963.9,24.75,409.0,PayPal,2025,2,Feb,Q1,42.43178752982675,2.567693744164332,2025-02
ORD-10647,2025-02-26,Ahmed Smith,Consumer,Mexico,North America,Office Supplies,Ballpoint Pen Pack 12,1,11.74,5,11.15,7.16,-1.29,Credit Card,2025,2,Feb,Q1,-11.569506726457398,64.2152466367713,2025-02
ORD-11796,2025-02-26,Karen Suzuki,Home Office,Japan,Asia Pacific,Technology,Noise Cancelling Earbuds,2,182.51,5,346.77,10.49,135.52,Bank Transfer,2025,2,Feb,Q1,39.08065864982554,3.025059837932924,2025-02
ORD-10657,2025-02-27,Jamal Singh,Home Office,Colombia,South America,Technology,USB-C Hub Multiport Adapter,7,59.14,15,351.88,23.53,100.66,Credit Card,2025,2,Feb,Q1,28.606343071501648,6.686938729112198,2025-02
ORD-11443,2025-02-28,Ayumi Clark,Home Office,United States,North America,Furniture,Ergonomic Office Chair,2,239.93,0,479.86,6.98,184.96,Credit Card,2025,2,Feb,Q1,38.54457550118784,1.4545909223523528,2025-02
ORD-10481,2025-03-01,Lucas Yamamoto,Consumer,South Africa,Middle East & Africa,Technology,Webcam HD 1080p,2,48.49,10,87.28,12.86,21.08,Cash on Delivery,2025,3,Mar,Q1,24.152153987167736,14.73418881759853,2025-03
ORD-11017,2025-03-01,Olga Taylor,Home Office,United States,North America,Technology,Tablet Stand Holder,4,45.77,10,164.77,13.41,50.67,Credit Card,2025,3,Mar,Q1,30.751957273775567,8.138617466771864,2025-03
ORD-11755,2025-03-03,Emma Dubois,Consumer,France,Europe,Office Supplies,Sticky Notes Multicolor 6-Pack,6,14.68,15,74.87,15.34,19.89,Credit Card,2025,3,Mar,Q1,26.566047816214773,20.488847335381326,2025-03
ORD-10317,2025-03-05,Ingrid Williams,Corporate,France,Europe,Furniture,Ergonomic Office Chair,4,163.97,0,655.88,16.75,245.6,PayPal,2025,3,Mar,Q1,37.44587424528877,2.5538208208818687,2025-03
ORD-11275,2025-03-05,Jennifer Thomas,Consumer,Brazil,South America,Clothing & Accessories,Travel Backpack 30L,3,55.66,5,158.63,16.73,58.41,Cash on Delivery,2025,3,Mar,Q1,36.82153438819895,10.546554876126836,2025-03
ORD-11471,2025-03-05,Joseph Weber,Consumer,Canada,North America,Technology,Noise Cancelling Earbuds,1,112.7,5,107.06,6.08,38.99,Credit Card,2025,3,Mar,Q1,36.418830562301515,5.679058471884924,2025-03
ORD-11595,2025-03-05,Hanna Williams,Corporate,Mexico,North America,Technology,Webcam HD 1080p,4,71.02,15,241.47,7.41,77.82,PayPal,2025,3,Mar,Q1,32.227605913778106,3.06870418685551,2025-03
ORD-11821,2025-03-06,Olivia Zhang,Consumer,Mexico,North America,Office Supplies,Paper Clips Box 500pc,3,3.72,0,11.16,9.25,-3.11,PayPal,2025,3,Mar,Q1,-27.8673835125448,82.8853046594982,2025-03
ORD-10905,2025-03-07,Chen Romano,Consumer,South Korea,Asia Pacific,Office Supplies,Whiteboard Markers Set 8,2,11.45,5,21.75,11.85,-0.4,Bank Transfer,2025,3,Mar,Q1,-1.839080459770115,54.48275862068965,2025-03
ORD-11427,2025-03-07,Michael Leroy,Home Office,United States,North America,Office Supplies,Ballpoint Pen Pack 12,6,14.94,15,76.19,10.4,25.45,Credit Card,2025,3,Mar,Q1,33.40333377083607,13.650085313033209,2025-03
ORD-11511,2025-03-07,Kenji Johansson,Consumer,Italy,Europe,Technology,Webcam HD 1080p,1,52.34,5,49.72,7.84,13.09,Bank Transfer,2025,3,Mar,Q1,26.327433628318587,15.76830249396621,2025-03
ORD-11727,2025-03-08,Robert Patel,Corporate,South Korea,Asia Pacific,Furniture,Filing Cabinet 3-Drawer,6,128.18,5,730.63,15.96,253.22,Cash on Delivery,2025,3,Mar,Q1,34.65776111027469,2.184416188768597,2025-03
ORD-10519,2025-03-09,Jessica Park,Home Office,Spain,Europe,Office Supplies,Binder Clips Assorted 48pc,1,7.4,0,7.4,8.05,-3.98,PayPal,2025,3,Mar,Q1,-53.783783783783775,108.78378378378379,2025-03
ORD-11845,2025-03-09,Maria Müller,Corporate,United States,North America,Office Supplies,Whiteboard Markers Set 8,1,12.48,10,11.23,5.52,0.09,Credit Card,2025,3,Mar,Q1,0.8014247551202136,49.1540516473731,2025-03
ORD-11166,2025-03-10,Hans Müller,Consumer,Nigeria,Middle East & Africa,Furniture,Corner L-Shaped Desk,1,418.59,0,418.59,12.47,154.97,Credit Card,2025,3,Mar,Q1,37.02190687785184,2.979048711149335,2025-03
ORD-10619,2025-03-11,John Rodriguez,Consumer,Argentina,South America,Technology,Smart LED Desk Lamp,2,28.19,5,53.56,12.32,10.23,Cash on Delivery,2025,3,Mar,Q1,19.100074682598954,23.002240477968634,2025-03
ORD-11249,2025-03-12,Susan White,Home Office,Brazil,South America,Technology,Wireless Ergonomic Mouse,9,45.95,20,330.84,24.56,78.83,Credit Card,2025,3,Mar,Q1,23.82722766291863,7.423527989360417,2025-03
ORD-11308,2025-03-14,Ivan Leroy,Home Office,Mexico,North America,Clothing & Accessories,Leather Wallet Minimalist,1,48.23,0,48.23,6.21,17.9,Bank Transfer,2025,3,Mar,Q1,37.11382956665975,12.875803441841176,2025-03
ORD-10159,2025-03-15,Sarah Sharma,Home Office,Mexico,North America,Office Supplies,Sticky Notes Multicolor 6-Pack,5,13.18,20,52.72,12.13,10.93,Bank Transfer,2025,3,Mar,Q1,20.73216995447648,23.008345978755692,2025-03
ORD-10247,2025-03-15,Giulia Singh,Consumer,United States,North America,Clothing & Accessories,Leather Belt Classic,1,17.18,0,17.18,7.15,1.44,PayPal,2025,3,Mar,Q1,8.381839348079161,41.618160651920846,2025-03
ORD-10444,2025-03-15,Giulia Taylor,Consumer,Germany,Europe,Furniture,Bookshelf 5-Tier,2,135.69,10,244.24,8.42,72.99,PayPal,2025,3,Mar,Q1,29.884539796921057,3.4474287585981,2025-03
ORD-10136,2025-03-16,Xiao Weber,Home Office,United Kingdom,Europe,Clothing & Accessories,Silk Tie Collection,1,34.17,5,32.46,8.7,6.68,Bank Transfer,2025,3,Mar,Q1,20.57917436845348,26.80221811460258,2025-03
ORD-10387,2025-03-16,Jennifer Harris,Home Office,Italy,Europe,Technology,Webcam HD 1080p,2,51.32,20,82.11,11.91,13.75,Credit Card,2025,3,Mar,Q1,16.745828766289126,14.504932407745708,2025-03
ORD-10751,2025-03-16,Pierre Leroy,Home Office,Mexico,North America,Clothing & Accessories,Travel Backpack 30L,9,64.33,5,550.02,22.61,237.92,PayPal,2025,3,Mar,Q1,43.256608850587256,4.110759608741501,2025-03
ORD-11820,2025-03-17,Mia Anderson,Consumer,France,Europe,Furniture,Filing Cabinet 3-Drawer,3,137.47,10,371.17,12.7,111.02,PayPal,2025,3,Mar,Q1,29.910822534148767,3.421612738098445,2025-03
ORD-10538,2025-03-18,Richard Ali,Consumer,Japan,Asia Pacific,Clothing & Accessories,Cotton Formal Shirt,1,61.85,0,61.85,11.16,19.77,PayPal,2025,3,Mar,Q1,31.964430072756667,18.043654001616815,2025-03
ORD-11584,2025-03-18,Richard Zhang,Corporate,Saudi Arabia,Middle East & Africa,Technology,Smart LED Desk Lamp,4,67.37,10,242.53,15.81,78.51,PayPal,2025,3,Mar,Q1,32.37125304086093,6.518781181709479,2025-03
ORD-11281,2025-03-19,Ali Taylor,Consumer,Mexico,North America,Technology,Webcam HD 1080p,3,81.59,5,232.53,7.31,90.6,PayPal,2025,3,Mar,Q1,38.9627144884531,3.143680385326624,2025-03
ORD-10348,2025-03-20,Olivia White,Consumer,India,Asia Pacific,Furniture,Desk Organizer Set,3,48.66,5,138.68,11.5,39.59,Cash on Delivery,2025,3,Mar,Q1,28.54773579463513,8.292471877704067,2025-03
ORD-10585,2025-03-20,Ahmed Zhang,Corporate,United States,North America,Clothing & Accessories,Sports Water Bottle 750ml,7,29.97,5,199.3,15.57,78.84,Bank Transfer,2025,3,Mar,Q1,39.558454591068745,7.8123432012042135,2025-03
ORD-10889,2025-03-21,Layla Johansson,Corporate,Nigeria,Middle East & Africa,Technology,USB-C Hub Multiport Adapter,1,29.02,5,27.57,11.87,-0.26,Cash on Delivery,2025,3,Mar,Q1,-0.9430540442509974,43.05404425099746,2025-03
ORD-10987,2025-03-22,Patricia Wang,Corporate,Germany,Europe,Furniture,Floating Wall Shelves Set,2,78.8,5,149.72,11.19,43.97,PayPal,2025,3,Mar,Q1,29.36815388725621,7.473951375901683,2025-03
ORD-11487,2025-03-22,Sakura Zhang,Consumer,Spain,Europe,Technology,Webcam HD 1080p,2,67.91,0,135.82,8.98,52.14,PayPal,2025,3,Mar,Q1,38.38904432336916,6.611691945221618,2025-03
ORD-11238,2025-03-25,Carlos Jones,Home Office,Mexico,North America,Office Supplies,Premium Notebook Set A5,3,17.48,10,47.2,7.91,15.69,PayPal,2025,3,Mar,Q1,33.24152542372881,16.758474576271183,2025-03
ORD-10894,2025-03-26,John Martin,Home Office,Germany,Europe,Clothing & Accessories,Leather Wallet Minimalist,2,55.31,10,99.56,10.62,33.63,PayPal,2025,3,Mar,Q1,33.778625954198475,10.666934511852148,2025-03
ORD-11005,2025-03-26,Emma Anderson,Home Office,Mexico,North America,Technology,Tablet Stand Holder,5,25.46,5,120.94,16.36,34.56,Credit Card,2025,3,Mar,Q1,28.576153464527863,13.52736894327766,2025-03
ORD-11310,2025-03-26,Hans Ali,Corporate,Italy,Europe,Office Supplies,Stapler Full-Size,4,19.04,5,72.35,13.88,24.2,Credit Card,2025,3,Mar,Q1,33.44851416724257,19.1845196959226,2025-03
ORD-11862,2025-03-26,Thomas Clark,Consumer,Germany,Europe,Furniture,Desk Organizer Set,2,29.19,20,46.7,11.71,-0.04,Credit Card,2025,3,Mar,Q1,-0.08565310492505353,25.074946466809422,2025-03
ORD-11221,2025-03-27,Olivia Kim,Consumer,South Africa,Middle East & Africa,Technology,Portable External SSD 1TB,2,136.48,15,232.02,15.42,66.47,Bank Transfer,2025,3,Mar,Q1,28.64839237996724,6.645978794931471,2025-03
ORD-11757,2025-03-27,Oscar Thompson,Consumer,South Korea,Asia Pacific,Office Supplies,Whiteboard Markers Set 8,2,20.22,25,30.33,10.69,1.44,PayPal,2025,3,Mar,Q1,4.747774480712167,35.24563138806462,2025-03
ORD-11860,2025-03-27,Hans Patel,Consumer,Canada,North America,Technology,Tablet Stand Holder,2,48.96,5,93.02,9.1,30.06,PayPal,2025,3,Mar,Q1,32.31563104708665,9.782842399483982,2025-03
ORD-10337,2025-03-28,Mary Chen,Home Office,United States,North America,Clothing & Accessories,Cotton Formal Shirt,1,47.73,5,45.34,5.94,15.54,PayPal,2025,3,Mar,Q1,34.27437141596823,13.101014556682841,2025-03
ORD-11695,2025-03-29,Sophie Jackson,Consumer,Australia,Asia Pacific,Furniture,Corner L-Shaped Desk,1,268.81,20,215.05,10.37,43.39,Credit Card,2025,3,Mar,Q1,20.176703092304116,4.8221343873517775,2025-03
ORD-10774,2025-03-30,Lucas Tanaka,Home Office,Saudi Arabia,Middle East & Africa,Technology,USB-C Hub Multiport Adapter,9,50.88,10,412.13,17.34,142.93,PayPal,2025,3,Mar,Q1,34.68080460049014,4.207410283163079,2025-03
ORD-11193,2025-03-30,Raj Harris,Consumer,Mexico,North America,Technology,USB-C Hub Multiport Adapter,4,43.48,10,156.53,9.46,51.41,Credit Card,2025,3,Mar,Q1,32.84354436849166,6.043569922698524,2025-03
ORD-10331,2025-03-31,Giulia White,Consumer,Australia,Asia Pacific,Furniture,Folding Table Portable,5,45.17,0,225.85,16.44,73.9,Credit Card,2025,3,Mar,Q1,32.720832410892186,7.279167589107816,2025-03
ORD-10704,2025-03-31,Fatima Müller,Corporate,Italy,Europe,Technology,Wireless Bluetooth Headphones,1,77.8,15,66.13,9.26,14.08,Bank Transfer,2025,3,Mar,Q1,21.29139573567216,14.002721911386661,2025-03
ORD-11754,2025-03-31,Sakura Chen,Corporate,India,Asia Pacific,Office Supplies,Stapler Full-Size,11,14.79,25,122.02,23.11,25.7,Bank Transfer,2025,3,Mar,Q1,21.06212096377643,18.939518111784952,2025-03
ORD-10976,2025-04-01,Ahmed Jackson,Corporate,South Africa,Middle East & Africa,Office Supplies,Desk Calendar 2025,6,17.83,5,101.63,21.4,32.09,Bank Transfer,2025,4,Apr,Q2,31.57532224736791,21.05677457443668,2025-04
ORD-10087,2025-04-02,Omar Schmidt,Corporate,Canada,North America,Furniture,Standing Desk Converter,8,222.57,0,1780.56,10.29,701.93,PayPal,2025,4,Apr,Q2,39.42186727771038,0.5779080738644021,2025-04
ORD-11637,2025-04-02,Sarah Brown,Consumer,Canada,North America,Technology,Wireless Ergonomic Mouse,3,42.99,0,128.97,6.89,51.15,Credit Card,2025,4,Apr,Q2,39.66038613631077,5.342327673102272,2025-04
ORD-11935,2025-04-02,Isabella Thompson,Consumer,Japan,Asia Pacific,Office Supplies,Stapler Full-Size,14,11.48,0,160.72,39.83,48.57,PayPal,2025,4,Apr,Q2,30.220258835241413,24.782229965156795,2025-04
ORD-10541,2025-04-04,Clara Garcia,Consumer,Canada,North America,Technology,USB-C Hub Multiport Adapter,3,25.43,5,72.48,11.34,19.18,Credit Card,2025,4,Apr,Q2,26.462472406181014,15.64569536423841,2025-04
ORD-11429,2025-04-04,Olga Wang,Corporate,France,Europe,Furniture,Desk Organizer Set,2,34.92,0,69.84,11.92,16.02,Cash on Delivery,2025,4,Apr,Q2,22.938144329896907,17.06758304696449,2025-04
ORD-11614,2025-04-04,Carlos Ali,Consumer,South Korea,Asia Pacific,Clothing & Accessories,Leather Wallet Minimalist,3,24.3,5,69.25,10.77,22.03,PayPal,2025,4,Apr,Q2,31.812274368231048,15.55234657039711,2025-04
ORD-11856,2025-04-04,Kenji Martin,Home Office,Colombia,South America,Office Supplies,Premium Notebook Set A5,2,13.42,5,25.5,12.38,1.04,PayPal,2025,4,Apr,Q2,4.07843137254902,48.54901960784314,2025-04
ORD-10255,2025-04-05,Diego Rossi,Corporate,Canada,North America,Technology,Tablet Stand Holder,2,42.23,10,76.01,9.52,20.04,PayPal,2025,4,Apr,Q2,26.364951980002626,12.524667806867514,2025-04
ORD-10906,2025-04-05,Wei Moreau,Corporate,India,Asia Pacific,Technology,Tablet Stand Holder,4,53.71,10,193.36,13.76,61.44,Credit Card,2025,4,Apr,Q2,31.774927596193624,7.1162598262308645,2025-04
ORD-11368,2025-04-05,Elizabeth Williams,Consumer,Canada,North America,Technology,USB-C Hub Multiport Adapter,7,23.09,0,161.63,20.84,51.89,Bank Transfer,2025,4,Apr,Q2,32.10418857885294,12.893645981562829,2025-04
ORD-10300,2025-04-06,David Johansson,Corporate,Spain,Europe,Technology,Mechanical Gaming Keyboard,4,164.84,5,626.39,11.35,252.39,Cash on Delivery,2025,4,Apr,Q2,40.29278883762512,1.8119701783234088,2025-04
ORD-10803,2025-04-06,Emma Romano,Home Office,Spain,Europe,Technology,Wireless Bluetooth Headphones,1,219.67,0,219.67,7.71,91.14,Cash on Delivery,2025,4,Apr,Q2,41.48950698775436,3.509810169800155,2025-04
ORD-10264,2025-04-07,Omar Thomas,Consumer,Japan,Asia Pacific,Office Supplies,Desk Calendar 2025,4,16.1,25,48.3,13.08,6.24,PayPal,2025,4,Apr,Q2,12.919254658385093,27.080745341614907,2025-04
ORD-10615,2025-04-07,Giulia Smith,Corporate,Canada,North America,Clothing & Accessories,Travel Backpack 30L,1,90.62,15,77.03,7.48,24.24,Cash on Delivery,2025,4,Apr,Q2,31.468259119823443,9.71050240166169,2025-04
ORD-11666,2025-04-07,Xiao Rodriguez,Corporate,Germany,Europe,Office Supplies,Ballpoint Pen Pack 12,2,9.78,15,16.63,10.08,-2.25,Bank Transfer,2025,4,Apr,Q2,-13.529765484064942,60.61334936861095,2025-04
ORD-10778,2025-04-08,Raj Harris,Consumer,United States,North America,Furniture,Standing Desk Converter,6,154.97,10,836.84,13.94,265.01,Credit Card,2025,4,Apr,Q2,31.667941302996987,1.66579035418957,2025-04
ORD-11647,2025-04-08,Emma Chen,Consumer,China,Asia Pacific,Office Supplies,Premium Notebook Set A5,2,20.57,5,39.08,12.63,7.94,Bank Transfer,2025,4,Apr,Q2,20.317297850562948,32.31832139201638,2025-04
ORD-11591,2025-04-09,Priya Romano,Home Office,Italy,Europe,Technology,Wireless Bluetooth Headphones,1,116.2,0,116.2,7.59,44.7,Credit Card,2025,4,Apr,Q2,38.46815834767642,6.531841652323579,2025-04
ORD-11057,2025-04-10,Ali Müller,Consumer,South Korea,Asia Pacific,Technology,Laptop Stand Adjustable,5,27.29,10,122.8,20.24,27.51,Credit Card,2025,4,Apr,Q2,22.40228013029316,16.482084690553744,2025-04
ORD-11127,2025-04-10,Diego Weber,Home Office,Germany,Europe,Furniture,Filing Cabinet 3-Drawer,4,128.7,0,514.8,10.27,195.65,Credit Card,2025,4,Apr,Q2,38.005050505050505,1.994949494949495,2025-04
ORD-11410,2025-04-10,William Wang,Home Office,Nigeria,Middle East & Africa,Technology,Portable External SSD 1TB,3,93.28,10,251.86,18.0,79.95,PayPal,2025,4,Apr,Q2,31.74382593504328,7.146827602636385,2025-04
ORD-10123,2025-04-11,Priya Patel,Home Office,Brazil,South America,Furniture,Bookshelf 5-Tier,1,193.39,10,174.05,12.06,45.96,Credit Card,2025,4,Apr,Q2,26.406205113473142,6.929043378339557,2025-04
ORD-11126,2025-04-11,David Park,Consumer,Nigeria,Middle East & Africa,Clothing & Accessories,Leather Belt Classic,11,31.57,5,329.91,24.65,131.63,Credit Card,2025,4,Apr,Q2,39.89876026795186,7.471734715528476,2025-04
ORD-11157,2025-04-11,James Miller,Home Office,Canada,North America,Furniture,Monitor Riser Wood,9,33.73,15,258.03,13.96,61.93,Credit Card,2025,4,Apr,Q2,24.001085145138166,5.410223617408829,2025-04
ORD-11219,2025-04-11,Olga Ali,Consumer,Saudi Arabia,Middle East & Africa,Office Supplies,Whiteboard Markers Set 8,1,14.71,10,13.24,11.69,-5.07,PayPal,2025,4,Apr,Q2,-38.29305135951662,88.29305135951661,2025-04
ORD-11438,2025-04-11,Olga Russo,Consumer,Italy,Europe,Technology,Noise Cancelling Earbuds,1,115.93,5,110.13,9.29,37.08,Credit Card,2025,4,Apr,Q2,33.6692999182784,8.435485335512576,2025-04
ORD-11493,2025-04-11,Amina Khan,Corporate,Japan,Asia Pacific,Clothing & Accessories,Leather Wallet Minimalist,1,39.65,0,39.65,11.01,8.81,Bank Transfer,2025,4,Apr,Q2,22.21941992433796,27.767969735182852,2025-04
ORD-10684,2025-04-12,Ingrid Clark,Corporate,Canada,North America,Office Supplies,Ballpoint Pen Pack 12,1,13.25,5,12.59,5.69,0.94,PayPal,2025,4,Apr,Q2,7.466243050039714,45.19459888800636,2025-04
ORD-11089,2025-04-12,Hans Zhang,Home Office,Spain,Europe,Office Supplies,Desk Calendar 2025,3,9.38,5,26.73,8.95,5.12,PayPal,2025,4,Apr,Q2,19.15450804339693,33.48297792742237,2025-04
ORD-11190,2025-04-12,Jennifer Leroy,Corporate,Japan,Asia Pacific,Technology,Smart LED Desk Lamp,4,55.11,10,198.4,13.84,63.32,Cash on Delivery,2025,4,Apr,Q2,31.91532258064516,6.975806451612902,2025-04
ORD-11312,2025-04-12,Ahmed Hassan,Corporate,Mexico,North America,Technology,Noise Cancelling Earbuds,3,60.01,10,162.03,11.24,51.77,Credit Card,2025,4,Apr,Q2,31.950873295068817,6.936986977720175,2025-04
ORD-11485,2025-04-12,Joseph Garcia,Consumer,China,Asia Pacific,Office Supplies,Stapler Full-Size,2,19.7,10,35.46,10.39,7.34,Credit Card,2025,4,Apr,Q2,20.699379582628314,29.300620417371686,2025-04
ORD-10148,2025-04-13,Sarah Smith,Home Office,Brazil,South America,Office Supplies,Highlighters Neon Pack 6,1,8.77,20,7.02,11.14,-8.07,PayPal,2025,4,Apr,Q2,-114.95726495726497,158.68945868945872,2025-04
ORD-10679,2025-04-13,Sophie Jones,Consumer,Spain,Europe,Technology,Laptop Stand Adjustable,2,44.96,0,89.92,11.48,28.98,Credit Card,2025,4,Apr,Q2,32.22864768683274,12.766903914590747,2025-04
ORD-11027,2025-04-13,Amir Ali,Consumer,Italy,Europe,Office Supplies,Desk Calendar 2025,4,19.2,10,69.12,12.91,21.65,Credit Card,2025,4,Apr,Q2,31.32233796296296,18.677662037037035,2025-04
ORD-10990,2025-04-14,Richard Yamamoto,Corporate,Argentina,South America,Furniture,Corner L-Shaped Desk,2,165.71,0,331.42,12.42,120.15,Bank Transfer,2025,4,Apr,Q2,36.25309275239877,3.7475107114839172,2025-04
ORD-11848,2025-04-14,Richard Weber,Consumer,Canada,North America,Technology,Noise Cancelling Earbuds,1,155.22,15,131.94,6.82,39.75,Credit Card,2025,4,Apr,Q2,30.127330604820372,5.1690162194937095,2025-04
ORD-10080,2025-04-16,Hans Sharma,Consumer,South Africa,Middle East & Africa,Technology,Wireless Bluetooth Headphones,2,238.98,5,454.06,12.39,178.79,Cash on Delivery,2025,4,Apr,Q2,39.375853411443416,2.7287142668369824,2025-04
ORD-10187,2025-04-17,Wei Müller,Corporate,UAE,Middle East & Africa,Office Supplies,Desk Calendar 2025,1,14.87,15,12.64,12.93,-6.98,Bank Transfer,2025,4,Apr,Q2,-55.22151898734178,102.29430379746836,2025-04
ORD-10198,2025-04-17,Mary Weber,Consumer,Nigeria,Middle East & Africa,Office Supplies,Binder Clips Assorted 48pc,2,12.81,0,25.62,14.26,-0.17,Bank Transfer,2025,4,Apr,Q2,-0.6635441061670571,55.65964090554254,2025-04
ORD-11003,2025-04-18,Layla Jackson,Home Office,India,Asia Pacific,Office Supplies,Binder Clips Assorted 48pc,2,14.06,15,23.9,10.76,0.49,Bank Transfer,2025,4,Apr,Q2,2.0502092050209204,45.02092050209205,2025-04
ORD-11524,2025-04-18,Olivia Anderson,Consumer,Mexico,North America,Office Supplies,Paper Clips Box 500pc,1,9.33,0,9.33,6.05,-0.92,Cash on Delivery,2025,4,Apr,Q2,-9.860664523043946,64.84458735262594,2025-04
ORD-11540,2025-04-18,Noah Moreau,Home Office,India,Asia Pacific,Clothing & Accessories,Business Casual Blazer,10,147.28,0,1472.8,27.39,709.01,PayPal,2025,4,Apr,Q2,48.14027702335687,1.859722976643129,2025-04
ORD-11554,2025-04-18,Hanna Li,Consumer,China,Asia Pacific,Clothing & Accessories,Travel Backpack 30L,2,32.49,5,61.73,11.25,17.99,Credit Card,2025,4,Apr,Q2,29.143042280900694,18.224526162319783,2025-04
ORD-11278,2025-04-19,Wei Anderson,Consumer,Australia,Asia Pacific,Furniture,Bookshelf 5-Tier,4,67.49,10,242.96,11.71,69.27,Credit Card,2025,4,Apr,Q2,28.510865986170558,4.819723411261114,2025-04
ORD-11829,2025-04-19,Nadia Wang,Consumer,Spain,Europe,Furniture,Ergonomic Office Chair,7,294.09,0,2058.63,15.1,808.35,PayPal,2025,4,Apr,Q2,39.2664053278151,0.7334975201954698,2025-04
ORD-10966,2025-04-20,Wei Li,Corporate,Brazil,South America,Technology,Wireless Ergonomic Mouse,5,61.12,20,244.48,22.01,54.39,Credit Card,2025,4,Apr,Q2,22.247218586387437,9.002781413612567,2025-04
ORD-11078,2025-04-20,Layla Leroy,Corporate,Saudi Arabia,Middle East & Africa,Technology,USB-C Hub Multiport Adapter,4,46.7,0,186.8,17.05,67.01,Credit Card,2025,4,Apr,Q2,35.87259100642398,9.127408993576017,2025-04
ORD-11656,2025-04-20,Hans Kumar,Consumer,Brazil,South America,Technology,Tablet Stand Holder,4,25.36,20,81.15,14.4,10.96,Cash on Delivery,2025,4,Apr,Q2,13.505853357979051,17.744916820702404,2025-04
ORD-10634,2025-04-21,Priya Sharma,Corporate,United States,North America,Furniture,Folding Table Portable,13,84.96,15,938.81,32.07,244.05,Cash on Delivery,2025,4,Apr,Q2,25.995675376274225,3.4160266720635697,2025-04
ORD-11841,2025-04-21,Pierre Garcia,Home Office,United States,North America,Office Supplies,Binder Clips Assorted 48pc,1,15.62,0,15.62,6.6,1.99,Bank Transfer,2025,4,Apr,Q2,12.740076824583868,42.25352112676056,2025-04
ORD-10172,2025-04-22,Amina Singh,Consumer,Mexico,North America,Technology,Noise Cancelling Earbuds,3,155.55,0,466.65,9.51,200.48,PayPal,2025,4,Apr,Q2,42.96153434051216,2.037929926068788,2025-04
ORD-10626,2025-04-22,David Chen,Corporate,Argentina,South America,Clothing & Accessories,Sports Water Bottle 750ml,2,10.67,15,18.14,13.02,-5.55,Bank Transfer,2025,4,Apr,Q2,-30.59536934950386,71.77508269018743,2025-04
ORD-11577,2025-04-22,Xiao White,Corporate,Germany,Europe,Furniture,Filing Cabinet 3-Drawer,3,138.55,0,415.65,9.02,157.24,PayPal,2025,4,Apr,Q2,37.82990496812222,2.1700950318777816,2025-04
ORD-10027,2025-04-24,Pierre Pereira,Consumer,China,Asia Pacific,Technology,Webcam HD 1080p,2,76.94,10,138.49,12.94,40.92,Credit Card,2025,4,Apr,Q2,29.547259729944397,9.343634919488771,2025-04
ORD-11416,2025-04-25,Liam Clark,Consumer,Nigeria,Middle East & Africa,Technology,Wireless Ergonomic Mouse,10,31.3,10,281.7,16.36,93.19,PayPal,2025,4,Apr,Q2,33.08129215477458,5.8075967341143055,2025-04
ORD-11879,2025-04-25,Giulia Miller,Consumer,Australia,Asia Pacific,Furniture,Standing Desk Converter,2,320.6,0,641.2,12.1,244.38,Credit Card,2025,4,Apr,Q2,38.112913287585776,1.887086712414223,2025-04
ORD-10854,2025-04-26,Ingrid Robinson,Home Office,Argentina,South America,Technology,Mechanical Gaming Keyboard,1,172.2,0,172.2,12.38,65.11,Credit Card,2025,4,Apr,Q2,37.81068524970964,7.189314750290361,2025-04
ORD-10244,2025-04-27,Michael Tanaka,Consumer,Germany,Europe,Furniture,Mesh Back Task Chair,2,163.76,15,278.39,11.15,70.73,PayPal,2025,4,Apr,Q2,25.40680340529473,4.0051725995905025,2025-04
ORD-10756,2025-04-27,Lucas Costa,Consumer,United States,North America,Technology,Laptop Stand Adjustable,2,36.57,15,62.17,8.53,13.41,PayPal,2025,4,Apr,Q2,21.569889013993887,13.720443944024446,2025-04
ORD-10289,2025-04-28,Chen Santos,Corporate,Japan,Asia Pacific,Technology,Tablet Stand Holder,7,19.93,10,125.56,20.75,28.08,PayPal,2025,4,Apr,Q2,22.363810130614844,16.525963682701498,2025-04
ORD-10982,2025-04-28,Sophie Johnson,Home Office,Italy,Europe,Office Supplies,Stapler Full-Size,1,9.5,10,8.55,8.3,-4.03,PayPal,2025,4,Apr,Q2,-47.134502923976605,97.07602339181287,2025-04
ORD-11772,2025-04-28,Christopher Tanaka,Home Office,South Africa,Middle East & Africa,Office Supplies,Stapler Full-Size,8,17.87,20,114.37,18.77,31.27,PayPal,2025,4,Apr,Q2,27.341085949112525,16.411646410772054,2025-04
ORD-10371,2025-04-30,Sophie Rossi,Corporate,Mexico,North America,Office Supplies,Stapler Full-Size,3,11.65,15,29.71,11.8,2.18,Credit Card,2025,4,Apr,Q2,7.337596768764726,39.71726691349714,2025-04
ORD-10856,2025-04-30,Raj Pereira,Consumer,Mexico,North America,Technology,Noise Cancelling Earbuds,1,136.78,10,123.1,7.09,40.78,Credit Card,2025,4,Apr,Q2,33.12753858651503,5.759545085296507,2025-04
ORD-10191,2025-05-01,Karen Hassan,Home Office,France,Europe,Clothing & Accessories,Cotton Formal Shirt,9,25.8,0,232.2,17.11,98.99,PayPal,2025,5,May,Q2,42.631352282515074,7.368647717484928,2025-05
ORD-11469,2025-05-01,Jennifer Harris,Corporate,Colombia,South America,Clothing & Accessories,Travel Backpack 30L,8,34.0,30,190.4,15.18,39.22,Cash on Delivery,2025,5,May,Q2,20.59873949579832,7.972689075630251,2025-05
ORD-11952,2025-05-01,Hanna Rodriguez,Consumer,United Kingdom,Europe,Furniture,Filing Cabinet 3-Drawer,2,155.18,25,232.77,8.56,37.99,Credit Card,2025,5,May,Q2,16.320831722300984,3.6774498431928517,2025-05
ORD-11041,2025-05-02,Christopher Harris,Corporate,Germany,Europe,Furniture,Monitor Riser Wood,2,59.73,5,113.49,10.47,31.34,PayPal,2025,5,May,Q2,27.61476782095339,9.225482421358711,2025-05
ORD-11317,2025-05-02,John Pereira,Consumer,United States,North America,Furniture,Standing Desk Converter,5,217.51,15,924.42,16.81,255.08,Credit Card,2025,5,May,Q2,27.59351809783432,1.8184375067609961,2025-05
ORD-11405,2025-05-03,Layla Ferrari,Corporate,South Korea,Asia Pacific,Furniture,Monitor Riser Wood,2,60.6,10,109.08,10.52,25.84,Credit Card,2025,5,May,Q2,23.68903557022369,9.644297763109645,2025-05
ORD-11819,2025-05-03,Mia Johansson,Consumer,Japan,Asia Pacific,Furniture,Standing Desk Converter,5,166.65,5,791.59,13.99,277.65,Bank Transfer,2025,5,May,Q2,35.074975681855506,1.7673290466024079,2025-05
ORD-10293,2025-05-04,Emma Wang,Consumer,Italy,Europe,Office Supplies,Tape Dispenser Heavy Duty,6,12.86,15,65.59,16.27,14.6,Credit Card,2025,5,May,Q2,22.25949077603293,24.805610611373684,2025-05
ORD-10485,2025-05-04,Omar Patel,Home Office,France,Europe,Technology,Mechanical Gaming Keyboard,5,53.7,5,255.07,19.21,88.18,PayPal,2025,5,May,Q2,34.57090210530443,7.531265927000431,2025-05
ORD-10490,2025-05-04,Hans Costa,Consumer,UAE,Middle East & Africa,Furniture,Standing Desk Converter,1,129.14,0,129.14,12.2,39.46,PayPal,2025,5,May,Q2,30.55598575189717,9.44711166176243,2025-05
ORD-11756,2025-05-04,Jessica Brown,Home Office,United States,North America,Technology,Smart LED Desk Lamp,1,31.62,5,30.04,7.3,5.35,Bank Transfer,2025,5,May,Q2,17.80958721704394,24.30093209054594,2025-05
ORD-10135,2025-05-06,Ayumi Harris,Consumer,Canada,North America,Technology,USB-C Hub Multiport Adapter,8,56.61,10,407.59,12.04,146.47,Credit Card,2025,5,May,Q2,35.93562158050983,2.953948821119262,2025-05
ORD-10698,2025-05-06,Joseph Thompson,Consumer,Colombia,South America,Technology,Wireless Bluetooth Headphones,1,82.26,10,74.03,11.14,17.65,Credit Card,2025,5,May,Q2,23.841685803052815,15.047953532351748,2025-05
ORD-10911,2025-05-06,Xiao Sharma,Consumer,Argentina,South America,Clothing & Accessories,Polarized Sunglasses,1,29.71,0,29.71,11.72,3.13,PayPal,2025,5,May,Q2,10.535173342308985,39.447997307303936,2025-05
ORD-11206,2025-05-06,Christopher Jones,Consumer,Canada,North America,Technology,Portable External SSD 1TB,4,144.04,15,489.74,9.35,163.5,PayPal,2025,5,May,Q2,33.38506146118348,1.9091762976273123,2025-05
ORD-11578,2025-05-07,Sarah Leroy,Corporate,United States,North America,Clothing & Accessories,Leather Belt Classic,11,46.45,5,485.4,10.89,219.03,PayPal,2025,5,May,Q2,45.12360939431397,2.243510506798517,2025-05
ORD-11677,2025-05-07,Robert Davis,Consumer,South Korea,Asia Pacific,Furniture,Mesh Back Task Chair,1,215.75,5,204.96,10.58,64.93,Credit Card,2025,5,May,Q2,31.679352068696332,5.161982825917252,2025-05
ORD-10081,2025-05-08,Sarah Tanaka,Consumer,South Korea,Asia Pacific,Office Supplies,Desk Calendar 2025,4,18.4,15,62.56,15.93,13.51,Cash on Delivery,2025,5,May,Q2,21.595268542199484,25.463554987212273,2025-05
ORD-10618,2025-05-08,Isabella Nilsson,Corporate,Germany,Europe,Furniture,Mesh Back Task Chair,4,250.2,5,950.76,13.7,336.58,PayPal,2025,5,May,Q2,35.401152762000926,1.440952501156969,2025-05
ORD-11389,2025-05-08,Fatima Yamamoto,Consumer,Brazil,South America,Office Supplies,Desk Calendar 2025,7,17.16,0,120.12,18.68,47.39,PayPal,2025,5,May,Q2,39.45221445221445,15.551115551115549,2025-05
ORD-11495,2025-05-08,Joseph Schmidt,Home Office,India,Asia Pacific,Office Supplies,Tape Dispenser Heavy Duty,3,18.94,5,53.98,14.46,13.95,Credit Card,2025,5,May,Q2,25.842904779547982,26.787699147832534,2025-05
ORD-11913,2025-05-08,Richard Williams,Consumer,China,Asia Pacific,Technology,Noise Cancelling Earbuds,2,45.23,10,81.41,12.87,18.79,PayPal,2025,5,May,Q2,23.08070261638619,15.808868689350202,2025-05
ORD-10002,2025-05-09,Patricia Leroy,Consumer,South Korea,Asia Pacific,Technology,Tablet Stand Holder,7,26.13,15,155.47,14.74,40.13,PayPal,2025,5,May,Q2,25.81205377243198,9.48092879655239,2025-05
ORD-10324,2025-05-09,Nadia Rodriguez,Consumer,Mexico,North America,Clothing & Accessories,Travel Backpack 30L,3,37.7,10,101.79,6.73,38.51,Bank Transfer,2025,5,May,Q2,37.832793005206796,6.611651439237646,2025-05
ORD-10849,2025-05-09,Zara Miller,Consumer,Argentina,South America,Clothing & Accessories,Wool Blend Scarf,2,26.13,0,52.26,14.83,11.3,PayPal,2025,5,May,Q2,21.62265595101416,28.37734404898584,2025-05
ORD-10039,2025-05-10,Oscar Ali,Corporate,Germany,Europe,Furniture,Folding Table Portable,1,125.15,20,100.12,8.65,16.38,PayPal,2025,5,May,Q2,16.360367558929283,8.639632441070715,2025-05
ORD-10158,2025-05-10,David Fischer,Consumer,Germany,Europe,Furniture,Mesh Back Task Chair,8,184.19,5,1399.84,12.28,503.45,Cash on Delivery,2025,5,May,Q2,35.9648245513773,0.8772431134986856,2025-05
ORD-10267,2025-05-11,Barbara White,Consumer,India,Asia Pacific,Office Supplies,Whiteboard Markers Set 8,3,11.95,5,34.06,11.21,6.72,Credit Card,2025,5,May,Q2,19.72988843217851,32.91250733998826,2025-05
ORD-11873,2025-05-11,Susan Garcia,Corporate,Argentina,South America,Office Supplies,Whiteboard Markers Set 8,1,6.93,10,6.24,12.29,-9.17,PayPal,2025,5,May,Q2,-146.9551282051282,196.9551282051282,2025-05
ORD-10692,2025-05-12,Sakura Davis,Consumer,Canada,North America,Office Supplies,Premium Notebook Set A5,1,10.73,5,10.19,6.83,-1.47,Credit Card,2025,5,May,Q2,-14.425907752698725,67.02649656526006,2025-05
ORD-11014,2025-05-12,Thomas Costa,Corporate,Canada,North America,Clothing & Accessories,Leather Wallet Minimalist,2,51.67,10,93.01,7.45,33.89,Credit Card,2025,5,May,Q2,36.43694226427266,8.009891409525856,2025-05
ORD-11563,2025-05-12,Oscar Martin,Consumer,Spain,Europe,Technology,Wireless Ergonomic Mouse,1,38.97,0,38.97,8.55,8.99,Credit Card,2025,5,May,Q2,23.069027457018223,21.939953810623557,2025-05
ORD-10764,2025-05-13,Susan Leroy,Consumer,Japan,Asia Pacific,Office Supplies,Binder Clips Assorted 48pc,2,8.5,0,17.0,13.21,-3.86,PayPal,2025,5,May,Q2,-22.705882352941174,77.70588235294117,2025-05
ORD-11386,2025-05-13,David Smith,Corporate,United States,North America,Clothing & Accessories,Business Casual Blazer,1,79.18,15,67.3,6.58,21.13,Cash on Delivery,2025,5,May,Q2,31.39673105497771,9.777117384843983,2025-05
ORD-11397,2025-05-13,Thomas Zhang,Home Office,Japan,Asia Pacific,Clothing & Accessories,Wool Blend Scarf,4,40.98,10,147.53,16.39,49.18,Bank Transfer,2025,5,May,Q2,33.33559276079441,11.109604826137057,2025-05
ORD-11538,2025-05-13,Pierre Fischer,Consumer,Germany,Europe,Clothing & Accessories,Polarized Sunglasses,2,43.41,0,86.82,8.71,34.7,Credit Card,2025,5,May,Q2,39.967749366505416,10.032250633494588,2025-05
ORD-11978,2025-05-13,Ingrid Davis,Corporate,Colombia,South America,Technology,Smart LED Desk Lamp,1,38.1,5,36.2,11.13,4.12,PayPal,2025,5,May,Q2,11.38121546961326,30.74585635359116,2025-05
ORD-11989,2025-05-13,Fatima Davis,Consumer,Saudi Arabia,Middle East & Africa,Clothing & Accessories,Silk Tie Collection,4,14.92,5,56.7,15.14,11.72,Credit Card,2025,5,May,Q2,20.670194003527335,26.70194003527337,2025-05
ORD-11459,2025-05-14,Lucas Brown,Consumer,South Africa,Middle East & Africa,Furniture,Bookshelf 5-Tier,2,122.78,15,208.73,15.69,45.7,Credit Card,2025,5,May,Q2,21.894313227614624,7.5168878455420876,2025-05
ORD-10789,2025-05-15,Jamal Hassan,Consumer,Australia,Asia Pacific,Furniture,Standing Desk Converter,8,323.26,10,2327.47,15.77,760.05,PayPal,2025,5,May,Q2,32.65563036258255,0.6775597537240008,2025-05
ORD-11076,2025-05-15,Jamal Pereira,Corporate,Japan,Asia Pacific,Office Supplies,Stapler Full-Size,9,18.45,15,141.14,31.4,35.02,Credit Card,2025,5,May,Q2,24.812243162817065,22.247413915261443,2025-05
ORD-11611,2025-05-15,Olga Kim,Corporate,Argentina,South America,Office Supplies,Highlighters Neon Pack 6,2,5.41,10,9.74,11.11,-6.24,Credit Card,2025,5,May,Q2,-64.06570841889118,114.06570841889116,2025-05
ORD-10470,2025-05-16,Hans Khan,Consumer,Mexico,North America,Technology,Laptop Stand Adjustable,2,45.5,5,86.45,9.32,27.08,PayPal,2025,5,May,Q2,31.324465008675535,10.780798149219201,2025-05
ORD-11729,2025-05-16,Oscar Miller,Home Office,South Africa,Middle East & Africa,Technology,Wireless Bluetooth Headphones,6,105.75,0,634.5,19.06,266.46,Cash on Delivery,2025,5,May,Q2,41.99527186761229,3.003940110323089,2025-05
ORD-11916,2025-05-16,Barbara Weber,Corporate,Nigeria,Middle East & Africa,Furniture,Floating Wall Shelves Set,2,39.94,5,75.89,15.43,12.53,PayPal,2025,5,May,Q2,16.510739227829752,20.332059559889313,2025-05
ORD-10328,2025-05-17,Ivan Sharma,Corporate,Mexico,North America,Office Supplies,Stapler Full-Size,4,10.58,15,35.97,10.31,6.62,Bank Transfer,2025,5,May,Q2,18.404225743675287,28.66277453433417,2025-05
ORD-10583,2025-05-17,Christopher Ahmed,Corporate,United States,North America,Clothing & Accessories,Sports Water Bottle 750ml,1,17.94,10,16.15,7.16,0.02,Credit Card,2025,5,May,Q2,0.12383900928792571,44.3343653250774,2025-05
ORD-10482,2025-05-18,Hanna Nilsson,Consumer,Mexico,North America,Office Supplies,Binder Clips Assorted 48pc,3,6.54,0,19.62,7.75,3.04,PayPal,2025,5,May,Q2,15.494393476044852,39.50050968399592,2025-05
ORD-10685,2025-05-18,William Zhang,Consumer,Brazil,South America,Office Supplies,Desk Calendar 2025,3,12.72,25,28.62,16.83,-5.38,PayPal,2025,5,May,Q2,-18.798043326345212,58.805031446540866,2025-05
ORD-10946,2025-05-18,Liam White,Corporate,United States,North America,Clothing & Accessories,Silk Tie Collection,1,47.58,10,42.82,5.77,13.26,Cash on Delivery,2025,5,May,Q2,30.966837926202707,13.475011676786547,2025-05
ORD-11954,2025-05-18,Kenji Yamamoto,Consumer,Japan,Asia Pacific,Office Supplies,Ballpoint Pen Pack 12,2,12.85,0,25.7,13.38,0.75,Cash on Delivery,2025,5,May,Q2,2.9182879377431905,52.06225680933853,2025-05
ORD-10492,2025-05-20,Ingrid Clark,Consumer,United States,North America,Office Supplies,Ballpoint Pen Pack 12,5,6.01,15,25.54,7.93,4.09,Credit Card,2025,5,May,Q2,16.01409553641347,31.049334377447142,2025-05
ORD-10851,2025-05-20,Emma Martin,Corporate,Italy,Europe,Furniture,Ergonomic Office Chair,5,243.91,5,1158.57,17.69,409.15,Credit Card,2025,5,May,Q2,35.315086701709866,1.5268822772901078,2025-05
ORD-11521,2025-05-20,Michael Miller,Corporate,South Africa,Middle East & Africa,Office Supplies,Sticky Notes Multicolor 6-Pack,7,7.22,10,45.49,24.79,-2.04,PayPal,2025,5,May,Q2,-4.4845020883710704,54.49549351505824,2025-05
ORD-11571,2025-05-20,Olivia Clark,Corporate,UAE,Middle East & Africa,Furniture,Monitor Riser Wood,1,46.37,0,46.37,12.69,5.86,Bank Transfer,2025,5,May,Q2,12.637481130040976,27.366832003450508,2025-05
ORD-11528,2025-05-21,Noah Nilsson,Consumer,United States,North America,Furniture,Bookshelf 5-Tier,2,133.23,5,253.14,6.33,86.93,Bank Transfer,2025,5,May,Q2,34.34068104606147,2.5005925574780754,2025-05
ORD-10122,2025-05-22,William Khan,Corporate,Spain,Europe,Technology,Wireless Ergonomic Mouse,1,37.58,20,30.06,8.21,1.18,Cash on Delivery,2025,5,May,Q2,3.925482368596141,27.312042581503665,2025-05
ORD-10612,2025-05-22,Ingrid Romano,Consumer,France,Europe,Furniture,Mesh Back Task Chair,5,175.88,5,835.43,13.32,294.47,Credit Card,2025,5,May,Q2,35.24771674467041,1.5943885184874858,2025-05
ORD-10163,2025-05-24,Priya Brown,Corporate,China,Asia Pacific,Office Supplies,Premium Notebook Set A5,9,24.53,15,187.65,27.64,60.66,Credit Card,2025,5,May,Q2,32.326139088729015,14.72954969357847,2025-05
ORD-10406,2025-05-24,Barbara Fischer,Corporate,India,Asia Pacific,Office Supplies,Whiteboard Markers Set 8,3,10.15,15,25.88,16.06,-3.88,PayPal,2025,5,May,Q2,-14.992272024729521,62.05564142194745,2025-05
ORD-10507,2025-05-26,Patricia Kim,Home Office,United Kingdom,Europe,Furniture,Desk Organizer Set,1,33.54,0,33.54,7.97,5.45,Credit Card,2025,5,May,Q2,16.249254621347646,23.76267143709004,2025-05
ORD-11235,2025-05-27,Ayumi Zhang,Consumer,South Korea,Asia Pacific,Furniture,Standing Desk Converter,4,213.39,5,810.88,18.51,280.23,Credit Card,2025,5,May,Q2,34.55875098658248,2.2827052091554854,2025-05
ORD-10194,2025-05-29,Patricia Zhang,Corporate,Mexico,North America,Furniture,Filing Cabinet 3-Drawer,5,114.98,20,459.92,8.13,106.85,Credit Card,2025,5,May,Q2,23.23230126978605,1.7676987302139502,2025-05
ORD-10206,2025-05-29,Ava Oliveira,Consumer,Germany,Europe,Clothing & Accessories,Leather Wallet Minimalist,6,28.43,5,162.05,16.94,59.82,PayPal,2025,5,May,Q2,36.914532551681575,10.453563714902808,2025-05
ORD-10209,2025-05-29,Michael Yamamoto,Corporate,China,Asia Pacific,Office Supplies,Ballpoint Pen Pack 12,3,5.01,0,15.03,11.86,-3.59,PayPal,2025,5,May,Q2,-23.885562208915502,78.9088489687292,2025-05
ORD-10762,2025-05-29,Ava Yamamoto,Consumer,Canada,North America,Office Supplies,Whiteboard Markers Set 8,1,9.93,5,9.43,5.79,-0.83,Credit Card,2025,5,May,Q2,-8.8016967126193,61.39978791092259,2025-05
ORD-10390,2025-05-30,Layla Chen,Corporate,Germany,Europe,Clothing & Accessories,Leather Belt Classic,3,41.25,5,117.56,8.91,46.78,PayPal,2025,5,May,Q2,39.79244641034366,7.5791085403198375,2025-05
ORD-10534,2025-05-30,Thomas Weber,Home Office,South Africa,Middle East & Africa,Technology,Portable External SSD 1TB,5,115.16,5,547.01,16.63,213.69,Cash on Delivery,2025,5,May,Q2,39.06509935832983,3.0401637995649073,2025-05
ORD-11645,2025-05-30,Wei Harris,Corporate,South Korea,Asia Pacific,Furniture,Desk Organizer Set,9,54.27,5,464.01,21.91,149.04,PayPal,2025,5,May,Q2,32.119997413848836,4.721880993944096,2025-05
ORD-11536,2025-05-31,Linda Wang,Consumer,France,Europe,Technology,Portable External SSD 1TB,1,100.53,10,90.48,9.22,25.97,Bank Transfer,2025,5,May,Q2,28.7024756852343,10.190097259062776,2025-05
ORD-11725,2025-05-31,Maria Yamamoto,Consumer,South Korea,Asia Pacific,Technology,Wireless Ergonomic Mouse,6,37.44,5,213.41,15.54,74.32,Credit Card,2025,5,May,Q2,34.82498477109788,7.28175811817628,2025-05
ORD-10181,2025-06-01,Lucas Kim,Consumer,United States,North America,Furniture,Floating Wall Shelves Set,1,65.87,0,65.87,6.61,19.74,PayPal,2025,6,Jun,Q2,29.96811902231668,10.034917261272202,2025-06
ORD-10423,2025-06-01,Amina Tanaka,Consumer,Mexico,North America,Office Supplies,Binder Clips Assorted 48pc,2,11.24,10,20.23,6.69,3.42,PayPal,2025,6,Jun,Q2,16.90558576371725,33.069698467622345,2025-06
ORD-10784,2025-06-01,Christopher Hassan,Consumer,Mexico,North America,Furniture,Standing Desk Converter,9,148.46,10,1202.53,26.88,373.97,Cash on Delivery,2025,6,Jun,Q2,31.098600450716408,2.235287269340474,2025-06
ORD-11616,2025-06-02,Sarah Hassan,Corporate,Mexico,North America,Office Supplies,Highlighters Neon Pack 6,2,10.07,15,17.12,6.12,1.94,Credit Card,2025,6,Jun,Q2,11.331775700934578,35.74766355140187,2025-06
ORD-10597,2025-06-03,Thomas Brown,Home Office,France,Europe,Technology,Wireless Bluetooth Headphones,2,159.65,5,303.33,8.38,119.33,Bank Transfer,2025,6,Jun,Q2,39.33999274717305,2.762667721623315,2025-06
ORD-10974,2025-06-03,Chen Rossi,Home Office,Canada,North America,Office Supplies,Premium Notebook Set A5,1,11.67,10,10.5,6.16,-0.91,Credit Card,2025,6,Jun,Q2,-8.666666666666668,58.666666666666664,2025-06
ORD-11013,2025-06-03,Nadia Martin,Home Office,United Kingdom,Europe,Clothing & Accessories,Leather Belt Classic,2,16.7,15,28.39,11.41,0.28,Cash on Delivery,2025,6,Jun,Q2,0.9862627685804861,40.1902078196548,2025-06
ORD-11486,2025-06-03,Sakura Davis,Corporate,United States,North America,Furniture,Ergonomic Office Chair,5,408.13,15,1734.55,8.12,502.04,Credit Card,2025,6,Jun,Q2,28.94353002219596,0.4681329451442737,2025-06
ORD-10622,2025-06-04,Nadia Pereira,Consumer,South Africa,Middle East & Africa,Clothing & Accessories,Leather Wallet Minimalist,3,22.94,5,65.38,13.72,17.25,Bank Transfer,2025,6,Jun,Q2,26.3842153563781,20.985010706638118,2025-06
ORD-11736,2025-06-04,Richard Rossi,Consumer,Canada,North America,Furniture,Filing Cabinet 3-Drawer,6,112.24,10,606.1,15.24,186.8,PayPal,2025,6,Jun,Q2,30.819996700214485,2.5144365616234943,2025-06
ORD-11844,2025-06-05,Linda Johnson,Consumer,India,Asia Pacific,Furniture,Mesh Back Task Chair,2,133.72,5,254.07,13.55,80.06,Cash on Delivery,2025,6,Jun,Q2,31.511000905262332,5.333175896406503,2025-06
ORD-11985,2025-06-05,Richard Leroy,Corporate,Japan,Asia Pacific,Technology,Mechanical Gaming Keyboard,4,132.14,25,396.42,16.65,89.06,PayPal,2025,6,Jun,Q2,22.46607133847939,4.20009081277433,2025-06
ORD-10777,2025-06-06,Carlos Ferrari,Consumer,South Korea,Asia Pacific,Technology,Wireless Bluetooth Headphones,10,177.5,0,1775.0,15.06,783.69,Credit Card,2025,6,Jun,Q2,44.15154929577465,0.8484507042253521,2025-06
ORD-11116,2025-06-06,Mia Brown,Consumer,Colombia,South America,Technology,Portable External SSD 1TB,3,91.93,5,262.0,17.1,93.22,Cash on Delivery,2025,6,Jun,Q2,35.58015267175573,6.526717557251908,2025-06
ORD-10270,2025-06-07,Ahmed Weber,Corporate,China,Asia Pacific,Office Supplies,Binder Clips Assorted 48pc,3,9.72,0,29.16,13.7,2.34,Bank Transfer,2025,6,Jun,Q2,8.024691358024691,46.982167352537715,2025-06
ORD-11392,2025-06-07,Diego Li,Consumer,United Kingdom,Europe,Technology,Laptop Stand Adjustable,1,52.67,5,50.04,8.6,12.47,Credit Card,2025,6,Jun,Q2,24.92006394884093,17.186250999200638,2025-06
ORD-11662,2025-06-07,Jennifer Thompson,Corporate,Mexico,North America,Office Supplies,Paper Clips Box 500pc,1,3.44,25,2.58,6.69,-5.66,Credit Card,2025,6,Jun,Q2,-219.3798449612403,259.3023255813954,2025-06
ORD-11722,2025-06-07,Michael Yamamoto,Consumer,Germany,Europe,Clothing & Accessories,Wool Blend Scarf,5,16.98,15,72.17,10.38,19.34,PayPal,2025,6,Jun,Q2,26.797838437023692,14.382707496189553,2025-06
ORD-11050,2025-06-08,Christopher Khan,Home Office,United Kingdom,Europe,Office Supplies,Binder Clips Assorted 48pc,4,6.96,15,23.66,14.15,-3.02,Credit Card,2025,6,Jun,Q2,-12.764158918005073,59.80557903634826,2025-06
ORD-11800,2025-06-08,Ethan Jones,Consumer,South Africa,Middle East & Africa,Clothing & Accessories,Leather Belt Classic,2,49.74,0,99.48,14.2,35.54,Credit Card,2025,6,Jun,Q2,35.72577402492963,14.274225975070365,2025-06
ORD-10304,2025-06-10,Li Pereira,Corporate,Saudi Arabia,Middle East & Africa,Office Supplies,Ballpoint Pen Pack 12,1,14.71,10,13.24,12.16,-5.54,Credit Card,2025,6,Jun,Q2,-41.842900302114806,91.8429003021148,2025-06
ORD-10428,2025-06-10,Felix Patel,Consumer,Italy,Europe,Furniture,Bookshelf 5-Tier,1,126.48,5,120.16,9.35,34.92,Bank Transfer,2025,6,Jun,Q2,29.061251664447408,7.781291611185087,2025-06
ORD-11134,2025-06-10,Noah Chen,Consumer,Canada,North America,Furniture,Floating Wall Shelves Set,2,81.06,10,145.91,9.58,39.06,PayPal,2025,6,Jun,Q2,26.769926667123574,6.565691179494208,2025-06
ORD-11313,2025-06-11,Clara Moreau,Corporate,United States,North America,Technology,Portable External SSD 1TB,1,95.57,30,66.9,6.55,7.79,PayPal,2025,6,Jun,Q2,11.644245142002989,9.790732436472346,2025-06
ORD-11243,2025-06-12,Isabella Russo,Corporate,Germany,Europe,Furniture,Bookshelf 5-Tier,1,177.19,10,159.47,7.89,45.27,Cash on Delivery,2025,6,Jun,Q2,28.387784536276417,4.947639054367593,2025-06
ORD-11097,2025-06-14,Ivan Patel,Home Office,Australia,Asia Pacific,Furniture,Standing Desk Converter,1,134.93,15,114.69,11.49,22.24,Credit Card,2025,6,Jun,Q2,19.391402912198096,10.018310227569973,2025-06
ORD-11105,2025-06-14,Diego Suzuki,Corporate,Brazil,South America,Technology,Mechanical Gaming Keyboard,8,84.99,5,645.92,16.53,255.43,Credit Card,2025,6,Jun,Q2,39.545144909586334,2.5591404508298243,2025-06
ORD-11878,2025-06-14,Sophie Chen,Corporate,Canada,North America,Furniture,Floating Wall Shelves Set,2,89.6,5,170.24,9.88,52.84,Bank Transfer,2025,6,Jun,Q2,31.038533834586467,5.803571428571429,2025-06
ORD-10357,2025-06-16,Robert Taylor,Home Office,United States,North America,Office Supplies,Sticky Notes Multicolor 6-Pack,1,4.99,0,4.99,6.34,-3.6,Bank Transfer,2025,6,Jun,Q2,-72.1442885771543,127.05410821643287,2025-06
ORD-11377,2025-06-16,Giulia Müller,Corporate,Japan,Asia Pacific,Technology,Wireless Ergonomic Mouse,2,24.99,5,47.48,10.52,9.47,PayPal,2025,6,Jun,Q2,19.9452401010952,22.15669755686605,2025-06
ORD-10617,2025-06-17,Yuki Suzuki,Corporate,China,Asia Pacific,Furniture,Floating Wall Shelves Set,1,32.11,20,25.69,10.11,-3.69,Bank Transfer,2025,6,Jun,Q2,-14.363565589723626,39.35383417672246,2025-06
ORD-10797,2025-06-18,Amina Taylor,Home Office,South Africa,Middle East & Africa,Clothing & Accessories,Travel Backpack 30L,1,39.86,0,39.86,11.78,8.15,Bank Transfer,2025,6,Jun,Q2,20.44656297039639,29.553437029603614,2025-06
ORD-10886,2025-06-18,Ava Clark,Consumer,United Kingdom,Europe,Clothing & Accessories,Leather Wallet Minimalist,4,44.68,10,160.85,12.79,58.7,Credit Card,2025,6,Jun,Q2,36.49362760335717,7.951507615791109,2025-06
ORD-11185,2025-06-18,William Garcia,Corporate,United Kingdom,Europe,Office Supplies,Tape Dispenser Heavy Duty,1,19.01,15,16.16,9.44,-1.83,Credit Card,2025,6,Jun,Q2,-11.324257425742575,58.415841584158414,2025-06
ORD-11382,2025-06-18,Ivan Santos,Corporate,Canada,North America,Furniture,Ergonomic Office Chair,7,422.4,30,2069.76,15.51,280.17,PayPal,2025,6,Jun,Q2,13.536352040816327,0.7493622448979591,2025-06
ORD-10870,2025-06-19,Emma Jones,Home Office,Mexico,North America,Furniture,Corner L-Shaped Desk,3,227.94,0,683.82,9.86,263.67,Credit Card,2025,6,Jun,Q2,38.55839255944547,1.4418999151823577,2025-06
ORD-10535,2025-06-20,Liam Zhang,Home Office,China,Asia Pacific,Technology,USB-C Hub Multiport Adapter,1,22.46,5,21.34,9.83,-0.84,PayPal,2025,6,Jun,Q2,-3.936269915651359,46.06373008434864,2025-06
ORD-10570,2025-06-20,Felix Pereira,Consumer,Italy,Europe,Office Supplies,Highlighters Neon Pack 6,2,11.32,0,22.64,10.02,2.43,PayPal,2025,6,Jun,Q2,10.73321554770318,44.25795053003533,2025-06
ORD-11320,2025-06-20,Sophie Chen,Home Office,Spain,Europe,Furniture,Floating Wall Shelves Set,2,56.68,15,96.36,8.36,19.98,Credit Card,2025,6,Jun,Q2,20.734744707347446,8.67579908675799,2025-06
ORD-10735,2025-06-21,Ali Yamamoto,Consumer,China,Asia Pacific,Furniture,Folding Table Portable,2,125.68,10,226.22,12.02,63.38,Credit Card,2025,6,Jun,Q2,28.01697462646981,5.313411723101406,2025-06
ORD-10200,2025-06-22,Lucas Moreau,Home Office,Mexico,North America,Furniture,Mesh Back Task Chair,6,111.51,15,568.7,11.57,155.69,Cash on Delivery,2025,6,Jun,Q2,27.376472656936873,2.0344645683136977,2025-06
ORD-10776,2025-06-22,Karen Yamamoto,Corporate,United Kingdom,Europe,Technology,Laptop Stand Adjustable,2,27.7,25,41.55,8.78,2.3,Credit Card,2025,6,Jun,Q2,5.535499398315283,21.131167268351383,2025-06
ORD-11022,2025-06-22,Amina Anderson,Corporate,India,Asia Pacific,Office Supplies,Desk Calendar 2025,1,12.26,10,11.03,10.84,-5.33,Credit Card,2025,6,Jun,Q2,-48.32275611967362,98.27742520398913,2025-06
ORD-10033,2025-06-23,Olga Johansson,Corporate,Australia,Asia Pacific,Furniture,Filing Cabinet 3-Drawer,5,166.9,25,625.88,18.86,106.32,PayPal,2025,6,Jun,Q2,16.987281907074838,3.0133571930721543,2025-06
ORD-11875,2025-06-23,David Kumar,Consumer,Spain,Europe,Technology,Wireless Ergonomic Mouse,1,51.63,0,51.63,7.8,15.43,PayPal,2025,6,Jun,Q2,29.885725353476662,15.107495642068564,2025-06
ORD-11958,2025-06-23,Susan Harris,Consumer,France,Europe,Furniture,Bookshelf 5-Tier,1,144.89,10,130.4,8.09,35.38,Credit Card,2025,6,Jun,Q2,27.131901840490798,6.203987730061349,2025-06
ORD-10564,2025-06-24,Christopher Chen,Consumer,South Korea,Asia Pacific,Office Supplies,Binder Clips Assorted 48pc,7,13.53,0,94.71,20.02,32.07,Credit Card,2025,6,Jun,Q2,33.86126069052899,21.138211382113823,2025-06
ORD-10630,2025-06-24,Carlos Jackson,Corporate,Saudi Arabia,Middle East & Africa,Office Supplies,Tape Dispenser Heavy Duty,4,18.9,20,60.48,16.12,10.34,Credit Card,2025,6,Jun,Q2,17.096560846560845,26.653439153439155,2025-06
ORD-10639,2025-06-24,Hans Ferrari,Home Office,Germany,Europe,Office Supplies,Ballpoint Pen Pack 12,1,16.31,0,16.31,8.77,0.2,Credit Card,2025,6,Jun,Q2,1.2262415695892093,53.77069282648682,2025-06
ORD-11585,2025-06-24,Clara Martinez,Home Office,United States,North America,Clothing & Accessories,Polarized Sunglasses,2,70.84,15,120.43,7.08,42.51,PayPal,2025,6,Jun,Q2,35.29851365938719,5.878933820476625,2025-06
ORD-11963,2025-06-24,Sarah Rossi,Corporate,United Kingdom,Europe,Office Supplies,Whiteboard Markers Set 8,5,19.61,20,78.44,10.31,24.01,Cash on Delivery,2025,6,Jun,Q2,30.60938296787354,13.14380418154003,2025-06
ORD-10522,2025-06-25,Lucas Nilsson,Corporate,Germany,Europe,Furniture,Mesh Back Task Chair,8,284.78,5,2164.33,25.98,771.41,Bank Transfer,2025,6,Jun,Q2,35.64197696284763,1.2003714775473242,2025-06
ORD-11032,2025-06-25,Jamal Robinson,Corporate,Japan,Asia Pacific,Technology,Wireless Bluetooth Headphones,11,61.31,5,640.69,33.82,235.94,PayPal,2025,6,Jun,Q2,36.82592205278684,5.278683918899936,2025-06
ORD-11425,2025-06-25,Li Harris,Consumer,Mexico,North America,Technology,Tablet Stand Holder,3,22.6,10,61.02,6.51,17.22,Credit Card,2025,6,Jun,Q2,28.220255653883967,10.668633235004915,2025-06
ORD-11602,2025-06-25,Chen Martin,Consumer,Italy,Europe,Office Supplies,Whiteboard Markers Set 8,4,7.06,0,28.24,13.62,1.91,Cash on Delivery,2025,6,Jun,Q2,6.763456090651558,48.22946175637394,2025-06
ORD-11865,2025-06-25,Olga Yamamoto,Consumer,UAE,Middle East & Africa,Technology,Wireless Ergonomic Mouse,1,34.77,0,34.77,11.76,3.89,Credit Card,2025,6,Jun,Q2,11.187805579522577,33.822260569456425,2025-06
ORD-11907,2025-06-25,Nadia Thomas,Consumer,Japan,Asia Pacific,Clothing & Accessories,Leather Belt Classic,6,17.93,10,96.82,15.34,27.69,Credit Card,2025,6,Jun,Q2,28.59946292088412,15.843833918611857,2025-06
ORD-10232,2025-06-27,Elizabeth Johnson,Home Office,Mexico,North America,Clothing & Accessories,Cotton Formal Shirt,6,65.25,5,371.92,8.51,167.66,PayPal,2025,6,Jun,Q2,45.0795870079587,2.2881264788126474,2025-06
ORD-10829,2025-06-27,Jennifer Ferrari,Consumer,Mexico,North America,Technology,Laptop Stand Adjustable,2,38.03,5,72.26,9.29,21.14,PayPal,2025,6,Jun,Q2,29.255466371436476,12.856352061998338,2025-06
ORD-10914,2025-06-27,Patricia Jackson,Corporate,Spain,Europe,Clothing & Accessories,Leather Belt Classic,3,53.91,0,161.73,12.12,68.74,Credit Card,2025,6,Jun,Q2,42.50293699375503,7.493971433871267,2025-06
ORD-10656,2025-06-28,Emma Johnson,Corporate,South Africa,Middle East & Africa,Technology,Wireless Ergonomic Mouse,4,40.01,0,160.04,16.42,55.6,Cash on Delivery,2025,6,Jun,Q2,34.74131467133217,10.25993501624594,2025-06
ORD-11872,2025-06-28,Noah Tanaka,Consumer,China,Asia Pacific,Technology,Laptop Stand Adjustable,9,58.82,5,502.91,25.7,186.05,PayPal,2025,6,Jun,Q2,36.99469089896801,5.11025829671313,2025-06
ORD-10834,2025-06-30,Chen Khan,Corporate,United States,North America,Office Supplies,Binder Clips Assorted 48pc,2,8.98,10,16.16,9.66,-1.58,PayPal,2025,6,Jun,Q2,-9.777227722772277,59.777227722772274,2025-06
ORD-11775,2025-06-30,Ayumi Romano,Consumer,Mexico,North America,Furniture,Desk Organizer Set,3,29.12,0,87.36,11.41,23.53,Cash on Delivery,2025,6,Jun,Q2,26.934523809523814,13.060897435897436,2025-06
ORD-10479,2025-07-02,Joseph Clark,Consumer,China,Asia Pacific,Furniture,Desk Organizer Set,4,17.48,10,62.93,12.78,8.2,Cash on Delivery,2025,7,Jul,Q3,13.030351183855077,20.3082790402034,2025-07
ORD-10161,2025-07-03,Robert Harris,Consumer,United States,North America,Office Supplies,Premium Notebook Set A5,1,12.16,5,11.55,6.58,-0.5,Bank Transfer,2025,7,Jul,Q3,-4.329004329004329,56.96969696969697,2025-07
ORD-10596,2025-07-03,Elizabeth Park,Corporate,United Kingdom,Europe,Office Supplies,Ballpoint Pen Pack 12,8,17.67,10,127.22,25.24,38.37,PayPal,2025,7,Jul,Q3,30.160352145889007,19.839647854110986,2025-07
ORD-11574,2025-07-03,Emma Kim,Consumer,United Kingdom,Europe,Furniture,Folding Table Portable,1,94.65,10,85.19,8.91,19.49,Cash on Delivery,2025,7,Jul,Q3,22.878272097664045,10.458974057988026,2025-07
ORD-10859,2025-07-04,Ayumi White,Corporate,United States,North America,Furniture,Folding Table Portable,2,49.81,0,99.62,8.52,31.33,Credit Card,2025,7,Jul,Q3,31.449508130897406,8.552499498092752,2025-07
ORD-10285,2025-07-06,Amir Yamamoto,Home Office,Canada,North America,Technology,Wireless Ergonomic Mouse,1,42.35,5,40.23,6.81,10.13,Credit Card,2025,7,Jul,Q3,25.1802137708178,16.927665920954514,2025-07
ORD-10995,2025-07-06,Olivia Schmidt,Home Office,Italy,Europe,Clothing & Accessories,Sports Water Bottle 750ml,1,9.44,0,9.44,9.42,-4.7,PayPal,2025,7,Jul,Q3,-49.788135593220346,99.78813559322035,2025-07
ORD-11291,2025-07-06,Mary Laurent,Consumer,India,Asia Pacific,Technology,Tablet Stand Holder,4,16.22,25,48.66,16.63,-3.65,PayPal,2025,7,Jul,Q3,-7.501027538018907,34.17591450883683,2025-07
ORD-11983,2025-07-06,Clara Sharma,Consumer,South Africa,Middle East & Africa,Furniture,Floating Wall Shelves Set,6,75.93,5,432.8,17.42,142.03,PayPal,2025,7,Jul,Q3,32.81654343807763,4.024953789279113,2025-07
ORD-10553,2025-07-07,Hanna Fischer,Consumer,India,Asia Pacific,Office Supplies,Premium Notebook Set A5,5,10.74,5,51.02,15.88,10.97,PayPal,2025,7,Jul,Q3,21.501372010976088,31.125049000392004,2025-07
ORD-11640,2025-07-07,Christopher Chen,Consumer,Japan,Asia Pacific,Clothing & Accessories,Silk Tie Collection,3,13.01,0,39.03,14.95,4.57,PayPal,2025,7,Jul,Q3,11.708941839610556,38.30386881885728,2025-07
ORD-10101,2025-07-08,Elizabeth Taylor,Home Office,Australia,Asia Pacific,Office Supplies,Stapler Full-Size,12,15.36,5,175.1,38.3,53.86,Credit Card,2025,7,Jul,Q3,30.759565962307256,21.873215305539688,2025-07
ORD-11004,2025-07-08,Marco Ferrari,Consumer,Japan,Asia Pacific,Technology,Mechanical Gaming Keyboard,1,59.17,0,59.17,11.08,15.55,Credit Card,2025,7,Jul,Q3,26.280209565658275,18.72570559405104,2025-07
ORD-11114,2025-07-10,Sakura Kim,Consumer,Germany,Europe,Clothing & Accessories,Leather Belt Classic,2,40.96,0,81.92,8.07,32.89,Credit Card,2025,7,Jul,Q3,40.14892578125,9.85107421875,2025-07
ORD-11388,2025-07-12,Chen Ali,Corporate,Colombia,South America,Furniture,Folding Table Portable,1,117.46,10,105.71,11.69,23.54,PayPal,2025,7,Jul,Q3,22.2684703433923,11.058556427963296,2025-07
ORD-10526,2025-07-13,Thomas Oliveira,Corporate,France,Europe,Furniture,Bookshelf 5-Tier,4,96.5,20,308.8,15.4,61.8,Credit Card,2025,7,Jul,Q3,20.012953367875646,4.987046632124352,2025-07
ORD-10740,2025-07-13,William Martinez,Consumer,France,Europe,Clothing & Accessories,Sports Water Bottle 750ml,7,12.71,0,88.97,11.25,33.23,Cash on Delivery,2025,7,Jul,Q3,37.34966842755985,12.644711700573227,2025-07
ORD-11305,2025-07-13,Clara Martin,Consumer,United States,North America,Clothing & Accessories,Wool Blend Scarf,5,38.49,0,192.45,17.33,78.89,Cash on Delivery,2025,7,Jul,Q3,40.99246557547415,9.004936347103143,2025-07
ORD-11937,2025-07-13,Carlos Tanaka,Corporate,France,Europe,Furniture,Corner L-Shaped Desk,5,431.91,5,2051.57,9.75,746.09,Bank Transfer,2025,7,Jul,Q3,36.36678251290475,0.4752457873725975,2025-07
ORD-10959,2025-07-14,Ethan Thomas,Corporate,Nigeria,Middle East & Africa,Clothing & Accessories,Leather Wallet Minimalist,3,46.07,0,138.21,14.18,54.93,Bank Transfer,2025,7,Jul,Q3,39.743868026915564,10.259749656320091,2025-07
ORD-11527,2025-07-14,Elizabeth Santos,Consumer,Germany,Europe,Clothing & Accessories,Leather Wallet Minimalist,2,15.72,10,28.3,9.2,3.38,Cash on Delivery,2025,7,Jul,Q3,11.943462897526501,32.50883392226148,2025-07
ORD-10192,2025-07-15,Wei Laurent,Consumer,Italy,Europe,Furniture,Monitor Riser Wood,4,27.46,0,109.84,11.74,32.2,Credit Card,2025,7,Jul,Q3,29.31536780772032,10.688273852876911,2025-07
ORD-10465,2025-07-15,John Suzuki,Corporate,United Kingdom,Europe,Furniture,Standing Desk Converter,1,239.62,15,203.68,9.4,50.51,Credit Card,2025,7,Jul,Q3,24.798703849175176,4.615082482325216,2025-07
ORD-10782,2025-07-15,Christopher Park,Consumer,France,Europe,Furniture,Desk Organizer Set,2,59.54,5,113.13,9.46,32.22,Credit Card,2025,7,Jul,Q3,28.48050914876691,8.362061345354903,2025-07
ORD-11016,2025-07-15,Layla Jackson,Consumer,Spain,Europe,Furniture,Folding Table Portable,1,77.09,5,73.24,9.28,17.71,PayPal,2025,7,Jul,Q3,24.180775532495907,12.670671764063353,2025-07
ORD-11150,2025-07-16,Emma Sharma,Consumer,UAE,Middle East & Africa,Technology,Tablet Stand Holder,12,29.22,20,280.51,32.57,55.09,PayPal,2025,7,Jul,Q3,19.639228548001856,11.610994260454174,2025-07
ORD-11213,2025-07-16,David Nilsson,Consumer,Japan,Asia Pacific,Clothing & Accessories,Travel Backpack 30L,2,94.59,10,170.26,12.29,63.38,Cash on Delivery,2025,7,Jul,Q3,37.225419945965,7.2183719017972505,2025-07
ORD-11630,2025-07-16,Giulia Russo,Corporate,Japan,Asia Pacific,Office Supplies,Tape Dispenser Heavy Duty,2,22.61,20,36.18,11.67,4.16,PayPal,2025,7,Jul,Q3,11.498065229408514,32.25538971807628,2025-07
ORD-10089,2025-07-17,Li Suzuki,Consumer,Canada,North America,Furniture,Standing Desk Converter,2,178.14,0,356.28,9.81,132.7,PayPal,2025,7,Jul,Q3,37.24598630290782,2.753452340855507,2025-07
ORD-10598,2025-07-17,Ingrid Pereira,Corporate,Japan,Asia Pacific,Furniture,Mesh Back Task Chair,4,274.79,5,1044.2,18.5,366.2,Bank Transfer,2025,7,Jul,Q3,35.069909978931236,1.7716912468875694,2025-07
ORD-10094,2025-07-18,Patricia Garcia,Corporate,Canada,North America,Furniture,Desk Organizer Set,2,29.02,25,43.53,8.38,0.33,Cash on Delivery,2025,7,Jul,Q3,0.7580978635423846,19.251091201470253,2025-07
ORD-11072,2025-07-18,Oscar Chen,Corporate,Mexico,North America,Technology,Mechanical Gaming Keyboard,7,143.11,25,751.33,19.7,180.66,PayPal,2025,7,Jul,Q3,24.04535956237605,2.6220169565969678,2025-07
ORD-10603,2025-07-19,Noah Russo,Consumer,United Kingdom,Europe,Clothing & Accessories,Business Casual Blazer,8,94.55,10,680.76,22.09,280.47,PayPal,2025,7,Jul,Q3,41.19954168870087,3.2449027557435803,2025-07
ORD-10875,2025-07-19,Patricia Pereira,Corporate,Spain,Europe,Furniture,Corner L-Shaped Desk,4,367.48,10,1322.93,9.83,431.15,Credit Card,2025,7,Jul,Q3,32.59053767017151,0.7430476291262575,2025-07
ORD-11516,2025-07-19,Michael Ahmed,Consumer,Canada,North America,Furniture,Corner L-Shaped Desk,2,196.01,0,392.02,9.09,147.72,Credit Card,2025,7,Jul,Q3,37.681750931074944,2.318759246977195,2025-07
ORD-11854,2025-07-19,Richard Sharma,Consumer,Italy,Europe,Technology,USB-C Hub Multiport Adapter,1,44.78,10,40.3,8.85,6.82,Cash on Delivery,2025,7,Jul,Q3,16.923076923076923,21.96029776674938,2025-07
ORD-10205,2025-07-20,Clara Dubois,Corporate,India,Asia Pacific,Clothing & Accessories,Wool Blend Scarf,7,41.19,20,230.66,13.8,72.7,Cash on Delivery,2025,7,Jul,Q3,31.518251972600364,5.982831873753577,2025-07
ORD-10334,2025-07-20,Ethan Santos,Consumer,China,Asia Pacific,Clothing & Accessories,Travel Backpack 30L,1,30.37,5,28.85,10.62,3.05,PayPal,2025,7,Jul,Q3,10.571923743500864,36.81109185441941,2025-07
ORD-10895,2025-07-20,Mary Anderson,Consumer,Australia,Asia Pacific,Technology,Smart LED Desk Lamp,1,46.12,5,43.81,10.98,7.46,Credit Card,2025,7,Jul,Q3,17.028075781784977,25.062771056836336,2025-07
ORD-11012,2025-07-20,Diego Russo,Consumer,Colombia,South America,Furniture,Bookshelf 5-Tier,7,123.59,0,865.13,17.52,328.53,Bank Transfer,2025,7,Jul,Q3,37.974639649532435,2.0251291713384116,2025-07
ORD-11063,2025-07-21,Jamal Taylor,Consumer,United States,North America,Clothing & Accessories,Travel Backpack 30L,2,85.59,0,171.18,8.25,77.34,Credit Card,2025,7,Jul,Q3,45.180511742025935,4.819488257974062,2025-07
ORD-10036,2025-07-23,Xiao Brown,Corporate,Brazil,South America,Technology,Wireless Ergonomic Mouse,12,53.38,10,576.5,38.8,185.39,Cash on Delivery,2025,7,Jul,Q3,32.157849089332174,6.730268863833477,2025-07
ORD-10280,2025-07-23,Mia Santos,Consumer,Canada,North America,Technology,Smart LED Desk Lamp,3,59.5,5,169.57,11.82,59.57,Credit Card,2025,7,Jul,Q3,35.13003479389043,6.970572624874684,2025-07
ORD-11214,2025-07-23,Hanna Park,Corporate,South Africa,Middle East & Africa,Technology,Noise Cancelling Earbuds,3,87.29,10,235.68,14.8,76.85,Cash on Delivery,2025,7,Jul,Q3,32.60777325186693,6.27970128988459,2025-07
ORD-10065,2025-07-24,Raj Sato,Home Office,Brazil,South America,Office Supplies,Binder Clips Assorted 48pc,3,7.1,10,19.17,12.32,-2.73,Credit Card,2025,7,Jul,Q3,-14.241001564945224,64.26708398539384,2025-07
ORD-10934,2025-07-24,Clara Brown,Home Office,Germany,Europe,Office Supplies,Premium Notebook Set A5,1,21.92,10,19.73,8.01,1.86,Bank Transfer,2025,7,Jul,Q3,9.4272681196148,40.59807399898631,2025-07
ORD-11400,2025-07-24,Linda Hassan,Corporate,Australia,Asia Pacific,Furniture,Mesh Back Task Chair,1,279.65,10,251.68,9.76,74.13,Credit Card,2025,7,Jul,Q3,29.454068658614112,3.877940241576605,2025-07
ORD-10115,2025-07-25,Ali Harris,Consumer,Canada,North America,Technology,Wireless Ergonomic Mouse,1,49.84,5,47.35,5.98,13.96,Credit Card,2025,7,Jul,Q3,29.48257655755016,12.629355860612462,2025-07
ORD-11977,2025-07-25,Li Smith,Consumer,Japan,Asia Pacific,Furniture,Standing Desk Converter,1,271.05,10,243.95,10.25,71.07,Credit Card,2025,7,Jul,Q3,29.13301906128305,4.201680672268908,2025-07
ORD-10683,2025-07-26,Mia Wang,Corporate,Australia,Asia Pacific,Technology,Webcam HD 1080p,3,77.91,5,222.04,13.07,80.42,Cash on Delivery,2025,7,Jul,Q3,36.218699333453436,5.886326787966133,2025-07
ORD-10913,2025-07-26,Nadia Leroy,Corporate,United States,North America,Furniture,Filing Cabinet 3-Drawer,9,109.79,25,741.08,15.31,132.9,Credit Card,2025,7,Jul,Q3,17.93328655475792,2.065903816052248,2025-07
ORD-11241,2025-07-26,William Robinson,Consumer,South Korea,Asia Pacific,Clothing & Accessories,Business Casual Blazer,2,116.48,5,221.31,10.72,94.11,Cash on Delivery,2025,7,Jul,Q3,42.524061271519585,4.843884144412815,2025-07
ORD-11525,2025-07-26,Omar Russo,Corporate,Colombia,South America,Office Supplies,Highlighters Neon Pack 6,8,5.71,10,41.11,26.4,-5.85,PayPal,2025,7,Jul,Q3,-14.230114327414253,64.21795183653613,2025-07
ORD-11923,2025-07-26,Omar Park,Consumer,India,Asia Pacific,Clothing & Accessories,Wool Blend Scarf,1,56.01,25,42.01,11.23,2.77,Credit Card,2025,7,Jul,Q3,6.593668174244229,26.731730540347538,2025-07
ORD-10226,2025-07-27,Jennifer White,Home Office,France,Europe,Clothing & Accessories,Cotton Formal Shirt,3,49.04,10,132.41,10.87,47.98,PayPal,2025,7,Jul,Q3,36.235933841854845,8.20934974699796,2025-07
ORD-10477,2025-07-27,Jessica Johnson,Consumer,Germany,Europe,Clothing & Accessories,Leather Belt Classic,5,15.17,25,56.89,12.81,6.16,Bank Transfer,2025,7,Jul,Q3,10.827913517314116,22.517138337141855,2025-07
ORD-10746,2025-07-28,Ivan Laurent,Home Office,Germany,Europe,Furniture,Bookshelf 5-Tier,1,137.39,5,130.52,8.07,40.02,PayPal,2025,7,Jul,Q3,30.661967514557155,6.182960465828991,2025-07
ORD-11095,2025-07-29,Mia Harris,Consumer,South Korea,Asia Pacific,Furniture,Bookshelf 5-Tier,1,95.66,0,95.66,10.25,28.01,PayPal,2025,7,Jul,Q3,29.28078611749948,10.715032406439473,2025-07
ORD-11838,2025-07-29,Barbara Robinson,Consumer,Mexico,North America,Clothing & Accessories,Canvas Messenger Bag,8,45.61,20,291.9,10.2,99.26,Cash on Delivery,2025,7,Jul,Q3,34.00479616306955,3.494347379239465,2025-07
ORD-11118,2025-07-31,Mia Johnson,Consumer,Spain,Europe,Furniture,Desk Organizer Set,1,27.82,5,26.43,7.75,1.99,PayPal,2025,7,Jul,Q3,7.5293227393113895,29.322739311388574,2025-07
ORD-11439,2025-07-31,Maria Rodriguez,Consumer,United Kingdom,Europe,Clothing & Accessories,Travel Backpack 30L,3,107.11,5,305.26,11.77,132.82,Credit Card,2025,7,Jul,Q3,43.510450108104564,3.855729542029745,2025-07
ORD-10770,2025-08-01,Amir Thompson,Corporate,Colombia,South America,Technology,Webcam HD 1080p,5,81.71,20,326.84,22.16,79.98,PayPal,2025,8,Aug,Q3,24.470689022151515,6.780075878105496,2025-08
ORD-11176,2025-08-01,Carlos Thomas,Home Office,Canada,North America,Technology,Wireless Ergonomic Mouse,1,31.28,0,31.28,7.32,6.76,Credit Card,2025,8,Aug,Q3,21.611253196930942,23.40153452685422,2025-08
ORD-10310,2025-08-02,Michael Oliveira,Corporate,Colombia,South America,Office Supplies,Ballpoint Pen Pack 12,1,8.78,0,8.78,11.95,-7.12,PayPal,2025,8,Aug,Q3,-81.09339407744875,136.10478359908885,2025-08
ORD-10397,2025-08-02,Yuki Robinson,Consumer,South Africa,Middle East & Africa,Technology,Portable External SSD 1TB,1,115.18,5,109.42,11.78,34.29,Bank Transfer,2025,8,Aug,Q3,31.33796380917565,10.76585633339426,2025-08
ORD-11289,2025-08-03,Sophie Martin,Consumer,Canada,North America,Furniture,Standing Desk Converter,1,111.03,0,111.03,7.07,37.34,Credit Card,2025,8,Aug,Q3,33.630550301720255,6.367648383319824,2025-08
ORD-10627,2025-08-04,Oscar Müller,Consumer,United States,North America,Technology,Wireless Ergonomic Mouse,5,39.06,15,166.0,11.47,47.11,Credit Card,2025,8,Aug,Q3,28.379518072289155,6.909638554216868,2025-08
ORD-10410,2025-08-05,Karen Patel,Consumer,South Africa,Middle East & Africa,Office Supplies,Binder Clips Assorted 48pc,1,15.21,5,14.45,12.63,-5.02,PayPal,2025,8,Aug,Q3,-34.740484429065745,87.40484429065745,2025-08
ORD-11465,2025-08-05,Kenji Santos,Home Office,France,Europe,Office Supplies,Ballpoint Pen Pack 12,3,15.81,10,42.69,11.47,9.88,Bank Transfer,2025,8,Aug,Q3,23.14359334738815,26.868118997423284,2025-08
ORD-11264,2025-08-06,Sophie Sato,Consumer,Mexico,North America,Furniture,Floating Wall Shelves Set,3,41.55,5,118.42,7.02,36.61,PayPal,2025,8,Aug,Q3,30.91538591454146,5.928052693801722,2025-08
ORD-11619,2025-08-06,Emma Sato,Consumer,South Korea,Asia Pacific,Furniture,Desk Organizer Set,1,30.49,15,25.92,10.67,-3.04,Cash on Delivery,2025,8,Aug,Q3,-11.728395061728394,41.16512345679012,2025-08
ORD-10670,2025-08-07,Carlos Sharma,Corporate,Japan,Asia Pacific,Clothing & Accessories,Polarized Sunglasses,4,35.06,10,126.22,11.96,44.14,Credit Card,2025,8,Aug,Q3,34.97068610362859,9.475518935192522,2025-08
ORD-10118,2025-08-09,Noah Rodriguez,Consumer,Germany,Europe,Clothing & Accessories,Leather Wallet Minimalist,6,46.59,0,279.54,19.31,120.46,PayPal,2025,8,Aug,Q3,43.09222293768333,6.907777062316662,2025-08
ORD-11621,2025-08-09,Carlos Sharma,Consumer,United States,North America,Clothing & Accessories,Leather Wallet Minimalist,1,36.3,5,34.48,6.35,9.98,Credit Card,2025,8,Aug,Q3,28.944315545243622,18.41647331786543,2025-08
ORD-10985,2025-08-10,Ethan Wang,Corporate,Brazil,South America,Technology,Wireless Bluetooth Headphones,2,139.35,10,250.83,11.26,86.29,Cash on Delivery,2025,8,Aug,Q3,34.40178607024678,4.489096200613962,2025-08
ORD-11180,2025-08-10,Robert Thomas,Consumer,Spain,Europe,Clothing & Accessories,Travel Backpack 30L,4,39.23,20,125.54,10.84,36.24,Bank Transfer,2025,8,Aug,Q3,28.86729329297435,8.6346981041899,2025-08
ORD-10763,2025-08-11,Mary Khan,Corporate,China,Asia Pacific,Office Supplies,Whiteboard Markers Set 8,3,20.38,10,55.03,14.11,13.41,PayPal,2025,8,Aug,Q3,24.368526258404508,25.640559694711975,2025-08
ORD-11112,2025-08-13,Felix Leroy,Corporate,Spain,Europe,Clothing & Accessories,Sports Water Bottle 750ml,4,15.79,15,53.69,14.99,7.12,Bank Transfer,2025,8,Aug,Q3,13.26131495623021,27.919538089029615,2025-08
ORD-10369,2025-08-16,Wei Sharma,Consumer,UAE,Middle East & Africa,Clothing & Accessories,Business Casual Blazer,5,79.7,15,338.72,21.72,117.75,Bank Transfer,2025,8,Aug,Q3,34.763226263580535,6.412376003778932,2025-08
ORD-10800,2025-08-16,Kenji Williams,Home Office,Germany,Europe,Clothing & Accessories,Leather Wallet Minimalist,11,28.85,5,301.48,31.33,111.48,PayPal,2025,8,Aug,Q3,36.977577285392066,10.392065808677192,2025-08
ORD-11420,2025-08-16,Olga Yamamoto,Corporate,Germany,Europe,Technology,Portable External SSD 1TB,4,141.99,0,567.96,15.11,240.47,Bank Transfer,2025,8,Aug,Q3,42.33924924290442,2.6603986196211,2025-08
ORD-11366,2025-08-17,Ingrid Nilsson,Corporate,South Korea,Asia Pacific,Furniture,Floating Wall Shelves Set,6,70.12,10,378.65,13.58,112.64,Credit Card,2025,8,Aug,Q3,29.747788194902945,3.5864254588670277,2025-08
ORD-10393,2025-08-18,William Chen,Corporate,Mexico,North America,Office Supplies,Whiteboard Markers Set 8,2,8.94,10,16.09,6.66,1.38,Credit Card,2025,8,Aug,Q3,8.576755748912369,41.39216904909882,2025-08
ORD-11899,2025-08-20,Ivan Nilsson,Corporate,United Kingdom,Europe,Clothing & Accessories,Polarized Sunglasses,3,45.19,15,115.23,9.71,37.74,Credit Card,2025,8,Aug,Q3,32.75188752928925,8.42662501084787,2025-08
ORD-10028,2025-08-21,Ahmed Johansson,Corporate,United Kingdom,Europe,Technology,Wireless Ergonomic Mouse,6,37.48,20,179.9,12.68,43.54,PayPal,2025,8,Aug,Q3,24.202334630350194,7.048360200111173,2025-08
ORD-11669,2025-08-22,Amina Sharma,Consumer,Canada,North America,Office Supplies,Ballpoint Pen Pack 12,1,12.12,10,10.91,6.34,-0.88,Cash on Delivery,2025,8,Aug,Q3,-8.065994500458295,58.111824014665444,2025-08
ORD-10451,2025-08-23,Elizabeth Williams,Corporate,United Kingdom,Europe,Clothing & Accessories,Travel Backpack 30L,4,33.66,0,134.64,10.38,56.94,Credit Card,2025,8,Aug,Q3,42.29055258467023,7.709447415329769,2025-08
ORD-10221,2025-08-24,James Williams,Home Office,United States,North America,Furniture,Bookshelf 5-Tier,10,85.05,0,850.5,26.06,314.14,Bank Transfer,2025,8,Aug,Q3,36.93592004703115,3.0640799529688416,2025-08
ORD-11905,2025-08-24,Xiao Santos,Consumer,Colombia,South America,Technology,Wireless Bluetooth Headphones,5,175.98,0,879.9,21.15,374.8,Bank Transfer,2025,8,Aug,Q3,42.59574951699057,2.4036822366177972,2025-08
ORD-10781,2025-08-25,Ava Fischer,Corporate,Germany,Europe,Technology,Wireless Bluetooth Headphones,13,161.29,20,1677.42,27.16,497.04,Credit Card,2025,8,Aug,Q3,29.63121937260793,1.6191532234026065,2025-08
ORD-11354,2025-08-25,Olga Leroy,Corporate,UAE,Middle East & Africa,Furniture,Corner L-Shaped Desk,1,377.92,0,377.92,13.11,138.06,PayPal,2025,8,Aug,Q3,36.531541066892466,3.4689881456392886,2025-08
ORD-10287,2025-08-26,Hans Oliveira,Consumer,South Korea,Asia Pacific,Office Supplies,Whiteboard Markers Set 8,1,17.45,15,14.83,9.94,-2.96,Credit Card,2025,8,Aug,Q3,-19.959541469993255,67.02629804450439,2025-08
ORD-10164,2025-08-27,Hanna Sato,Consumer,Spain,Europe,Technology,Mechanical Gaming Keyboard,4,89.1,15,302.94,16.32,90.6,PayPal,2025,8,Aug,Q3,29.906912259853435,5.3872053872053876,2025-08
ORD-10739,2025-08-27,Amir Brown,Home Office,Italy,Europe,Technology,Mechanical Gaming Keyboard,9,162.84,10,1319.0,16.36,496.58,PayPal,2025,8,Aug,Q3,37.648218347232756,1.240333586050038,2025-08
ORD-10307,2025-08-28,Ali Kim,Home Office,United Kingdom,Europe,Technology,Mechanical Gaming Keyboard,2,67.73,15,115.14,10.18,30.46,Cash on Delivery,2025,8,Aug,Q3,26.45475073823172,8.841410456835156,2025-08
ORD-10610,2025-08-28,Emma Wang,Consumer,Australia,Asia Pacific,Technology,Smart LED Desk Lamp,5,56.91,10,256.09,13.57,86.02,Cash on Delivery,2025,8,Aug,Q3,33.58975360224921,5.298918349017924,2025-08
ORD-11971,2025-08-28,William Martin,Corporate,United States,North America,Clothing & Accessories,Leather Wallet Minimalist,1,20.71,10,18.64,7.24,1.04,Credit Card,2025,8,Aug,Q3,5.579399141630901,38.8412017167382,2025-08
ORD-10458,2025-08-29,Wei Thompson,Consumer,United States,North America,Furniture,Bookshelf 5-Tier,1,153.82,10,138.44,6.07,40.08,PayPal,2025,8,Aug,Q3,28.951170182028314,4.384570933256285,2025-08
ORD-11140,2025-08-29,Jennifer Robinson,Consumer,United Kingdom,Europe,Clothing & Accessories,Polarized Sunglasses,8,75.6,10,544.32,14.7,227.22,Credit Card,2025,8,Aug,Q3,41.74382716049382,2.7006172839506166,2025-08
ORD-10037,2025-08-30,Ivan Costa,Home Office,Germany,Europe,Furniture,Filing Cabinet 3-Drawer,2,222.78,15,378.73,9.94,101.45,Credit Card,2025,8,Aug,Q3,26.786893037256092,2.624561032925831,2025-08
ORD-11894,2025-08-31,Elizabeth Miller,Home Office,United States,North America,Furniture,Floating Wall Shelves Set,7,80.08,10,504.5,16.07,152.09,Credit Card,2025,8,Aug,Q3,30.146679881070366,3.1853320118929633,2025-08
ORD-10486,2025-09-01,Lucas Romano,Consumer,France,Europe,Clothing & Accessories,Cotton Formal Shirt,5,38.66,0,193.3,12.1,84.55,PayPal,2025,9,Sep,Q3,43.74030005173306,6.259699948266942,2025-09
ORD-10351,2025-09-02,Fatima Johnson,Consumer,France,Europe,Furniture,Floating Wall Shelves Set,3,95.44,0,286.32,14.19,100.34,PayPal,2025,9,Sep,Q3,35.04470522492317,4.9559932942162614,2025-09
ORD-10798,2025-09-02,Pierre Anderson,Corporate,China,Asia Pacific,Furniture,Monitor Riser Wood,10,61.71,10,555.39,27.35,157.78,Credit Card,2025,9,Sep,Q3,28.408865842020926,4.924467491312411,2025-09
ORD-10965,2025-09-02,Clara Robinson,Consumer,Italy,Europe,Furniture,Bookshelf 5-Tier,2,161.02,0,322.04,10.83,117.99,PayPal,2025,9,Sep,Q3,36.63830580052167,3.362936281207303,2025-09
ORD-11990,2025-09-02,Jennifer Clark,Corporate,Saudi Arabia,Middle East & Africa,Office Supplies,Stapler Full-Size,2,11.64,10,20.95,13.33,-2.86,Credit Card,2025,9,Sep,Q3,-13.651551312649165,63.62768496420048,2025-09
ORD-10986,2025-09-03,Robert Leroy,Consumer,India,Asia Pacific,Clothing & Accessories,Leather Belt Classic,2,17.55,20,28.08,11.1,-0.57,Credit Card,2025,9,Sep,Q3,-2.02991452991453,39.529914529914535,2025-09
ORD-11620,2025-09-03,Pierre Costa,Corporate,United States,North America,Technology,Smart LED Desk Lamp,1,62.48,15,53.11,5.86,12.89,Bank Transfer,2025,9,Sep,Q3,24.270382225569573,11.033703633967239,2025-09
ORD-10771,2025-09-05,Ayumi Singh,Consumer,Spain,Europe,Office Supplies,Paper Clips Box 500pc,5,5.25,0,26.25,12.14,2.3,Credit Card,2025,9,Sep,Q3,8.761904761904761,46.24761904761905,2025-09
ORD-11087,2025-09-05,Thomas Oliveira,Corporate,UAE,Middle East & Africa,Furniture,Standing Desk Converter,1,241.54,15,205.31,13.18,47.21,Credit Card,2025,9,Sep,Q3,22.994496127806734,6.419560664361209,2025-09
ORD-11075,2025-09-06,Nadia Ahmed,Consumer,Spain,Europe,Office Supplies,Stapler Full-Size,3,7.54,0,22.62,10.42,2.02,Credit Card,2025,9,Sep,Q3,8.930150309460654,46.06542882404951,2025-09
ORD-10053,2025-09-07,Diego Miller,Home Office,Australia,Asia Pacific,Furniture,Bookshelf 5-Tier,2,195.17,15,331.79,10.46,87.13,Credit Card,2025,9,Sep,Q3,26.260586515567073,3.1525965218963803,2025-09
ORD-11086,2025-09-07,Amina Nilsson,Consumer,Australia,Asia Pacific,Technology,USB-C Hub Multiport Adapter,4,37.45,5,142.31,17.43,42.49,Credit Card,2025,9,Sep,Q3,29.857353664535168,12.247909493359566,2025-09
ORD-10166,2025-09-08,Jennifer Pereira,Consumer,Saudi Arabia,Middle East & Africa,Technology,Webcam HD 1080p,8,48.19,0,385.52,18.04,155.44,Bank Transfer,2025,9,Sep,Q3,40.319568375181575,4.679394065158746,2025-09
ORD-10185,2025-09-08,Sarah Clark,Consumer,Brazil,South America,Furniture,Mesh Back Task Chair,2,293.43,10,528.17,12.96,163.09,PayPal,2025,9,Sep,Q3,30.87831569381071,2.4537554196565505,2025-09
ORD-10234,2025-09-08,Sophie Sharma,Consumer,Spain,Europe,Technology,Portable External SSD 1TB,2,94.47,10,170.05,11.19,54.94,Credit Card,2025,9,Sep,Q3,32.30814466333431,6.58041752425757,2025-09
ORD-10145,2025-09-09,Ali Wang,Consumer,India,Asia Pacific,Furniture,Monitor Riser Wood,3,40.83,5,116.37,15.87,27.01,Credit Card,2025,9,Sep,Q3,23.210449428546877,13.637535447280225,2025-09
ORD-10671,2025-09-09,Diego Sharma,Corporate,United Kingdom,Europe,Technology,Laptop Stand Adjustable,1,68.69,10,61.82,8.79,15.25,PayPal,2025,9,Sep,Q3,24.668392106114524,14.218699450016176,2025-09
ORD-11794,2025-09-09,Ali Miller,Consumer,India,Asia Pacific,Furniture,Ergonomic Office Chair,2,396.83,10,714.29,12.78,225.31,Bank Transfer,2025,9,Sep,Q3,31.543210740735557,1.7891892648644108,2025-09
ORD-10111,2025-09-11,Sakura Nilsson,Corporate,UAE,Middle East & Africa,Clothing & Accessories,Sports Water Bottle 750ml,4,28.55,10,102.78,14.0,31.68,Credit Card,2025,9,Sep,Q3,30.823117338003502,13.621327106440942,2025-09
ORD-10643,2025-09-11,Marco Tanaka,Consumer,Italy,Europe,Technology,USB-C Hub Multiport Adapter,1,52.17,20,41.74,7.51,5.54,Cash on Delivery,2025,9,Sep,Q3,13.27264015333014,17.992333493052225,2025-09
ORD-11831,2025-09-14,Raj Thompson,Consumer,Argentina,South America,Office Supplies,Sticky Notes Multicolor 6-Pack,2,14.53,15,24.7,12.13,-0.51,Bank Transfer,2025,9,Sep,Q3,-2.064777327935223,49.109311740890696,2025-09
ORD-10555,2025-09-15,Ahmed Russo,Consumer,Japan,Asia Pacific,Technology,Mechanical Gaming Keyboard,3,70.32,15,179.32,16.16,47.13,PayPal,2025,9,Sep,Q3,26.282623243363822,9.011822440330135,2025-09
ORD-11046,2025-09-15,Sophie White,Corporate,Spain,Europe,Office Supplies,Paper Clips Box 500pc,3,9.7,5,27.64,13.8,0.75,Credit Card,2025,9,Sep,Q3,2.7134587554269176,49.927641099855286,2025-09
ORD-11931,2025-09-15,Kenji Miller,Home Office,India,Asia Pacific,Office Supplies,Sticky Notes Multicolor 6-Pack,9,10.29,0,92.61,30.73,20.21,Cash on Delivery,2025,9,Sep,Q3,21.822697332901416,33.18216175359033,2025-09
ORD-10133,2025-09-16,Patricia Weber,Home Office,France,Europe,Technology,Smart LED Desk Lamp,1,39.87,0,39.87,8.38,9.56,PayPal,2025,9,Sep,Q3,23.97792826686732,21.01830950589416,2025-09
ORD-10282,2025-09-16,Patricia Pereira,Corporate,Saudi Arabia,Middle East & Africa,Clothing & Accessories,Cotton Formal Shirt,2,64.38,0,128.76,14.62,49.76,Credit Card,2025,9,Sep,Q3,38.64554209381796,11.354457906182045,2025-09
ORD-10290,2025-09-16,Isabella Smith,Corporate,Canada,North America,Clothing & Accessories,Leather Belt Classic,1,42.67,20,34.14,5.71,7.09,PayPal,2025,9,Sep,Q3,20.767428236672526,16.725248974809606,2025-09
ORD-10862,2025-09-16,Isabella Khan,Home Office,Canada,North America,Furniture,Standing Desk Converter,2,330.31,0,660.62,6.51,257.74,Credit Card,2025,9,Sep,Q3,39.01486482395325,0.9854379219521056,2025-09
ORD-11715,2025-09-16,Olga Weber,Consumer,South Korea,Asia Pacific,Clothing & Accessories,Business Casual Blazer,1,105.62,10,95.06,9.73,32.52,PayPal,2025,9,Sep,Q3,34.20997264885336,10.235640648011781,2025-09
ORD-11753,2025-09-16,Christopher Rodriguez,Consumer,Spain,Europe,Technology,Noise Cancelling Earbuds,2,195.6,5,371.64,8.2,148.28,PayPal,2025,9,Sep,Q3,39.89882682165537,2.206436336239371,2025-09
ORD-10047,2025-09-17,Karen Suzuki,Consumer,France,Europe,Furniture,Folding Table Portable,6,64.16,15,327.22,11.04,85.2,Cash on Delivery,2025,9,Sep,Q3,26.03752826844325,3.3738769023898287,2025-09
ORD-10235,2025-09-19,Robert Tanaka,Corporate,Spain,Europe,Furniture,Folding Table Portable,2,85.22,5,161.92,9.28,50.38,Credit Card,2025,9,Sep,Q3,31.11413043478261,5.7312252964426875,2025-09
ORD-10386,2025-09-19,Amir Dubois,Home Office,Canada,North America,Clothing & Accessories,Sports Water Bottle 750ml,1,9.94,20,7.95,6.62,-3.64,Bank Transfer,2025,9,Sep,Q3,-45.78616352201258,83.27044025157232,2025-09
ORD-10501,2025-09-19,Clara Hassan,Consumer,Australia,Asia Pacific,Furniture,Bookshelf 5-Tier,1,167.52,0,167.52,10.49,56.52,PayPal,2025,9,Sep,Q3,33.739255014326645,6.261938872970391,2025-09
ORD-10628,2025-09-19,Joseph Wang,Home Office,Italy,Europe,Furniture,Standing Desk Converter,1,237.11,20,189.69,7.78,39.64,Bank Transfer,2025,9,Sep,Q3,20.897253413464075,4.101428646739417,2025-09
ORD-11748,2025-09-19,Susan Laurent,Home Office,Colombia,South America,Office Supplies,Tape Dispenser Heavy Duty,6,20.04,10,108.22,13.93,40.18,PayPal,2025,9,Sep,Q3,37.128072445019406,12.871927554980594,2025-09
ORD-10536,2025-09-20,Joseph Weber,Consumer,Spain,Europe,Furniture,Standing Desk Converter,7,311.46,0,2180.22,11.81,860.28,Cash on Delivery,2025,9,Sep,Q3,39.4584032804029,0.5416884534588253,2025-09
ORD-10653,2025-09-22,Amir Ferrari,Corporate,Argentina,South America,Furniture,Desk Organizer Set,2,42.2,15,71.74,12.37,8.73,Credit Card,2025,9,Sep,Q3,12.168943406746587,17.24282129913577,2025-09
ORD-11721,2025-09-22,Elizabeth Zhang,Corporate,Canada,North America,Clothing & Accessories,Leather Wallet Minimalist,8,15.3,10,110.16,9.77,39.19,Cash on Delivery,2025,9,Sep,Q3,35.57552650689905,8.868917937545389,2025-09
ORD-10548,2025-09-23,Chen Chen,Consumer,South Korea,Asia Pacific,Furniture,Folding Table Portable,4,72.47,10,260.89,14.16,72.8,Credit Card,2025,9,Sep,Q3,27.90448081566944,5.42757483997087,2025-09
ORD-10940,2025-09-23,Robert Rodriguez,Consumer,Italy,Europe,Office Supplies,Tape Dispenser Heavy Duty,12,9.02,5,102.83,26.58,27.54,Cash on Delivery,2025,9,Sep,Q3,26.78206749003209,25.84848779539045,2025-09
ORD-11541,2025-09-23,Sarah Weber,Home Office,United States,North America,Furniture,Mesh Back Task Chair,6,118.21,15,602.87,11.16,166.15,Credit Card,2025,9,Sep,Q3,27.55983877121104,1.851145354719923,2025-09
ORD-10313,2025-09-24,Noah Fischer,Consumer,France,Europe,Office Supplies,Desk Calendar 2025,1,15.04,0,15.04,9.15,-0.88,Cash on Delivery,2025,9,Sep,Q3,-5.851063829787234,60.83776595744681,2025-09
ORD-10319,2025-09-24,Hans Laurent,Consumer,South Africa,Middle East & Africa,Office Supplies,Stapler Full-Size,7,7.09,5,47.15,17.72,7.1,PayPal,2025,9,Sep,Q3,15.058324496288442,37.582184517497346,2025-09
ORD-10269,2025-09-25,Chen Martinez,Consumer,Japan,Asia Pacific,Furniture,Bookshelf 5-Tier,1,103.88,5,98.69,9.92,26.44,Bank Transfer,2025,9,Sep,Q3,26.79096159691965,10.051676968284527,2025-09
ORD-10505,2025-09-25,Fatima Weber,Consumer,Italy,Europe,Office Supplies,Stapler Full-Size,4,15.78,10,56.81,13.58,14.83,PayPal,2025,9,Sep,Q3,26.104559056504133,23.904242210878365,2025-09
ORD-10960,2025-09-25,Olivia Ali,Home Office,Canada,North America,Office Supplies,Highlighters Neon Pack 6,4,10.63,5,40.39,11.15,10.11,Credit Card,2025,9,Sep,Q3,25.030948254518442,27.60584303045308,2025-09
ORD-11040,2025-09-25,Diego Ferrari,Corporate,Germany,Europe,Clothing & Accessories,Business Casual Blazer,1,78.87,25,59.15,8.91,10.8,PayPal,2025,9,Sep,Q3,18.258664412510566,15.063398140321219,2025-09
ORD-10552,2025-09-26,Zara Williams,Consumer,Spain,Europe,Technology,Wireless Bluetooth Headphones,2,153.3,5,291.27,8.25,114.39,Cash on Delivery,2025,9,Sep,Q3,39.2728396333299,2.832423524564837,2025-09
ORD-10689,2025-09-26,Layla Sharma,Corporate,Nigeria,Middle East & Africa,Technology,Wireless Bluetooth Headphones,2,171.18,10,308.12,12.02,107.8,Cash on Delivery,2025,9,Sep,Q3,34.98636894716344,3.9010775022718422,2025-09
ORD-10972,2025-09-26,Isabella White,Corporate,Japan,Asia Pacific,Office Supplies,Stapler Full-Size,3,11.89,25,26.75,12.8,-2.1,PayPal,2025,9,Sep,Q3,-7.850467289719626,47.85046728971963,2025-09
ORD-10170,2025-09-27,Fatima Li,Corporate,Mexico,North America,Technology,Noise Cancelling Earbuds,10,198.45,10,1786.05,26.78,667.79,Credit Card,2025,9,Sep,Q3,37.38921082836427,1.499398113154727,2025-09
ORD-11044,2025-09-27,Ingrid Wang,Corporate,United States,North America,Office Supplies,Premium Notebook Set A5,7,13.33,10,83.98,10.58,31.41,Credit Card,2025,9,Sep,Q3,37.40176232436294,12.598237675637055,2025-09
ORD-10850,2025-09-28,Ethan Chen,Consumer,Canada,North America,Office Supplies,Sticky Notes Multicolor 6-Pack,2,4.32,0,8.64,9.4,-4.65,PayPal,2025,9,Sep,Q3,-53.81944444444444,108.7962962962963,2025-09
ORD-11071,2025-09-28,Fatima Zhang,Consumer,India,Asia Pacific,Technology,Webcam HD 1080p,2,62.91,10,113.24,11.57,32.47,PayPal,2025,9,Sep,Q3,28.673613564111623,10.217237725185448,2025-09
ORD-10195,2025-09-29,Maria Ahmed,Consumer,France,Europe,Furniture,Desk Organizer Set,4,41.86,10,150.7,11.78,38.46,Bank Transfer,2025,9,Sep,Q3,25.520902455209026,7.816854678168547,2025-09
ORD-10204,2025-09-29,Sophie Martinez,Corporate,Nigeria,Middle East & Africa,Technology,Portable External SSD 1TB,2,116.5,0,233.0,15.18,89.67,Bank Transfer,2025,9,Sep,Q3,38.48497854077254,6.515021459227468,2025-09
ORD-10542,2025-09-29,Thomas Hassan,Corporate,Saudi Arabia,Middle East & Africa,Furniture,Mesh Back Task Chair,3,190.05,10,513.14,17.04,154.01,Bank Transfer,2025,9,Sep,Q3,30.013251744163384,3.320731184472074,2025-09
ORD-10368,2025-09-30,Yuki Miller,Consumer,Australia,Asia Pacific,Furniture,Folding Table Portable,2,63.03,10,113.45,10.28,27.53,Cash on Delivery,2025,9,Sep,Q3,24.266196562362275,9.061260467166152,2025-09
ORD-11945,2025-09-30,Sakura Rossi,Consumer,Germany,Europe,Clothing & Accessories,Travel Backpack 30L,4,55.18,20,176.58,14.34,51.88,Cash on Delivery,2025,9,Sep,Q3,29.380450787178614,8.120965001698947,2025-09
ORD-10179,2025-10-01,Emma Johnson,Corporate,Australia,Asia Pacific,Technology,Noise Cancelling Earbuds,2,190.58,15,323.99,12.64,101.71,Credit Card,2025,10,Oct,Q4,31.39294422667366,3.9013549800919782,2025-10
ORD-10299,2025-10-01,Michael Park,Home Office,India,Asia Pacific,Office Supplies,Tape Dispenser Heavy Duty,5,14.09,5,66.93,13.7,21.53,Credit Card,2025,10,Oct,Q4,32.16793665023158,20.469146869864034,2025-10
ORD-11130,2025-10-01,James Santos,Home Office,Australia,Asia Pacific,Technology,Tablet Stand Holder,6,26.66,0,159.96,19.35,52.63,Credit Card,2025,10,Oct,Q4,32.90197549387347,12.096774193548388,2025-10
ORD-11984,2025-10-01,Linda Khan,Consumer,UAE,Middle East & Africa,Technology,Portable External SSD 1TB,2,109.17,5,207.42,13.67,73.66,PayPal,2025,10,Oct,Q4,35.51248674187639,6.590492720084852,2025-10
ORD-11703,2025-10-02,Zara Oliveira,Home Office,France,Europe,Technology,USB-C Hub Multiport Adapter,10,34.31,10,308.79,21.64,98.44,PayPal,2025,10,Oct,Q4,31.87927070177143,7.007998963697011,2025-10
ORD-10918,2025-10-03,Richard Ali,Corporate,Mexico,North America,Office Supplies,Paper Clips Box 500pc,4,5.4,5,20.52,10.6,0.2,Credit Card,2025,10,Oct,Q4,0.9746588693957117,51.656920077972714,2025-10
ORD-11055,2025-10-03,David Williams,Consumer,United States,North America,Technology,Laptop Stand Adjustable,2,56.99,15,96.88,6.66,27.53,Credit Card,2025,10,Oct,Q4,28.416597853014043,6.874483897605285,2025-10
ORD-11567,2025-10-03,Mary Anderson,Consumer,Mexico,North America,Office Supplies,Desk Calendar 2025,2,18.13,5,34.45,9.51,8.62,Bank Transfer,2025,10,Oct,Q4,25.021770682148038,27.605224963715525,2025-10
ORD-10649,2025-10-04,Wei Zhang,Consumer,Germany,Europe,Technology,Laptop Stand Adjustable,2,67.56,5,128.36,9.15,44.89,PayPal,2025,10,Oct,Q4,34.971953879713304,7.128388906201308,2025-10
ORD-10238,2025-10-05,Ava Rossi,Corporate,China,Asia Pacific,Furniture,Bookshelf 5-Tier,1,128.66,5,122.23,9.94,35.09,PayPal,2025,10,Oct,Q4,28.70817311625624,8.132209768469279,2025-10
ORD-10719,2025-10-05,Sophie Tanaka,Consumer,Spain,Europe,Furniture,Filing Cabinet 3-Drawer,3,145.39,5,414.36,11.97,140.69,PayPal,2025,10,Oct,Q4,33.95356694661646,2.88879235447437,2025-10
ORD-10890,2025-10-05,Olga Garcia,Corporate,Mexico,North America,Furniture,Corner L-Shaped Desk,2,301.44,5,572.74,7.89,203.12,Credit Card,2025,10,Oct,Q4,35.46460872298076,1.3775884345427245,2025-10
ORD-11052,2025-10-05,Lucas Hassan,Consumer,United Kingdom,Europe,Furniture,Ergonomic Office Chair,4,333.64,5,1267.83,10.24,456.85,Bank Transfer,2025,10,Oct,Q4,36.03401086896509,0.8076792629926727,2025-10
ORD-11200,2025-10-05,Sakura Harris,Corporate,China,Asia Pacific,Technology,Smart LED Desk Lamp,15,57.2,0,858.0,28.7,357.4,Credit Card,2025,10,Oct,Q4,41.655011655011656,3.344988344988345,2025-10
ORD-11081,2025-10-07,Amir Williams,Consumer,Mexico,North America,Technology,Wireless Ergonomic Mouse,9,60.42,0,543.78,12.46,232.24,Credit Card,2025,10,Oct,Q4,42.708448269520765,2.291367832579352,2025-10
ORD-11832,2025-10-07,Giulia Garcia,Corporate,Argentina,South America,Office Supplies,Premium Notebook Set A5,1,9.26,10,8.33,10.71,-6.55,Credit Card,2025,10,Oct,Q4,-78.63145258103242,128.57142857142858,2025-10
ORD-10836,2025-10-09,Jessica Garcia,Consumer,Germany,Europe,Office Supplies,Sticky Notes Multicolor 6-Pack,7,13.9,0,97.3,12.19,41.33,Credit Card,2025,10,Oct,Q4,42.47687564234327,12.528263103802672,2025-10
ORD-10981,2025-10-09,Sophie Leroy,Consumer,Brazil,South America,Technology,Mechanical Gaming Keyboard,1,81.9,10,73.71,10.93,17.73,Credit Card,2025,10,Oct,Q4,24.053724053724057,14.828381495048163,2025-10
ORD-11230,2025-10-09,Liam Rodriguez,Consumer,France,Europe,Furniture,Floating Wall Shelves Set,2,50.77,0,101.54,11.84,28.78,Cash on Delivery,2025,10,Oct,Q4,28.343509946818983,11.660429387433522,2025-10
ORD-11975,2025-10-09,Kenji Moreau,Consumer,Canada,North America,Technology,Laptop Stand Adjustable,6,35.76,5,203.83,16.97,68.85,Bank Transfer,2025,10,Oct,Q4,33.778148457047536,8.325565422165528,2025-10
ORD-10214,2025-10-10,Felix Robinson,Corporate,China,Asia Pacific,Furniture,Filing Cabinet 3-Drawer,3,164.93,10,445.31,16.37,132.07,Cash on Delivery,2025,10,Oct,Q4,29.657991062405962,3.6760908131414074,2025-10
ORD-11024,2025-10-10,Zara Wang,Corporate,India,Asia Pacific,Technology,Tablet Stand Holder,1,31.71,20,25.37,9.88,-1.95,Credit Card,2025,10,Oct,Q4,-7.686243594797004,38.943634213638155,2025-10
ORD-11096,2025-10-10,Felix Smith,Consumer,South Africa,Middle East & Africa,Furniture,Floating Wall Shelves Set,2,70.85,10,127.53,12.8,29.71,Credit Card,2025,10,Oct,Q4,23.296479259782014,10.036854073551321,2025-10
ORD-11285,2025-10-10,Ivan Davis,Consumer,United States,North America,Technology,USB-C Hub Multiport Adapter,1,46.96,10,42.26,7.43,9.0,PayPal,2025,10,Oct,Q4,21.296734500709892,17.58163748225272,2025-10
ORD-10068,2025-10-11,Amir Tanaka,Home Office,China,Asia Pacific,Clothing & Accessories,Leather Belt Classic,3,35.09,15,89.48,15.75,21.09,PayPal,2025,10,Oct,Q4,23.56951274027716,17.60169870362092,2025-10
ORD-10099,2025-10-11,Robert Khan,Consumer,Argentina,South America,Technology,Tablet Stand Holder,1,31.02,15,26.37,11.99,-2.68,Credit Card,2025,10,Oct,Q4,-10.163064087978764,45.46833522942738,2025-10
ORD-10284,2025-10-12,Michael Smith,Corporate,Canada,North America,Clothing & Accessories,Cotton Formal Shirt,2,57.57,5,109.38,7.11,44.7,PayPal,2025,10,Oct,Q4,40.86670323642348,6.500274273176084,2025-10
ORD-10930,2025-10-12,Maria Weber,Consumer,Nigeria,Middle East & Africa,Technology,Laptop Stand Adjustable,4,66.82,0,267.28,19.9,100.38,Credit Card,2025,10,Oct,Q4,37.556120921879675,7.445375636037115,2025-10
ORD-11283,2025-10-13,Li Wang,Corporate,China,Asia Pacific,Clothing & Accessories,Cotton Formal Shirt,3,31.44,0,94.32,11.64,35.52,Cash on Delivery,2025,10,Oct,Q4,37.65903307888041,12.340966921119595,2025-10
ORD-11051,2025-10-14,Jennifer Dubois,Consumer,China,Asia Pacific,Technology,Laptop Stand Adjustable,1,32.7,0,32.7,10.93,3.79,Credit Card,2025,10,Oct,Q4,11.590214067278287,33.425076452599384,2025-10
ORD-11201,2025-10-14,Elizabeth Garcia,Home Office,South Korea,Asia Pacific,Office Supplies,Whiteboard Markers Set 8,1,21.86,20,17.49,11.22,-3.57,Bank Transfer,2025,10,Oct,Q4,-20.411663807890225,64.15094339622642,2025-10
ORD-11266,2025-10-14,Chen Tanaka,Home Office,Japan,Asia Pacific,Office Supplies,Ballpoint Pen Pack 12,1,13.39,5,12.72,9.93,-3.24,PayPal,2025,10,Oct,Q4,-25.471698113207548,78.06603773584905,2025-10
ORD-11360,2025-10-14,Thomas Smith,Home Office,Canada,North America,Clothing & Accessories,Travel Backpack 30L,5,31.44,0,157.2,11.49,67.11,Cash on Delivery,2025,10,Oct,Q4,42.69083969465649,7.309160305343513,2025-10
ORD-11842,2025-10-14,Olivia Anderson,Home Office,Mexico,North America,Office Supplies,Ballpoint Pen Pack 12,4,5.03,5,19.11,12.77,-2.71,Credit Card,2025,10,Oct,Q4,-14.181057038199896,66.82365253793824,2025-10
ORD-10097,2025-10-15,Sarah Kim,Consumer,United Kingdom,Europe,Office Supplies,Desk Calendar 2025,3,7.81,0,23.43,11.85,1.04,PayPal,2025,10,Oct,Q4,4.438753734528382,50.576184379001276,2025-10
ORD-11482,2025-10-16,James Williams,Corporate,Mexico,North America,Furniture,Floating Wall Shelves Set,6,63.63,10,343.6,17.31,97.22,Cash on Delivery,2025,10,Oct,Q4,28.294528521536666,5.037834691501746,2025-10
ORD-11752,2025-10-16,Ahmed Rodriguez,Home Office,South Africa,Middle East & Africa,Furniture,Bookshelf 5-Tier,4,107.74,10,387.86,18.57,110.71,Credit Card,2025,10,Oct,Q4,28.543804465528794,4.787810034548548,2025-10
ORD-10502,2025-10-17,Sarah Johnson,Consumer,United States,North America,Office Supplies,Desk Calendar 2025,4,11.36,0,45.44,11.98,13.01,Credit Card,2025,10,Oct,Q4,28.631161971830988,26.36443661971831,2025-10
ORD-11192,2025-10-17,Giulia Oliveira,Corporate,Italy,Europe,Clothing & Accessories,Silk Tie Collection,2,31.6,15,53.72,10.11,12.01,Credit Card,2025,10,Oct,Q4,22.356664184661206,18.819806403574088,2025-10
ORD-11691,2025-10-17,Christopher Davis,Consumer,Australia,Asia Pacific,Technology,Webcam HD 1080p,4,46.59,5,177.04,18.99,55.55,Cash on Delivery,2025,10,Oct,Q4,31.377089923181202,10.726389516493448,2025-10
ORD-10733,2025-10-18,Mary Martinez,Corporate,United Kingdom,Europe,Technology,Webcam HD 1080p,2,40.18,0,80.36,10.31,25.85,Credit Card,2025,10,Oct,Q4,32.16774514683923,12.82976605276257,2025-10
ORD-10809,2025-10-18,William Rodriguez,Corporate,United States,North America,Technology,Tablet Stand Holder,1,36.62,20,29.3,6.08,3.08,Bank Transfer,2025,10,Oct,Q4,10.511945392491468,20.75085324232082,2025-10
ORD-10125,2025-10-19,Priya Harris,Home Office,United States,North America,Furniture,Floating Wall Shelves Set,5,38.24,10,172.08,9.65,47.71,PayPal,2025,10,Oct,Q4,27.72547652254765,5.607856810785681,2025-10
ORD-10743,2025-10-19,Liam Smith,Consumer,Germany,Europe,Clothing & Accessories,Cotton Formal Shirt,4,59.6,0,238.4,14.78,104.42,Cash on Delivery,2025,10,Oct,Q4,43.8003355704698,6.199664429530201,2025-10
ORD-10175,2025-10-20,Jamal Brown,Corporate,Japan,Asia Pacific,Clothing & Accessories,Wool Blend Scarf,6,40.46,0,242.76,18.34,103.04,Credit Card,2025,10,Oct,Q4,42.445213379469436,7.554786620530566,2025-10
ORD-11232,2025-10-20,Felix Fischer,Corporate,Argentina,South America,Office Supplies,Desk Calendar 2025,1,18.81,20,15.05,11.78,-5.19,Cash on Delivery,2025,10,Oct,Q4,-34.48504983388705,78.27242524916943,2025-10
ORD-10431,2025-10-21,Pierre Wang,Corporate,Spain,Europe,Office Supplies,Whiteboard Markers Set 8,3,7.81,15,19.92,9.35,0.03,Bank Transfer,2025,10,Oct,Q4,0.1506024096385542,46.93775100401606,2025-10
ORD-10729,2025-10-21,Layla Smith,Home Office,Australia,Asia Pacific,Technology,Smart LED Desk Lamp,11,61.28,10,606.67,16.64,219.29,PayPal,2025,10,Oct,Q4,36.14650468953467,2.7428420722963063,2025-10
ORD-11215,2025-10-21,Sophie Martinez,Consumer,United States,North America,Clothing & Accessories,Travel Backpack 30L,11,79.5,0,874.5,14.35,422.9,Credit Card,2025,10,Oct,Q4,48.35906232132647,1.6409376786735277,2025-10
ORD-11197,2025-10-22,Robert Park,Consumer,United States,North America,Furniture,Monitor Riser Wood,11,43.24,5,451.86,28.8,137.68,Credit Card,2025,10,Oct,Q4,30.469614482361795,6.373655557030938,2025-10
ORD-10216,2025-10-23,Jennifer Brown,Home Office,France,Europe,Office Supplies,Binder Clips Assorted 48pc,1,12.72,10,11.45,8.73,-3.0,Credit Card,2025,10,Oct,Q4,-26.200873362445414,76.24454148471617,2025-10
ORD-10731,2025-10-24,Ingrid Jackson,Home Office,China,Asia Pacific,Furniture,Folding Table Portable,8,98.63,5,749.59,25.57,250.6,Credit Card,2025,10,Oct,Q4,33.43160927973959,3.4111981216398295,2025-10
ORD-10251,2025-10-25,Pierre Fischer,Consumer,United Kingdom,Europe,Office Supplies,Tape Dispenser Heavy Duty,4,21.61,10,77.8,9.96,28.94,Bank Transfer,2025,10,Oct,Q4,37.19794344473008,12.802056555269925,2025-10
ORD-11679,2025-10-25,Elizabeth Schmidt,Corporate,Canada,North America,Clothing & Accessories,Business Casual Blazer,2,82.5,15,140.25,8.65,49.1,PayPal,2025,10,Oct,Q4,35.00891265597148,6.167557932263815,2025-10
ORD-10019,2025-10-26,Linda Zhang,Consumer,Canada,North America,Clothing & Accessories,Sports Water Bottle 750ml,10,11.46,0,114.6,13.72,43.58,PayPal,2025,10,Oct,Q4,38.02792321116929,11.972076788830718,2025-10
ORD-11773,2025-10-26,Christopher White,Corporate,Mexico,North America,Clothing & Accessories,Business Casual Blazer,7,147.88,5,983.4,18.01,447.81,PayPal,2025,10,Oct,Q4,45.53691275167785,1.8314012609314625,2025-10
ORD-11593,2025-10-27,Pierre Weber,Consumer,South Korea,Asia Pacific,Technology,Wireless Bluetooth Headphones,1,249.9,10,224.91,10.6,76.86,PayPal,2025,10,Oct,Q4,34.173669467787114,4.712996309634965,2025-10
ORD-11605,2025-10-27,Hans Rossi,Consumer,France,Europe,Technology,Wireless Bluetooth Headphones,8,47.09,10,339.05,20.61,111.24,Bank Transfer,2025,10,Oct,Q4,32.80932015926854,6.0787494469842205,2025-10
ORD-11010,2025-10-28,Robert Russo,Corporate,India,Asia Pacific,Office Supplies,Premium Notebook Set A5,3,14.48,20,34.75,15.11,0.09,Credit Card,2025,10,Oct,Q4,0.2589928057553957,43.48201438848921,2025-10
ORD-11334,2025-10-28,Layla Rodriguez,Consumer,China,Asia Pacific,Furniture,Monitor Riser Wood,5,44.91,20,179.64,11.97,32.94,PayPal,2025,10,Oct,Q4,18.336673346693384,6.663326653306615,2025-10
ORD-11646,2025-10-28,Zara Suzuki,Consumer,South Africa,Middle East & Africa,Office Supplies,Whiteboard Markers Set 8,3,17.76,15,45.29,15.75,5.56,Cash on Delivery,2025,10,Oct,Q4,12.27644071538971,34.77588871715611,2025-10
ORD-11500,2025-10-29,Ali Yamamoto,Consumer,Brazil,South America,Clothing & Accessories,Cotton Formal Shirt,1,40.55,15,34.47,11.54,2.66,PayPal,2025,10,Oct,Q4,7.716855236437483,33.47838700319118,2025-10
ORD-11531,2025-10-30,Wei White,Home Office,France,Europe,Furniture,Ergonomic Office Chair,3,414.09,10,1118.04,13.11,359.57,PayPal,2025,10,Oct,Q4,32.160745590497655,1.1725877428356768,2025-10
ORD-11972,2025-10-30,Emma Miller,Consumer,Spain,Europe,Clothing & Accessories,Travel Backpack 30L,4,90.28,15,306.95,11.43,114.96,Credit Card,2025,10,Oct,Q4,37.45235380355106,3.7237335070858446,2025-10
ORD-10566,2025-10-31,Giulia Harris,Home Office,Italy,Europe,Technology,Wireless Bluetooth Headphones,2,217.52,10,391.54,8.5,143.77,Bank Transfer,2025,10,Oct,Q4,36.71910915870665,2.1709148490575676,2025-10
ORD-11915,2025-10-31,Jamal Rossi,Consumer,United States,North America,Clothing & Accessories,Polarized Sunglasses,4,70.89,0,283.56,8.25,133.53,Cash on Delivery,2025,10,Oct,Q4,47.09056284384257,2.909437156157427,2025-10
ORD-11125,2025-11-01,Sophie Schmidt,Home Office,Colombia,South America,Furniture,Mesh Back Task Chair,2,178.05,0,356.1,11.65,130.79,PayPal,2025,11,Nov,Q4,36.728447065431055,3.2715529345689416,2025-11
ORD-11490,2025-11-01,Wei Jackson,Home Office,United Kingdom,Europe,Furniture,Standing Desk Converter,10,320.82,20,2566.56,27.0,614.64,Bank Transfer,2025,11,Nov,Q4,23.94800822891341,1.0519917710865907,2025-11
ORD-11608,2025-11-01,Isabella Sato,Consumer,Argentina,South America,Clothing & Accessories,Travel Backpack 30L,6,92.98,0,557.88,18.67,260.27,PayPal,2025,11,Nov,Q4,46.65340216534021,3.346597834659784,2025-11
ORD-11119,2025-11-02,Diego Suzuki,Corporate,Mexico,North America,Technology,USB-C Hub Multiport Adapter,2,61.98,15,105.37,7.76,29.43,Bank Transfer,2025,11,Nov,Q4,27.930150896839706,7.364525007117775,2025-11
ORD-11743,2025-11-02,Xiao Jackson,Consumer,Mexico,North America,Office Supplies,Premium Notebook Set A5,2,24.23,0,48.46,7.91,18.74,Cash on Delivery,2025,11,Nov,Q4,38.67106892282294,16.322740404457285,2025-11
ORD-10858,2025-11-03,Hans Sato,Corporate,Spain,Europe,Technology,Wireless Bluetooth Headphones,5,248.6,25,932.25,17.13,231.47,Bank Transfer,2025,11,Nov,Q4,24.829176722982034,1.8374899436846337,2025-11
ORD-11256,2025-11-03,Ivan Sato,Consumer,Spain,Europe,Furniture,Corner L-Shaped Desk,2,297.84,15,506.33,8.55,140.37,Bank Transfer,2025,11,Nov,Q4,27.723026484703656,1.6886220449114215,2025-11
ORD-11940,2025-11-03,Hanna Hassan,Home Office,France,Europe,Technology,Portable External SSD 1TB,6,110.54,10,596.92,21.12,211.02,PayPal,2025,11,Nov,Q4,35.35147088387054,3.538162567848288,2025-11
ORD-11987,2025-11-04,Hanna Ferrari,Consumer,Italy,Europe,Technology,Tablet Stand Holder,1,48.57,15,41.28,8.92,5.65,PayPal,2025,11,Nov,Q4,13.687015503875969,21.608527131782946,2025-11
ORD-11474,2025-11-05,Fatima Smith,Home Office,Australia,Asia Pacific,Office Supplies,Ballpoint Pen Pack 12,7,12.96,0,90.72,22.05,27.85,PayPal,2025,11,Nov,Q4,30.69885361552028,24.305555555555557,2025-11
ORD-10971,2025-11-06,Priya Costa,Corporate,Canada,North America,Furniture,Monitor Riser Wood,1,79.07,0,79.07,7.11,24.52,Credit Card,2025,11,Nov,Q4,31.010497027949917,8.992032376375365,2025-11
ORD-11413,2025-11-06,Mary Rossi,Consumer,South Africa,Middle East & Africa,Technology,Webcam HD 1080p,2,41.12,0,82.24,15.15,21.86,Credit Card,2025,11,Nov,Q4,26.580739299610894,18.42169260700389,2025-11
ORD-11492,2025-11-06,Hans Wang,Corporate,Mexico,North America,Office Supplies,Sticky Notes Multicolor 6-Pack,1,7.84,15,6.66,6.96,-3.83,Credit Card,2025,11,Nov,Q4,-57.507507507507505,104.5045045045045,2025-11
ORD-11741,2025-11-07,William Ali,Home Office,China,Asia Pacific,Furniture,Folding Table Portable,4,102.08,0,408.32,18.68,144.65,Credit Card,2025,11,Nov,Q4,35.425646551724135,4.5748432601880875,2025-11
ORD-10139,2025-11-08,Olivia Leroy,Home Office,China,Asia Pacific,Furniture,Ergonomic Office Chair,1,165.86,5,157.57,10.45,47.6,PayPal,2025,11,Nov,Q4,30.20879609062639,6.6319730913244905,2025-11
ORD-11028,2025-11-08,Ayumi Singh,Consumer,India,Asia Pacific,Clothing & Accessories,Business Casual Blazer,6,129.18,0,775.08,12.89,374.65,Credit Card,2025,11,Nov,Q4,48.33694586365278,1.6630541363472158,2025-11
ORD-11543,2025-11-08,James Rossi,Consumer,France,Europe,Furniture,Monitor Riser Wood,5,72.91,5,346.32,18.06,109.53,Credit Card,2025,11,Nov,Q4,31.62681912681913,5.214830214830215,2025-11
ORD-11674,2025-11-08,Mary Fischer,Consumer,Saudi Arabia,Middle East & Africa,Clothing & Accessories,Cotton Formal Shirt,3,53.65,5,152.9,13.46,58.97,Credit Card,2025,11,Nov,Q4,38.56769130150425,8.80313930673643,2025-11
ORD-11926,2025-11-08,Susan Yamamoto,Home Office,United Kingdom,Europe,Furniture,Mesh Back Task Chair,1,272.64,10,245.38,9.12,72.68,Credit Card,2025,11,Nov,Q4,29.61936588148994,3.7166843263509657,2025-11
ORD-10839,2025-11-09,Olga Robinson,Corporate,China,Asia Pacific,Technology,Wireless Bluetooth Headphones,2,166.68,15,283.36,11.52,88.49,PayPal,2025,11,Nov,Q4,31.228825522303783,4.065499717673631,2025-11
ORD-11556,2025-11-09,Susan Jackson,Corporate,United Kingdom,Europe,Furniture,Standing Desk Converter,3,263.77,5,751.74,8.65,268.3,Bank Transfer,2025,11,Nov,Q4,35.69053130071567,1.1506637933328012,2025-11
ORD-11145,2025-11-10,Marco Sato,Consumer,Germany,Europe,Furniture,Floating Wall Shelves Set,4,78.41,0,313.64,10.24,115.22,Credit Card,2025,11,Nov,Q4,36.73638566509374,3.2648896824384646,2025-11
ORD-11348,2025-11-11,Liam Sharma,Consumer,Colombia,South America,Office Supplies,Highlighters Neon Pack 6,5,6.76,15,28.73,18.0,-4.48,Credit Card,2025,11,Nov,Q4,-15.59345631743822,62.65227984684998,2025-11
ORD-11970,2025-11-11,Sophie Zhang,Consumer,Mexico,North America,Office Supplies,Paper Clips Box 500pc,2,7.54,0,15.08,6.17,2.12,Credit Card,2025,11,Nov,Q4,14.058355437665785,40.91511936339523,2025-11
ORD-10831,2025-11-12,Karen Romano,Consumer,India,Asia Pacific,Office Supplies,Tape Dispenser Heavy Duty,4,21.32,20,68.22,14.03,15.81,PayPal,2025,11,Nov,Q4,23.175021987686897,20.56581647610671,2025-11
ORD-10565,2025-11-13,Thomas Laurent,Home Office,United States,North America,Office Supplies,Tape Dispenser Heavy Duty,4,13.79,0,55.16,14.12,16.22,PayPal,2025,11,Nov,Q4,29.405366207396668,25.598259608411894,2025-11
ORD-10678,2025-11-13,Raj Patel,Corporate,Canada,North America,Office Supplies,Binder Clips Assorted 48pc,2,14.04,15,23.87,7.52,3.71,Cash on Delivery,2025,11,Nov,Q4,15.542521994134898,31.50397989107666,2025-11
ORD-10758,2025-11-14,Jessica Thomas,Corporate,Spain,Europe,Office Supplies,Sticky Notes Multicolor 6-Pack,1,13.54,5,12.86,8.16,-1.39,Credit Card,2025,11,Nov,Q4,-10.808709175738725,63.45256609642303,2025-11
ORD-11787,2025-11-15,Omar Nilsson,Corporate,Canada,North America,Technology,Smart LED Desk Lamp,3,73.82,5,210.39,11.99,76.6,Cash on Delivery,2025,11,Nov,Q4,36.40857455202243,5.698940063691241,2025-11
ORD-10086,2025-11-17,Joseph Zhang,Consumer,France,Europe,Office Supplies,Highlighters Neon Pack 6,9,9.04,0,81.36,25.6,19.15,Cash on Delivery,2025,11,Nov,Q4,23.537364798426744,31.46509341199607,2025-11
ORD-10682,2025-11-17,Clara Fischer,Corporate,Mexico,North America,Office Supplies,Desk Calendar 2025,3,8.0,5,22.8,12.01,-0.01,PayPal,2025,11,Nov,Q4,-0.043859649122807015,52.67543859649123,2025-11
ORD-11102,2025-11-17,William Sato,Corporate,Italy,Europe,Technology,Wireless Ergonomic Mouse,7,41.83,5,278.17,10.79,106.33,PayPal,2025,11,Nov,Q4,38.22482654491857,3.878922960779379,2025-11
ORD-11407,2025-11-17,Emma Thompson,Corporate,Mexico,North America,Office Supplies,Premium Notebook Set A5,3,17.07,30,35.85,12.2,0.61,PayPal,2025,11,Nov,Q4,1.701534170153417,34.03068340306834,2025-11
ORD-10303,2025-11-18,Diego Williams,Consumer,India,Asia Pacific,Technology,Laptop Stand Adjustable,9,34.21,5,292.5,13.63,109.53,Credit Card,2025,11,Nov,Q4,37.44615384615385,4.65982905982906,2025-11
ORD-10773,2025-11-18,Susan Ali,Consumer,South Korea,Asia Pacific,Clothing & Accessories,Canvas Messenger Bag,4,71.05,15,241.57,11.85,87.62,Credit Card,2025,11,Nov,Q4,36.271060148197215,4.905410440038084,2025-11
ORD-10902,2025-11-18,Olga Davis,Corporate,India,Asia Pacific,Furniture,Filing Cabinet 3-Drawer,1,198.02,10,178.22,9.93,49.48,Cash on Delivery,2025,11,Nov,Q4,27.763438446863425,5.571765233980473,2025-11
ORD-11222,2025-11-18,Fatima Fischer,Corporate,Mexico,North America,Furniture,Mesh Back Task Chair,2,280.54,30,392.76,6.47,49.64,Cash on Delivery,2025,11,Nov,Q4,12.63876158468276,1.647316427334759,2025-11
ORD-10062,2025-11-19,Liam Martin,Consumer,Argentina,South America,Clothing & Accessories,Business Casual Blazer,3,112.34,5,320.17,12.63,139.03,Credit Card,2025,11,Nov,Q4,43.42380610300777,3.944779335977762,2025-11
ORD-11274,2025-11-19,Kenji Hassan,Corporate,India,Asia Pacific,Furniture,Filing Cabinet 3-Drawer,2,188.36,0,376.72,13.35,137.34,Bank Transfer,2025,11,Nov,Q4,36.45678488001698,3.5437460182629006,2025-11
ORD-11131,2025-11-20,Xiao Ferrari,Home Office,Mexico,North America,Technology,Tablet Stand Holder,2,23.95,5,45.5,7.35,11.8,Credit Card,2025,11,Nov,Q4,25.934065934065938,16.153846153846153,2025-11
ORD-11367,2025-11-20,Jamal Park,Consumer,UAE,Middle East & Africa,Clothing & Accessories,Leather Wallet Minimalist,2,25.11,5,47.71,12.85,9.75,Bank Transfer,2025,11,Nov,Q4,20.435967302452315,26.933556906308947,2025-11
ORD-11896,2025-11-20,Noah Thomas,Corporate,India,Asia Pacific,Office Supplies,Highlighters Neon Pack 6,2,7.1,10,12.78,10.79,-4.4,PayPal,2025,11,Nov,Q4,-34.42879499217528,84.42879499217527,2025-11
ORD-10749,2025-11-21,Jessica Hassan,Home Office,Argentina,South America,Office Supplies,Tape Dispenser Heavy Duty,7,12.82,5,85.25,25.24,19.63,Bank Transfer,2025,11,Nov,Q4,23.026392961876834,29.60703812316715,2025-11
ORD-10414,2025-11-23,Layla Park,Consumer,Japan,Asia Pacific,Office Supplies,Desk Calendar 2025,1,8.87,5,8.43,11.23,-6.79,Credit Card,2025,11,Nov,Q4,-80.54567022538554,133.214709371293,2025-11
ORD-10921,2025-11-24,Christopher Romano,Consumer,Spain,Europe,Furniture,Folding Table Portable,11,121.0,10,1197.9,25.42,373.88,PayPal,2025,11,Nov,Q4,31.211286417897988,2.1220469154353454,2025-11
ORD-11805,2025-11-24,Joseph Martin,Corporate,South Korea,Asia Pacific,Furniture,Desk Organizer Set,1,24.61,15,20.92,10.08,-3.93,PayPal,2025,11,Nov,Q4,-18.78585086042065,48.18355640535372,2025-11
ORD-10013,2025-11-25,Layla Yamamoto,Home Office,Australia,Asia Pacific,Furniture,Filing Cabinet 3-Drawer,2,118.2,10,212.76,10.92,60.0,Credit Card,2025,11,Nov,Q4,28.20078962210942,5.1325437112239145,2025-11
ORD-10333,2025-11-26,Clara Hassan,Corporate,Germany,Europe,Technology,Laptop Stand Adjustable,3,75.55,15,192.65,11.85,56.14,PayPal,2025,11,Nov,Q4,29.140929146119905,6.151051128990397,2025-11
ORD-11183,2025-11-26,Sarah Nilsson,Corporate,Japan,Asia Pacific,Technology,Wireless Ergonomic Mouse,4,23.57,10,84.85,16.9,16.1,Credit Card,2025,11,Nov,Q4,18.974661166764882,19.91750147318798,2025-11
ORD-11710,2025-11-26,Felix Singh,Consumer,Japan,Asia Pacific,Clothing & Accessories,Business Casual Blazer,1,45.56,0,45.56,11.16,11.62,Credit Card,2025,11,Nov,Q4,25.504828797190516,24.49517120280948,2025-11
ORD-10130,2025-11-27,Thomas Suzuki,Corporate,UAE,Middle East & Africa,Technology,USB-C Hub Multiport Adapter,8,27.29,5,207.4,30.16,57.16,PayPal,2025,11,Nov,Q4,27.5602700096432,14.541947926711668,2025-11
ORD-10593,2025-11-27,Emma Suzuki,Home Office,United Kingdom,Europe,Furniture,Desk Organizer Set,1,38.28,10,34.45,7.59,3.89,Cash on Delivery,2025,11,Nov,Q4,11.291727140783744,22.031930333817122,2025-11
ORD-10060,2025-11-28,Raj Rossi,Consumer,Australia,Asia Pacific,Office Supplies,Paper Clips Box 500pc,3,4.27,10,11.53,13.45,-7.68,Credit Card,2025,11,Nov,Q4,-66.60884648742412,116.65221162185604,2025-11
ORD-10190,2025-11-28,Olga Miller,Consumer,Mexico,North America,Office Supplies,Stapler Full-Size,2,9.87,5,18.75,8.72,1.15,PayPal,2025,11,Nov,Q4,6.133333333333333,46.50666666666667,2025-11
ORD-11163,2025-11-28,Jessica Pereira,Consumer,Argentina,South America,Office Supplies,Highlighters Neon Pack 6,6,10.63,0,63.78,17.67,17.41,Credit Card,2025,11,Nov,Q4,27.296958294136093,27.70460959548448,2025-11
ORD-10933,2025-11-29,Raj White,Home Office,France,Europe,Office Supplies,Whiteboard Markers Set 8,2,13.2,5,25.08,9.67,3.53,Bank Transfer,2025,11,Nov,Q4,14.074960127591707,38.556618819776716,2025-11
ORD-11172,2025-11-29,Kenji Wang,Consumer,China,Asia Pacific,Technology,Tablet Stand Holder,13,31.37,10,367.03,38.63,104.1,Cash on Delivery,2025,11,Nov,Q4,28.362804130452552,10.525025202299542,2025-11
ORD-10957,2025-11-30,Omar Ali,Corporate,Spain,Europe,Furniture,Monitor Riser Wood,1,66.79,10,60.11,8.82,11.22,PayPal,2025,11,Nov,Q4,18.665779404425223,14.673099317917151,2025-11
ORD-11123,2025-12-01,Emma Laurent,Consumer,South Korea,Asia Pacific,Office Supplies,Stapler Full-Size,1,17.12,15,14.55,10.37,-3.52,Credit Card,2025,12,Dec,Q4,-24.192439862542955,71.27147766323023,2025-12
ORD-11889,2025-12-01,Mary Yamamoto,Consumer,China,Asia Pacific,Furniture,Ergonomic Office Chair,12,189.49,15,1932.8,34.81,533.66,Credit Card,2025,12,Dec,Q4,27.610720198675498,1.8010140728476822,2025-12
ORD-10472,2025-12-02,Joseph Chen,Consumer,United States,North America,Clothing & Accessories,Business Casual Blazer,10,72.25,5,686.38,12.64,312.49,Credit Card,2025,12,Dec,Q4,45.527258952766694,1.8415454995774936,2025-12
ORD-11151,2025-12-02,James Khan,Home Office,United States,North America,Office Supplies,Ballpoint Pen Pack 12,3,12.71,10,34.32,9.81,7.35,Bank Transfer,2025,12,Dec,Q4,21.416083916083913,28.583916083916083,2025-12
ORD-11843,2025-12-02,Xiao Romano,Corporate,India,Asia Pacific,Furniture,Desk Organizer Set,4,34.17,10,123.01,18.86,22.14,PayPal,2025,12,Dec,Q4,17.99853670433298,15.332086822209575,2025-12
ORD-11927,2025-12-02,Pierre Suzuki,Corporate,Colombia,South America,Office Supplies,Desk Calendar 2025,2,12.44,10,22.39,11.74,-0.55,PayPal,2025,12,Dec,Q4,-2.456453774006253,52.43412237606074,2025-12
ORD-11648,2025-12-03,Lucas Clark,Home Office,South Africa,Middle East & Africa,Furniture,Floating Wall Shelves Set,1,41.13,5,39.07,13.01,1.38,PayPal,2025,12,Dec,Q4,3.5321218326081394,33.29920655234195,2025-12
ORD-10518,2025-12-04,Sarah Harris,Consumer,Japan,Asia Pacific,Office Supplies,Stapler Full-Size,8,19.35,0,154.8,27.15,57.99,Credit Card,2025,12,Dec,Q4,37.46124031007752,17.53875968992248,2025-12
ORD-11251,2025-12-04,Joseph Fischer,Corporate,United States,North America,Clothing & Accessories,Wool Blend Scarf,2,41.19,0,82.38,9.35,31.84,Credit Card,2025,12,Dec,Q4,38.65015780529255,11.349842194707453,2025-12
ORD-10327,2025-12-06,Oscar Martin,Consumer,Japan,Asia Pacific,Technology,Wireless Bluetooth Headphones,1,121.88,15,103.6,10.32,26.25,Credit Card,2025,12,Dec,Q4,25.33783783783784,9.961389961389962,2025-12
ORD-10572,2025-12-06,Oscar Davis,Consumer,Japan,Asia Pacific,Technology,Webcam HD 1080p,2,48.3,0,96.6,10.11,33.36,Credit Card,2025,12,Dec,Q4,34.53416149068323,10.46583850931677,2025-12
ORD-10864,2025-12-06,Olga Robinson,Corporate,South Africa,Middle East & Africa,Furniture,Desk Organizer Set,1,40.37,5,38.35,12.87,1.26,Bank Transfer,2025,12,Dec,Q4,3.285528031290743,33.559322033898304,2025-12
ORD-11604,2025-12-06,Mary Jackson,Consumer,Mexico,North America,Office Supplies,Desk Calendar 2025,1,9.95,10,8.96,5.73,-1.25,PayPal,2025,12,Dec,Q4,-13.950892857142854,63.95089285714286,2025-12
ORD-11933,2025-12-06,Maria Martin,Consumer,China,Asia Pacific,Clothing & Accessories,Sports Water Bottle 750ml,3,26.38,10,71.23,16.45,15.21,PayPal,2025,12,Dec,Q4,21.353362347325564,23.094201881229818,2025-12
ORD-10276,2025-12-07,Susan Weber,Consumer,Canada,North America,Clothing & Accessories,Wool Blend Scarf,2,46.65,0,93.3,7.99,38.66,Credit Card,2025,12,Dec,Q4,41.43622722400857,8.563772775991426,2025-12
ORD-10353,2025-12-07,Lucas Sato,Consumer,United Kingdom,Europe,Clothing & Accessories,Leather Belt Classic,3,28.76,0,86.28,14.03,29.11,Cash on Delivery,2025,12,Dec,Q4,33.738989337042185,16.261010662957812,2025-12
ORD-11374,2025-12-07,Robert Martinez,Consumer,Canada,North America,Technology,Wireless Bluetooth Headphones,4,128.26,20,410.43,9.52,118.74,Cash on Delivery,2025,12,Dec,Q4,28.930633725604853,2.3195185537119607,2025-12
ORD-11779,2025-12-07,Richard Martinez,Home Office,South Korea,Asia Pacific,Office Supplies,Ballpoint Pen Pack 12,1,11.64,15,9.89,10.8,-6.15,PayPal,2025,12,Dec,Q4,-62.1840242669363,109.20121334681497,2025-12
ORD-10352,2025-12-08,Chen Patel,Corporate,Nigeria,Middle East & Africa,Office Supplies,Tape Dispenser Heavy Duty,2,13.26,10,23.87,15.22,-3.28,PayPal,2025,12,Dec,Q4,-13.741097612065353,63.7620444072057,2025-12
ORD-11596,2025-12-08,Richard Romano,Corporate,Nigeria,Middle East & Africa,Furniture,Desk Organizer Set,4,56.46,0,225.84,20.67,69.67,Credit Card,2025,12,Dec,Q4,30.849273822174993,9.15249734325186,2025-12
ORD-10173,2025-12-09,Olga Nilsson,Home Office,United States,North America,Technology,Mechanical Gaming Keyboard,2,130.57,5,248.08,9.18,95.27,Credit Card,2025,12,Dec,Q4,38.40293453724605,3.700419219606578,2025-12
ORD-10272,2025-12-09,Jennifer Clark,Home Office,Spain,Europe,Furniture,Bookshelf 5-Tier,7,107.98,5,718.07,13.14,251.41,Cash on Delivery,2025,12,Dec,Q4,35.01190691715292,1.8299051624493432,2025-12
ORD-10888,2025-12-09,Ahmed Dubois,Consumer,Spain,Europe,Technology,Tablet Stand Holder,1,45.07,5,42.82,9.42,8.61,Cash on Delivery,2025,12,Dec,Q4,20.107426436244744,21.999065857076133,2025-12
ORD-11404,2025-12-10,Karen Garcia,Corporate,South Africa,Middle East & Africa,Technology,Portable External SSD 1TB,1,87.05,25,65.29,12.28,5.13,Credit Card,2025,12,Dec,Q4,7.857252259151477,18.80839332210139,2025-12
ORD-11693,2025-12-10,Carlos Rodriguez,Corporate,Brazil,South America,Furniture,Bookshelf 5-Tier,3,194.57,0,583.71,13.8,219.68,Credit Card,2025,12,Dec,Q4,37.63512703225917,2.364187695944904,2025-12
ORD-10922,2025-12-11,Mia Tanaka,Home Office,Germany,Europe,Furniture,Corner L-Shaped Desk,1,416.05,20,332.84,8.18,75.03,Credit Card,2025,12,Dec,Q4,22.542362696791255,2.4576373032087493,2025-12
ORD-10963,2025-12-11,Ava Laurent,Corporate,Mexico,North America,Technology,Noise Cancelling Earbuds,1,98.02,25,73.52,6.56,13.05,Credit Card,2025,12,Dec,Q4,17.75027203482046,8.922742110990207,2025-12
ORD-10155,2025-12-12,Li Kim,Consumer,Japan,Asia Pacific,Furniture,Desk Organizer Set,3,18.51,0,55.53,13.79,8.42,PayPal,2025,12,Dec,Q4,15.162974968485504,24.833423374752385,2025-12
ORD-11255,2025-12-14,Amina Smith,Consumer,Mexico,North America,Office Supplies,Whiteboard Markers Set 8,7,12.44,20,69.66,16.3,14.17,Cash on Delivery,2025,12,Dec,Q4,20.341659488946313,23.399368360608673,2025-12
ORD-10096,2025-12-15,Olga Davis,Consumer,Australia,Asia Pacific,Office Supplies,Premium Notebook Set A5,12,11.75,0,141.0,19.91,57.64,Cash on Delivery,2025,12,Dec,Q4,40.87943262411348,14.120567375886525,2025-12
ORD-10760,2025-12-15,Marco Taylor,Consumer,South Africa,Middle East & Africa,Furniture,Filing Cabinet 3-Drawer,3,242.14,15,617.46,15.04,166.57,Bank Transfer,2025,12,Dec,Q4,26.976646260486508,2.435785314028439,2025-12
ORD-11898,2025-12-15,Xiao Johansson,Home Office,Mexico,North America,Office Supplies,Sticky Notes Multicolor 6-Pack,1,9.32,0,9.32,6.23,-1.1,Cash on Delivery,2025,12,Dec,Q4,-11.80257510729614,66.84549356223177,2025-12
ORD-10723,2025-12-16,Hanna Martinez,Corporate,Germany,Europe,Office Supplies,Paper Clips Box 500pc,4,6.29,10,22.64,14.16,-2.84,Credit Card,2025,12,Dec,Q4,-12.54416961130742,62.544169611307424,2025-12
ORD-10943,2025-12-16,Noah Jones,Consumer,Australia,Asia Pacific,Office Supplies,Binder Clips Assorted 48pc,2,14.78,0,29.56,12.49,3.77,Credit Card,2025,12,Dec,Q4,12.753721244925575,42.25304465493911,2025-12
ORD-11342,2025-12-16,Nadia Nilsson,Corporate,South Korea,Asia Pacific,Furniture,Bookshelf 5-Tier,5,183.87,10,827.42,14.56,261.25,Cash on Delivery,2025,12,Dec,Q4,31.5740494549322,1.7596867370863651,2025-12
ORD-10142,2025-12-17,Ingrid Li,Consumer,Spain,Europe,Technology,Tablet Stand Holder,1,52.93,0,52.93,8.13,15.69,Credit Card,2025,12,Dec,Q4,29.64292461741923,15.359909314188553,2025-12
ORD-10186,2025-12-17,Sophie Khan,Consumer,Nigeria,Middle East & Africa,Technology,Noise Cancelling Earbuds,5,68.79,0,343.95,20.77,134.01,Cash on Delivery,2025,12,Dec,Q4,38.96205843872656,6.038668411106266,2025-12
ORD-11009,2025-12-18,Kenji Johnson,Home Office,United States,North America,Technology,USB-C Hub Multiport Adapter,10,26.45,0,264.5,23.7,95.32,PayPal,2025,12,Dec,Q4,36.03780718336484,8.96030245746692,2025-12
ORD-11254,2025-12-19,Barbara Williams,Corporate,Canada,North America,Clothing & Accessories,Cotton Formal Shirt,3,54.8,10,147.96,10.13,55.63,Bank Transfer,2025,12,Dec,Q4,37.59799945931333,6.846444985131117,2025-12
ORD-11692,2025-12-19,Ingrid Suzuki,Consumer,Italy,Europe,Furniture,Folding Table Portable,2,46.63,5,88.6,11.27,21.37,Cash on Delivery,2025,12,Dec,Q4,24.119638826185106,12.720090293453726,2025-12
ORD-10268,2025-12-21,Elizabeth Fischer,Home Office,Italy,Europe,Technology,Wireless Bluetooth Headphones,1,223.52,20,178.82,8.19,47.69,Cash on Delivery,2025,12,Dec,Q4,26.669276367296725,4.580024605748798,2025-12
ORD-11168,2025-12-21,Pierre Robinson,Consumer,Mexico,North America,Clothing & Accessories,Leather Wallet Minimalist,1,63.87,20,51.1,6.15,13.02,PayPal,2025,12,Dec,Q4,25.47945205479452,12.03522504892368,2025-12
ORD-10378,2025-12-22,Ingrid Zhang,Corporate,Japan,Asia Pacific,Technology,Noise Cancelling Earbuds,2,130.39,15,221.66,10.61,67.62,PayPal,2025,12,Dec,Q4,30.506180637011642,4.78661012361274,2025-12
ORD-11034,2025-12-22,Ali Jackson,Consumer,Saudi Arabia,Middle East & Africa,Technology,Portable External SSD 1TB,1,85.33,0,85.33,12.49,25.91,Cash on Delivery,2025,12,Dec,Q4,30.36446736200633,14.637290519160906,2025-12
ORD-10077,2025-12-23,Carlos Thomas,Consumer,France,Europe,Furniture,Monitor Riser Wood,2,70.68,15,120.16,9.93,25.41,Bank Transfer,2025,12,Dec,Q4,21.146804260985352,8.263981358189081,2025-12
ORD-10938,2025-12-23,Kenji Harris,Consumer,France,Europe,Clothing & Accessories,Business Casual Blazer,5,55.45,15,235.66,16.49,80.55,Bank Transfer,2025,12,Dec,Q4,34.1805991682933,6.997369091063396,2025-12
ORD-11286,2025-12-23,Robert Sato,Consumer,Canada,North America,Office Supplies,Ballpoint Pen Pack 12,2,9.45,15,16.06,9.31,-1.76,PayPal,2025,12,Dec,Q4,-10.958904109589042,57.97011207970113,2025-12
ORD-11409,2025-12-24,Chen Taylor,Home Office,India,Asia Pacific,Technology,Mechanical Gaming Keyboard,1,83.9,15,71.31,11.12,14.04,Credit Card,2025,12,Dec,Q4,19.688683214135462,15.59388585051185,2025-12
ORD-11612,2025-12-24,Xiao Davis,Consumer,Nigeria,Middle East & Africa,Clothing & Accessories,Silk Tie Collection,4,30.28,0,121.12,16.89,43.67,Credit Card,2025,12,Dec,Q4,36.055151915455745,13.944848084544253,2025-12
ORD-10577,2025-12-25,Yuki Kim,Consumer,UAE,Middle East & Africa,Technology,Wireless Bluetooth Headphones,1,101.37,15,86.16,13.18,17.23,PayPal,2025,12,Dec,Q4,19.997678737233056,15.29712163416899,2025-12
ORD-11570,2025-12-25,Isabella Thomas,Home Office,South Korea,Asia Pacific,Clothing & Accessories,Travel Backpack 30L,5,88.14,10,396.63,15.38,160.9,PayPal,2025,12,Dec,Q4,40.56677508004942,3.8776693643950284,2025-12
ORD-10592,2025-12-27,Priya Thomas,Home Office,Mexico,North America,Office Supplies,Tape Dispenser Heavy Duty,1,23.01,5,21.86,6.85,4.66,PayPal,2025,12,Dec,Q4,21.31747483989021,31.335773101555354,2025-12
ORD-10419,2025-12-28,Ayumi Russo,Consumer,Germany,Europe,Technology,Wireless Ergonomic Mouse,1,48.39,15,41.13,8.9,5.62,Credit Card,2025,12,Dec,Q4,13.663992219790908,21.638706540238267,2025-12
ORD-10766,2025-12-28,Xiao Robinson,Consumer,Brazil,South America,Clothing & Accessories,Business Casual Blazer,1,77.11,5,73.25,12.16,22.54,PayPal,2025,12,Dec,Q4,30.77133105802048,16.600682593856657,2025-12
ORD-10372,2025-12-29,Maria Leroy,Consumer,Germany,Europe,Clothing & Accessories,Leather Wallet Minimalist,7,61.68,10,388.58,24.46,148.24,Bank Transfer,2025,12,Dec,Q4,38.14915847444542,6.294714087189254,2025-12
ORD-10675,2025-12-29,Sophie Clark,Consumer,Argentina,South America,Furniture,Folding Table Portable,2,84.14,20,134.62,14.99,18.66,PayPal,2025,12,Dec,Q4,13.861239043232803,11.135046798395482,2025-12
ORD-10188,2025-12-30,Elizabeth Müller,Home Office,Italy,Europe,Furniture,Mesh Back Task Chair,5,204.17,5,969.81,18.46,338.84,PayPal,2025,12,Dec,Q4,34.938802445839904,1.9034656272878197,2025-12
ORD-11353,2025-12-30,Hanna Leroy,Consumer,Australia,Asia Pacific,Office Supplies,Stapler Full-Size,1,15.08,10,13.57,11.07,-4.29,PayPal,2025,12,Dec,Q4,-31.613854089904198,81.57700810611644,2025-12
ORD-11814,2025-12-30,Jennifer Oliveira,Consumer,India,Asia Pacific,Furniture,Filing Cabinet 3-Drawer,1,177.9,10,160.11,10.23,43.14,PayPal,2025,12,Dec,Q4,26.943976016488662,6.38935731684467,2025-12
ORD-10823,2025-12-31,Linda Nilsson,Consumer,France,Europe,Furniture,Folding Table Portable,5,104.73,0,523.65,19.1,190.36,PayPal,2025,12,Dec,Q4,36.352525541869575,3.6474744581304313,2025-12
ORD-10896,2025-12-31,Ayumi Dubois,Consumer,France,Europe,Clothing & Accessories,Cotton Formal Shirt,11,59.27,5,619.37,20.94,272.44,PayPal,2025,12,Dec,Q4,43.98663157724785,3.3808547394933566,2025-12
ORD-11148,2025-12-31,Barbara Jones,Consumer,Spain,Europe,Technology,Webcam HD 1080p,6,31.79,15,162.13,15.19,42.03,Bank Transfer,2025,12,Dec,Q4,25.923641522235247,9.369024856596559,2025-12
ORD-11519,2025-12-31,Maria Suzuki,Home Office,Spain,Europe,Clothing & Accessories,Sports Water Bottle 750ml,5,9.5,5,45.12,14.25,7.12,Credit Card,2025,12,Dec,Q4,15.780141843971633,31.58244680851064,2025-12
ORD-11701,2025-12-31,Susan Russo,Home Office,South Korea,Asia Pacific,Clothing & Accessories,Sports Water Bottle 750ml,11,28.27,0,310.97,36.23,119.26,Credit Card,2025,12,Dec,Q4,38.350966331157345,11.650641540984658,2025-12
